sip_uuid,bucket,am_status,package_type,size_bytes,current_location,current_path,title
0c80a9fa-5082-4ca9-92a6-4aed79090902,A,UPLOADED,AIP,21243578,/api/v2/location/11a1c5ca-cb7e-448e-9ece-57f671e94057/,0c80/a9fa/5082/4ca9/92a6/4aed/7909/0902/test_b2-0c80a9fa-5082-4ca9-92a6-4aed79090902.7z,
7cbb5f61-da18-4d7c-8044-191fdf824880,B,UPLOADED,AIP,713307,/api/v2/location/11a1c5ca-cb7e-448e-9ece-57f671e94057/,7cbb/5f61/da18/4d7c/8044/191f/df82/4880/a5efb5d1-0484-429c-95a5-15c12ff40ca0_B002.01.0098.0012.00004_transfer-7cbb5f61-da18-4d7c-8044-191fdf824880.7z,"Letter from JCRS to Mr. A.D. Achtenberg., 1906 October 30"
2fecd7ed-90ad-4ba9-8650-c48a1a7763be,B,UPLOADED,AIP,1550057,/api/v2/location/11a1c5ca-cb7e-448e-9ece-57f671e94057/,2fec/d7ed/90ad/4ba9/8650/c48a/1a77/63be/a5efb5d1-0484-429c-95a5-15c12ff40ca0_B002.01.0098.0013.00002_transfer-2fecd7ed-90ad-4ba9-8650-c48a1a7763be.7z,"Sam Rothchild's application to JCRS, 1904 August 13"
9959d679-caed-45b6-8cc6-e67a5974e096,B,UPLOADED,AIP,569068,/api/v2/location/11a1c5ca-cb7e-448e-9ece-57f671e94057/,9959/d679/caed/45b6/8cc6/e67a/5974/e096/a5efb5d1-0484-429c-95a5-15c12ff40ca0_B002.01.0098.0029.00018_transfer-9959d679-caed-45b6-8cc6-e67a5974e096.7z,"Letter from Mrs. Leikind to JCRS, 1907 January 7"
844478c8-c87b-44b6-8eb7-24488c15769c,B,UPLOADED,AIP,1029363,/api/v2/location/11a1c5ca-cb7e-448e-9ece-57f671e94057/,8444/78c8/c87b/44b6/8eb7/2448/8c15/769c/a5efb5d1-0484-429c-95a5-15c12ff40ca0_B002.01.0098.0037.00009_transfer-844478c8-c87b-44b6-8eb7-24488c15769c.7z,Letter from Hebrew Ladies Aid Society to JCRS
19c67d3e-76db-4691-b2d6-c48a6a6301a3,B,UPLOADED,AIP,1437547,/api/v2/location/11a1c5ca-cb7e-448e-9ece-57f671e94057/,19c6/7d3e/76db/4691/b2d6/c48a/6a63/01a3/a5efb5d1-0484-429c-95a5-15c12ff40ca0_B002.01.0098.0016.00001_transfer-19c67d3e-76db-4691-b2d6-c48a6a6301a3.7z,"Letter from J. Weintraub to Dr. Spivak, 1906 October 27"
d956d6bb-4ed3-4837-bbdc-90a436f0024f,B,UPLOADED,AIP,26181525,/api/v2/location/11a1c5ca-cb7e-448e-9ece-57f671e94057/,d956/d6bb/4ed3/4837/bbdc/90a4/36f0/024f/a5efb5d1-0484-429c-95a5-15c12ff40ca0_B002.05.0206.00002.00034_transfer-d956d6bb-4ed3-4837-bbdc-90a436f0024f.7z,"Sanatorium, Volume 11, Number 3 (July, August, September 1917), 1917"
6feca700-00e7-4fae-8709-2b50b19a6247,B,UPLOADED,AIP,409850938,/api/v2/location/11a1c5ca-cb7e-448e-9ece-57f671e94057/,6fec/a700/00e7/4fae/8709/2b50/b19a/6247/a5efb5d1-0484-429c-95a5-15c12ff40ca0_B002.05.0206.00001.00027_transfer-6feca700-00e7-4fae-8709-2b50b19a6247.7z,"Sanatorium, Volume 18, Number 4 (October, November, December 1924), 1924"
36701659-bc8f-4772-a896-f8feebfa4030,B,UPLOADED,AIP,618246,/api/v2/location/11a1c5ca-cb7e-448e-9ece-57f671e94057/,3670/1659/bc8f/4772/a896/f8fe/ebfa/4030/a5efb5d1-0484-429c-95a5-15c12ff40ca0_B002.01.0098.0010.00010_transfer-36701659-bc8f-4772-a896-f8feebfa4030.7z,"Yiddish Letter from William Weinberger to Dr Spivak, 1907 March 17"
a562bb05-a6dc-4233-901a-9c3d8292ea4a,B,UPLOADED,AIP,201073912,/api/v2/location/11a1c5ca-cb7e-448e-9ece-57f671e94057/,a562/bb05/a6dc/4233/901a/9c3d/8292/ea4a/a5efb5d1-0484-429c-95a5-15c12ff40ca0_B002.05.0206.00001.00002_transfer-a562bb05-a6dc-4233-901a-9c3d8292ea4a.7z,"Sanatorium, Volume 12, Number 2 (March-April 1918), 1918"
e7638bfe-1047-4d68-89be-bd28ecaae117,B,UPLOADED,AIP,699290,/api/v2/location/11a1c5ca-cb7e-448e-9ece-57f671e94057/,e763/8bfe/1047/4d68/89be/bd28/ecaa/e117/a5efb5d1-0484-429c-95a5-15c12ff40ca0_B002.01.0098.0037.00001_transfer-e7638bfe-1047-4d68-89be-bd28ecaae117.7z,"Letter from Mr. Philip Rascower to JCRS, 1906 December 3"
fd738b5b-9aca-4329-87bb-6cf0731dd192,B,UPLOADED,AIP,1179685,/api/v2/location/11a1c5ca-cb7e-448e-9ece-57f671e94057/,fd73/8b5b/9aca/4329/87bb/6cf0/731d/d192/a5efb5d1-0484-429c-95a5-15c12ff40ca0_B002.01.0098.0025.00018_transfer-fd738b5b-9aca-4329-87bb-6cf0731dd192.7z,"Letter from JCRS to Hebrew Ladies Relief Association, 1907 March 9"
738d86c9-836d-4a4e-83c6-8592ad2761a6,B,UPLOADED,AIP,632427,/api/v2/location/11a1c5ca-cb7e-448e-9ece-57f671e94057/,738d/86c9/836d/4a4e/83c6/8592/ad27/61a6/a5efb5d1-0484-429c-95a5-15c12ff40ca0_B002.01.0098.0038.00013_transfer-738d86c9-836d-4a4e-83c6-8592ad2761a6.7z,Letter from Esther A. Ryerson to C.D. Spivak
4048f29a-b915-4a4e-9cb1-47a7ac6e7188,B,UPLOADED,AIP,1714402,/api/v2/location/11a1c5ca-cb7e-448e-9ece-57f671e94057/,4048/f29a/b915/4a4e/9cb1/47a7/ac6e/7188/a5efb5d1-0484-429c-95a5-15c12ff40ca0_B002.01.0098.0002.00021_transfer-4048f29a-b915-4a4e-9cb1-47a7ac6e7188.7z,"Letter from JCRS to Miss Sill, 1909 September 22"
00509704-bdaa-4a6b-a6b0-4f6007b1b2fe,B,UPLOADED,AIP,1523822,/api/v2/location/11a1c5ca-cb7e-448e-9ece-57f671e94057/,0050/9704/bdaa/4a6b/a6b0/4f60/07b1/b2fe/a5efb5d1-0484-429c-95a5-15c12ff40ca0_B002.01.0098.0014.00002_transfer-00509704-bdaa-4a6b-a6b0-4f6007b1b2fe.7z,"Mrs. Sarah Chavin's application to JCRS, 1906 October 27"
8777ddf1-ab8c-41d1-b330-1de21c4c641e,B,UPLOADED,AIP,442897,/api/v2/location/11a1c5ca-cb7e-448e-9ece-57f671e94057/,8777/ddf1/ab8c/41d1/b330/1de2/1c4c/641e/a5efb5d1-0484-429c-95a5-15c12ff40ca0_B002.01.0098.0039.00004_transfer-8777ddf1-ab8c-41d1-b330-1de21c4c641e.7z,"Letter from JCRS to Mr. Sam Robinson, 1906 December 20"
2f1c7f43-d92b-4cfe-95c3-26a929c0e34d,B,UPLOADED,AIP,229606093,/api/v2/location/11a1c5ca-cb7e-448e-9ece-57f671e94057/,2f1c/7f43/d92b/4cfe/95c3/26a9/29c0/e34d/a5efb5d1-0484-429c-95a5-15c12ff40ca0_B002.05.0206.00002.00016_transfer-2f1c7f43-d92b-4cfe-95c3-26a929c0e34d.7z,"Sanatorium, Volume 7, Number 1 (Jan.-Feb. 1913), 1913"
32e8ec73-d36c-447f-9c00-75b344e2f0a9,B,UPLOADED,AIP,757427,/api/v2/location/11a1c5ca-cb7e-448e-9ece-57f671e94057/,32e8/ec73/d36c/447f/9c00/75b3/44e2/f0a9/a5efb5d1-0484-429c-95a5-15c12ff40ca0_B002.01.0098.0011.00012_transfer-32e8ec73-d36c-447f-9c00-75b344e2f0a9.7z,"Letter from JCRS to Mr. Julius Ginewsky, Sec'y Share Thora Lodge #219, 1907 March 18"
cc32dbe7-ef9d-4684-944e-d3778be16d1d,B,UPLOADED,AIP,535265,/api/v2/location/11a1c5ca-cb7e-448e-9ece-57f671e94057/,cc32/dbe7/ef9d/4684/944e/d377/8be1/6d1d/a5efb5d1-0484-429c-95a5-15c12ff40ca0_B002.01.0098.0014.00007_transfer-cc32dbe7-ef9d-4684-944e-d3778be16d1d.7z,"Letter from JCRS to Mr. J. S. Shalett, 1906 November 5"
589f9fb3-6bea-493c-b836-7f067a167248,B,UPLOADED,AIP,699677,/api/v2/location/11a1c5ca-cb7e-448e-9ece-57f671e94057/,589f/9fb3/6bea/493c/b836/7f06/7a16/7248/a5efb5d1-0484-429c-95a5-15c12ff40ca0_B002.01.0098.0018.00001_transfer-589f9fb3-6bea-493c-b836-7f067a167248.7z,"Blank application for Aaron Shapiro, 1912 June 5"
e171d16a-ca6c-4b39-a0fc-c28b29da0003,B,UPLOADED,AIP,305766,/api/v2/location/11a1c5ca-cb7e-448e-9ece-57f671e94057/,e171/d16a/ca6c/4b39/a0fc/c28b/29da/0003/a5efb5d1-0484-429c-95a5-15c12ff40ca0_B002.01.0098.0002.00002_transfer-e171d16a-ca6c-4b39-a0fc-c28b29da0003.7z,"Letter from H. Strasburg to JCRS, 1906 September 9"
0801f653-7d20-490d-9aa0-9d31785ce662,B,UPLOADED,AIP,729887,/api/v2/location/11a1c5ca-cb7e-448e-9ece-57f671e94057/,0801/f653/7d20/490d/9aa0/9d31/785c/e662/a5efb5d1-0484-429c-95a5-15c12ff40ca0_B002.01.0098.0003.00008_transfer-0801f653-7d20-490d-9aa0-9d31785ce662.7z,"Letter from JCRS to Mr. Isaac Jaffe, 1906 November 1"
ec490ad6-7a04-4c56-9c8d-fb7eeed987c2,B,UPLOADED,AIP,394526,/api/v2/location/11a1c5ca-cb7e-448e-9ece-57f671e94057/,ec49/0ad6/7a04/4c56/9c8d/fb7e/eed9/87c2/a5efb5d1-0484-429c-95a5-15c12ff40ca0_B002.01.0098.0010.00016_transfer-ec490ad6-7a04-4c56-9c8d-fb7eeed987c2.7z,"Letter from JCRS to Mr. William Weinberger, 1907 July 23"
4b4aca7e-b4d9-482a-9a32-a325d0f4fe2e,B,UPLOADED,AIP,509689,/api/v2/location/11a1c5ca-cb7e-448e-9ece-57f671e94057/,4b4a/ca7e/b4d9/482a/9a32/a325/d0f4/fe2e/a5efb5d1-0484-429c-95a5-15c12ff40ca0_B002.01.0098.0040.00012_transfer-4b4aca7e-b4d9-482a-9a32-a325d0f4fe2e.7z,"Letter from JCRS to Henry Cohen, 1907 December 16"
da4f6004-fc7a-446b-968a-4445b58531ed,B,UPLOADED,AIP,710063,/api/v2/location/11a1c5ca-cb7e-448e-9ece-57f671e94057/,da4f/6004/fc7a/446b/968a/4445/b585/31ed/a5efb5d1-0484-429c-95a5-15c12ff40ca0_B002.01.0098.0003.00010_transfer-da4f6004-fc7a-446b-968a-4445b58531ed.7z,"Letter from JCRS to Mr. Sam Kraviotz [Krawitz], 1907 December 31"
d990e5b6-00db-4dd1-8094-869991d29503,B,UPLOADED,AIP,393920,/api/v2/location/11a1c5ca-cb7e-448e-9ece-57f671e94057/,d990/e5b6/00db/4dd1/8094/8699/91d2/9503/a5efb5d1-0484-429c-95a5-15c12ff40ca0_B002.01.0098.0021.00014_transfer-d990e5b6-00db-4dd1-8094-869991d29503.7z,"Telegram from Mr. J Blum to Dr. Spivak, 1907 May 27"
0a5fd35a-1fc0-403c-b82c-86a59b2b2142,B,UPLOADED,AIP,676443,/api/v2/location/11a1c5ca-cb7e-448e-9ece-57f671e94057/,0a5f/d35a/1fc0/403c/b82c/86a5/9b2b/2142/a5efb5d1-0484-429c-95a5-15c12ff40ca0_B002.01.0098.0016.00011_transfer-0a5fd35a-1fc0-403c-b82c-86a59b2b2142.7z,"Letter from M.R. Smirnow to Dr. Spivak, 1907 April 25"
a97511d3-ceff-41d9-9d55-5cd2a82b4238,B,UPLOADED,AIP,661127,/api/v2/location/11a1c5ca-cb7e-448e-9ece-57f671e94057/,a975/11d3/ceff/41d9/9d55/5cd2/a82b/4238/a5efb5d1-0484-429c-95a5-15c12ff40ca0_B002.01.0098.0002.00004_transfer-a97511d3-ceff-41d9-9d55-5cd2a82b4238.7z,"Note from Dr Spivak to [illegible], 1906 October 18"
809826a7-1977-4af1-bf7a-538b6b0ee4de,B,UPLOADED,AIP,592284,/api/v2/location/11a1c5ca-cb7e-448e-9ece-57f671e94057/,8098/26a7/1977/4af1/bf7a/538b/6b0e/e4de/a5efb5d1-0484-429c-95a5-15c12ff40ca0_B002.01.0098.0019.00003_transfer-809826a7-1977-4af1-bf7a-538b6b0ee4de.7z,"Letter from JCRS to Dr M.R. Smirnow, 1906 November 14"
d21acc31-3b37-4ad6-a4e6-08efdd9a6370,B,UPLOADED,AIP,697756,/api/v2/location/11a1c5ca-cb7e-448e-9ece-57f671e94057/,d21a/cc31/3b37/4ad6/a4e6/08ef/dd9a/6370/a5efb5d1-0484-429c-95a5-15c12ff40ca0_B002.01.0098.0020.00006_transfer-d21acc31-3b37-4ad6-a4e6-08efdd9a6370.7z,"Letter from JCRS to Dr. Bren, 1907 August 10"
9444b8c2-f829-4d7c-87ec-89bec8386a04,B,UPLOADED,AIP,675644,/api/v2/location/11a1c5ca-cb7e-448e-9ece-57f671e94057/,9444/b8c2/f829/4d7c/87ec/89be/c838/6a04/a5efb5d1-0484-429c-95a5-15c12ff40ca0_B002.01.0098.0034.00013_transfer-9444b8c2-f829-4d7c-87ec-89bec8386a04.7z,"Letter from JCRS to Mr. Leo Edelstein, 1907 May 9"
04c75d20-232e-4c83-9b73-ffd3589589b5,B,UPLOADED,AIP,190202850,/api/v2/location/11a1c5ca-cb7e-448e-9ece-57f671e94057/,04c7/5d20/232e/4c83/9b73/ffd3/5895/89b5/a5efb5d1-0484-429c-95a5-15c12ff40ca0_B002.05.0206.00002.00013_transfer-04c75d20-232e-4c83-9b73-ffd3589589b5.7z,"Sanatorium, Volume 6, Number 3 (May-June 1912), 1912"
2bf7bfc3-8680-4383-80e8-a2ee2b5eb5a3,B,UPLOADED,AIP,1753362,/api/v2/location/11a1c5ca-cb7e-448e-9ece-57f671e94057/,2bf7/bfc3/8680/4383/80e8/a2ee/2b5e/b5a3/a5efb5d1-0484-429c-95a5-15c12ff40ca0_B002.01.0098.0002.00020_transfer-2bf7bfc3-8680-4383-80e8-a2ee2b5eb5a3.7z,"Letter from JCRS to R. Sill, 1909 September 22"
31fd59b3-994b-43a2-b62c-3d57201712a4,B,UPLOADED,AIP,103369382,/api/v2/location/11a1c5ca-cb7e-448e-9ece-57f671e94057/,31fd/59b3/994b/43a2/b62c/3d57/2017/12a4/a5efb5d1-0484-429c-95a5-15c12ff40ca0_B002.05.0206.00001.00010_transfer-31fd59b3-994b-43a2-b62c-3d57201712a4.7z,"Sanatorium, Volume 14, Number 3 (July, August, September 1920), 1920"
bce637b1-a5a1-4eb3-92e7-5ccc1cc233b1,B,UPLOADED,AIP,471877,/api/v2/location/11a1c5ca-cb7e-448e-9ece-57f671e94057/,bce6/37b1/a5a1/4eb3/92e7/5ccc/1cc2/33b1/a5efb5d1-0484-429c-95a5-15c12ff40ca0_B002.01.0098.0002.00008_transfer-bce637b1-a5a1-4eb3-92e7-5ccc1cc233b1.7z,"Letter from JCRS to Mr Harris Strasburg, 1906 October 22"
4648c8ce-5216-4095-b1d7-2107ea4930ca,B,UPLOADED,AIP,213089316,/api/v2/location/11a1c5ca-cb7e-448e-9ece-57f671e94057/,4648/c8ce/5216/4095/b1d7/2107/ea49/30ca/a5efb5d1-0484-429c-95a5-15c12ff40ca0_B002.05.0206.00002.00009_transfer-4648c8ce-5216-4095-b1d7-2107ea4930ca.7z,"Sanatorium, Volume 5, Numbers 3 & 4 (May-August 1911), 1911"
db019741-4405-4335-a4e1-332edbbf890f,B,UPLOADED,AIP,2019648,/api/v2/location/11a1c5ca-cb7e-448e-9ece-57f671e94057/,db01/9741/4405/4335/a4e1/332e/dbbf/890f/a5efb5d1-0484-429c-95a5-15c12ff40ca0_B002.01.0098.0002.00010_transfer-db019741-4405-4335-a4e1-332edbbf890f.7z,"Letter from JCRS to Mr H. J. Pearlman, 1906 October 30"
4a854c10-e02c-400c-9c78-3073224d7873,B,UPLOADED,AIP,200403960,/api/v2/location/11a1c5ca-cb7e-448e-9ece-57f671e94057/,4a85/4c10/e02c/400c/9c78/3073/224d/7873/a5efb5d1-0484-429c-95a5-15c12ff40ca0_B002.05.0206.00002.00008_transfer-4a854c10-e02c-400c-9c78-3073224d7873.7z,"Sanatorium, Volume 5, Number 2 (March-April, 1911), 1911"
254adbc8-7d33-46e2-a928-d2685fac9c8c,B,UPLOADED,AIP,687272,/api/v2/location/11a1c5ca-cb7e-448e-9ece-57f671e94057/,254a/dbc8/7d33/46e2/a928/d268/5fac/9c8c/a5efb5d1-0484-429c-95a5-15c12ff40ca0_B002.01.0098.0020.00003_transfer-254adbc8-7d33-46e2-a928-d2685fac9c8c.7z,"Letter from JCRS to Mr. Barnett Schnitzer, 1906 December 8"
ba98ae14-9fa2-479b-b655-e54b0d4fd427,B,UPLOADED,AIP,155073939,/api/v2/location/11a1c5ca-cb7e-448e-9ece-57f671e94057/,ba98/ae14/9fa2/479b/b655/e54b/0d4f/d427/a5efb5d1-0484-429c-95a5-15c12ff40ca0_B002.05.0206.00001.00040_transfer-ba98ae14-9fa2-479b-b655-e54b0d4fd427.7z,"Sanatorium, Volume 23, Number 1 (January 1-July 1, 1928), 1928"
31216482-0fc6-415a-9bf8-0a654c77e872,B,UPLOADED,AIP,104156185,/api/v2/location/11a1c5ca-cb7e-448e-9ece-57f671e94057/,3121/6482/0fc6/415a/9bf8/0a65/4c77/e872/a5efb5d1-0484-429c-95a5-15c12ff40ca0_B002.05.0206.00001.00004_transfer-31216482-0fc6-415a-9bf8-0a654c77e872.7z,"Sanatorium, Volume 12, Number 4 (September-October 1918), 1918"
1f7576ce-84b3-4c51-bfa2-0b061a10001d,B,UPLOADED,AIP,638576,/api/v2/location/11a1c5ca-cb7e-448e-9ece-57f671e94057/,1f75/76ce/84b3/4c51/bfa2/0b06/1a10/001d/a5efb5d1-0484-429c-95a5-15c12ff40ca0_B002.01.0098.0026.00005_transfer-1f7576ce-84b3-4c51-bfa2-0b061a10001d.7z,"Letter from JCRS to Dr. M.R. Smirnow, 1906 December 3"
3a56048e-ca8a-45b7-9dac-4037336466b7,B,UPLOADED,AIP,634485,/api/v2/location/11a1c5ca-cb7e-448e-9ece-57f671e94057/,3a56/048e/ca8a/45b7/9dac/4037/3364/66b7/a5efb5d1-0484-429c-95a5-15c12ff40ca0_B002.01.0098.0015.00017_transfer-3a56048e-ca8a-45b7-9dac-4037336466b7.7z,"Letter from JCRS to Dr. Esther A. Ryerson, 1907 July 31"
910c1a8e-1ec8-4772-97a2-15d964d74d8e,B,UPLOADED,AIP,343792,/api/v2/location/11a1c5ca-cb7e-448e-9ece-57f671e94057/,910c/1a8e/1ec8/4772/97a2/15d9/64d7/4d8e/a5efb5d1-0484-429c-95a5-15c12ff40ca0_B002.01.0098.0001.00007_transfer-910c1a8e-1ec8-4772-97a2-15d964d74d8e.7z,"Receipt of Sara Silverman's belongings, 1906 December 14"
e6a2bde9-95a5-4fe2-8716-a21af1cd09b9,B,UPLOADED,AIP,1292247,/api/v2/location/11a1c5ca-cb7e-448e-9ece-57f671e94057/,e6a2/bde9/95a5/4fe2/8716/a21a/f1cd/09b9/a5efb5d1-0484-429c-95a5-15c12ff40ca0_B002.01.0098.0015.00003_transfer-e6a2bde9-95a5-4fe2-8716-a21af1cd09b9.7z,"Letter from JCRS to Mrs. Roisner, 1906 October 13"
7abdfe80-48cb-4c89-a6e2-1ef25ca5e33f,B,UPLOADED,AIP,1402290,/api/v2/location/11a1c5ca-cb7e-448e-9ece-57f671e94057/,7abd/fe80/48cb/4c89/a6e2/1ef2/5ca5/e33f/a5efb5d1-0484-429c-95a5-15c12ff40ca0_B002.01.0098.0038.00002_transfer-7abdfe80-48cb-4c89-a6e2-1ef25ca5e33f.7z,"Application for Harry Johnson to JCRS, 1906 December 15"
4752ab47-bef0-4348-8c7b-65176ac75816,B,UPLOADED,AIP,661253,/api/v2/location/11a1c5ca-cb7e-448e-9ece-57f671e94057/,4752/ab47/bef0/4348/8c7b/6517/6ac7/5816/a5efb5d1-0484-429c-95a5-15c12ff40ca0_B002.01.0098.0002.00007_transfer-4752ab47-bef0-4348-8c7b-65176ac75816.7z,"Letter of Invitation, 1906 October 18"
8bcbfd5e-3468-4b18-99ab-8b85296936aa,B,UPLOADED,AIP,212116484,/api/v2/location/11a1c5ca-cb7e-448e-9ece-57f671e94057/,8bcb/fd5e/3468/4b18/99ab/8b85/2969/36aa/a5efb5d1-0484-429c-95a5-15c12ff40ca0_B002.05.0206.00001.00016_transfer-8bcbfd5e-3468-4b18-99ab-8b85296936aa.7z,"Sanatorium, Volume 16, Number 1 (January, February, March 1922), 1922"
279ff40c-f358-4431-b489-f0723d1cc6f8,B,UPLOADED,AIP,781848,/api/v2/location/11a1c5ca-cb7e-448e-9ece-57f671e94057/,279f/f40c/f358/4431/b489/f072/3d1c/c6f8/a5efb5d1-0484-429c-95a5-15c12ff40ca0_B002.01.0098.0013.00003_transfer-279ff40c-f358-4431-b489-f0723d1cc6f8.7z,"Letter from JCRS to Mr. Sam Rothchild, 1904 October 26"
abecc440-1144-4b09-9ee7-20d5f6824ac3,B,UPLOADED,AIP,623780,/api/v2/location/11a1c5ca-cb7e-448e-9ece-57f671e94057/,abec/c440/1144/4b09/9ee7/20d5/f682/4ac3/a5efb5d1-0484-429c-95a5-15c12ff40ca0_B002.01.0098.0005.00006_transfer-abecc440-1144-4b09-9ee7-20d5f6824ac3.7z,"Letter from Max Ratner to Dr. Spivak, 1906 November 12"
32db5b6c-d741-474a-ba77-c7f2272a2da5,B,UPLOADED,AIP,697841,/api/v2/location/11a1c5ca-cb7e-448e-9ece-57f671e94057/,32db/5b6c/d741/474a/ba77/c7f2/272a/2da5/a5efb5d1-0484-429c-95a5-15c12ff40ca0_B002.01.0098.0021.00024_transfer-32db5b6c-d741-474a-ba77-c7f2272a2da5.7z,"Letter from JCRS to Mrs. Lena Siegle, 1907 August 1"
8c31913f-fb06-4ce6-9dce-33298b83da08,B,UPLOADED,AIP,451245,/api/v2/location/11a1c5ca-cb7e-448e-9ece-57f671e94057/,8c31/913f/fb06/4ce6/9dce/3329/8b83/da08/a5efb5d1-0484-429c-95a5-15c12ff40ca0_B002.01.0098.0015.00002_transfer-8c31913f-fb06-4ce6-9dce-33298b83da08.7z,"Letter from Dr. Marcus Tessler to JCRS, 1906 September 24"
a9038532-a576-4bb2-ab8b-604554f5aade,B,UPLOADED,AIP,654659,/api/v2/location/11a1c5ca-cb7e-448e-9ece-57f671e94057/,a903/8532/a576/4bb2/ab8b/6045/54f5/aade/a5efb5d1-0484-429c-95a5-15c12ff40ca0_B002.01.0098.0033.00013_transfer-a9038532-a576-4bb2-ab8b-604554f5aade.7z,"Letter from JCRS to Mrs. N. Weingart, 1907 March 1"
e435a877-7ea3-4108-a1ae-66110ad3a468,B,UPLOADED,AIP,203980536,/api/v2/location/11a1c5ca-cb7e-448e-9ece-57f671e94057/,e435/a877/7ea3/4108/a1ae/6611/0ad3/a468/a5efb5d1-0484-429c-95a5-15c12ff40ca0_B002.05.0206.00002.00004_transfer-e435a877-7ea3-4108-a1ae-66110ad3a468.7z,"Sanatorium, Volume 4, Number 1 (January-February, 1910), 1910"
a337822c-c435-437a-9303-e0a0a31c0349,B,UPLOADED,AIP,577715,/api/v2/location/11a1c5ca-cb7e-448e-9ece-57f671e94057/,a337/822c/c435/437a/9303/e0a0/a31c/0349/a5efb5d1-0484-429c-95a5-15c12ff40ca0_B002.01.0098.0010.00005_transfer-a337822c-c435-437a-9303-e0a0a31c0349.7z,"Letter from JCRS to Mr. Leonard Leisersohn, 1907 February 19"
571020c1-f24a-4233-b972-34550537d2cb,B,UPLOADED,AIP,807524507,/api/v2/location/11a1c5ca-cb7e-448e-9ece-57f671e94057/,5710/20c1/f24a/4233/b972/3455/0537/d2cb/a5efb5d1-0484-429c-95a5-15c12ff40ca0_B002.05.0206.00002.00010_transfer-571020c1-f24a-4233-b972-34550537d2cb.7z,"Sanatorium, Volume 5, Numbers 5 & 6 (September-December 1911), 1911"
8c1d7801-1008-42b7-b8ad-30656892331e,B,UPLOADED,AIP,114004,/api/v2/location/11a1c5ca-cb7e-448e-9ece-57f671e94057/,8c1d/7801/1008/42b7/b8ad/3065/6892/331e/a5efb5d1-0484-429c-95a5-15c12ff40ca0_B002.01.0098.0011.00013_transfer-8c1d7801-1008-42b7-b8ad-30656892331e.7z,"Visiting Card from Rev. Sam Baskin, between 1906-and 1907"
3a799bf1-6349-4f72-b988-0ec7a6725028,B,UPLOADED,AIP,436595,/api/v2/location/11a1c5ca-cb7e-448e-9ece-57f671e94057/,3a79/9bf1/6349/4f72/b988/0ec7/a672/5028/a5efb5d1-0484-429c-95a5-15c12ff40ca0_B002.01.0098.0029.00013_transfer-3a799bf1-6349-4f72-b988-0ec7a6725028.7z,"Telegram from Leikind to JCRS, 1906 December 17"
232be2d4-72ea-46e9-a964-b612954f7b2c,B,UPLOADED,AIP,603932,/api/v2/location/11a1c5ca-cb7e-448e-9ece-57f671e94057/,232b/e2d4/72ea/46e9/a964/b612/954f/7b2c/a5efb5d1-0484-429c-95a5-15c12ff40ca0_B002.01.0098.0009.00008_transfer-232be2d4-72ea-46e9-a964-b612954f7b2c.7z,"Letter from Mrs. Bieler to Dr. Spivak, 1907 February 25"
65ac0b24-2117-4fd2-bce6-c1e9c364396a,B,UPLOADED,AIP,1423877,/api/v2/location/11a1c5ca-cb7e-448e-9ece-57f671e94057/,65ac/0b24/2117/4fd2/bce6/c1e9/c364/396a/a5efb5d1-0484-429c-95a5-15c12ff40ca0_B002.01.0098.0040.00002_transfer-65ac0b24-2117-4fd2-bce6-c1e9c364396a.7z,"Application from Mrs. Rosie Sever to JCRS, 1906 December 24"
aa064248-fe16-48ed-8fcc-926b8b07946c,B,UPLOADED,AIP,394711,/api/v2/location/11a1c5ca-cb7e-448e-9ece-57f671e94057/,aa06/4248/fe16/48ed/8fcc/926b/8b07/946c/a5efb5d1-0484-429c-95a5-15c12ff40ca0_B002.01.0098.0016.00012_transfer-aa064248-fe16-48ed-8fcc-926b8b07946c.7z,"Telegram from Mr. Holmstock to JCRS, 1907 May 8"
b25dc81b-c13a-4fa3-903d-c828ad598570,B,UPLOADED,AIP,471601,/api/v2/location/11a1c5ca-cb7e-448e-9ece-57f671e94057/,b25d/c81b/c13a/4fa3/903d/c828/ad59/8570/a5efb5d1-0484-429c-95a5-15c12ff40ca0_B002.01.0098.0039.00009_transfer-b25dc81b-c13a-4fa3-903d-c828ad598570.7z,"Letter from C.D. Spivak to Esther Ryerson, 1907 July 29"
dd895abb-c0f9-4414-9b5d-740117011583,B,UPLOADED,AIP,1350884,/api/v2/location/11a1c5ca-cb7e-448e-9ece-57f671e94057/,dd89/5abb/c0f9/4414/9b5d/7401/1701/1583/a5efb5d1-0484-429c-95a5-15c12ff40ca0_B002.01.0098.0012.00001_transfer-dd895abb-c0f9-4414-9b5d-740117011583.7z,"Letter from A D Achtenberg to Dr. P Hillkowitz, 1906 October 16"
a90956f6-e5df-4b2d-8cab-f2ccde05e009,B,UPLOADED,AIP,209354273,/api/v2/location/11a1c5ca-cb7e-448e-9ece-57f671e94057/,a909/56f6/e5df/4b2d/8cab/f2cc/de05/e009/a5efb5d1-0484-429c-95a5-15c12ff40ca0_B002.05.0206.00002.00021_transfer-a90956f6-e5df-4b2d-8cab-f2ccde05e009.7z,"Sanatorium, Volume 8, Number 1 (January-April 1914), 1914"
bfcc8360-9e74-46ac-afd0-a9cb4095124f,B,UPLOADED,AIP,499698,/api/v2/location/11a1c5ca-cb7e-448e-9ece-57f671e94057/,bfcc/8360/9e74/46ac/afd0/a9cb/4095/124f/a5efb5d1-0484-429c-95a5-15c12ff40ca0_B002.01.0098.0011.00009_transfer-bfcc8360-9e74-46ac-afd0-a9cb4095124f.7z,"Letter from JCRS to Mr. Benjamin Battock, 1906 December 11"
bf34a9d1-4b84-4ffd-831d-dc2d4a153399,B,UPLOADED,AIP,789359,/api/v2/location/11a1c5ca-cb7e-448e-9ece-57f671e94057/,bf34/a9d1/4b84/4ffd/831d/dc2d/4a15/3399/a5efb5d1-0484-429c-95a5-15c12ff40ca0_B002.01.0098.0001.00001_transfer-bf34a9d1-4b84-4ffd-831d-dc2d4a153399.7z,"Letter to JCRS, 1906 August 25"
c08963a5-1d26-4080-9bc2-38efa98f30a8,B,UPLOADED,AIP,1454094,/api/v2/location/11a1c5ca-cb7e-448e-9ece-57f671e94057/,c089/63a5/1d26/4080/9bc2/38ef/a98f/30a8/a5efb5d1-0484-429c-95a5-15c12ff40ca0_B002.01.0098.0021.00003_transfer-c08963a5-1d26-4080-9bc2-38efa98f30a8.7z,"Max Siegle's application to JCRS, 1906 November 7"
b3148501-fa1a-404b-bb0d-21f4b30b45e1,B,UPLOADED,AIP,540733,/api/v2/location/11a1c5ca-cb7e-448e-9ece-57f671e94057/,b314/8501/fa1a/404b/bb0d/21f4/b30b/45e1/a5efb5d1-0484-429c-95a5-15c12ff40ca0_B002.01.0098.0010.00008_transfer-b3148501-fa1a-404b-bb0d-21f4b30b45e1.7z,"Letter from JCRS to Mrs Esther Weinberger, 1907 March 14"
bff1641a-bb20-4ec5-92d3-b94f79414856,B,UPLOADED,AIP,196449596,/api/v2/location/11a1c5ca-cb7e-448e-9ece-57f671e94057/,bff1/641a/bb20/4ec5/92d3/b94f/7941/4856/a5efb5d1-0484-429c-95a5-15c12ff40ca0_B002.05.0206.00002.00018_transfer-bff1641a-bb20-4ec5-92d3-b94f79414856.7z,"Sanatorium, Volume 7, Number 3 (May-June 1913), 1913"
82c63ac1-16dd-4936-ac92-89b7725a6131,B,UPLOADED,AIP,501840,/api/v2/location/11a1c5ca-cb7e-448e-9ece-57f671e94057/,82c6/3ac1/16dd/4936/ac92/89b7/725a/6131/a5efb5d1-0484-429c-95a5-15c12ff40ca0_B002.01.0098.0016.00004_transfer-82c63ac1-16dd-4936-ac92-89b7725a6131.7z,"Letter from JCRS to Mr J. Weintraub, 1906 November 8"
93f89732-9e6b-4bb9-b314-937b5c48e29b,B,UPLOADED,AIP,652769,/api/v2/location/11a1c5ca-cb7e-448e-9ece-57f671e94057/,93f8/9732/9e6b/4bb9/b314/937b/5c48/e29b/a5efb5d1-0484-429c-95a5-15c12ff40ca0_B002.01.0098.0024.00002_transfer-93f89732-9e6b-4bb9-b314-937b5c48e29b.7z,"Letter from JCRS to Mr. Abe Shanker, 1906 December 14"
7230f96d-354e-4ecf-bfcd-51ef18975313,B,UPLOADED,AIP,585591,/api/v2/location/11a1c5ca-cb7e-448e-9ece-57f671e94057/,7230/f96d/354e/4ecf/bfcd/51ef/1897/5313/a5efb5d1-0484-429c-95a5-15c12ff40ca0_B002.01.0098.0012.00003_transfer-7230f96d-354e-4ecf-bfcd-51ef18975313.7z,"Letter from A.D. Atchtenberg to Dr. P Hillkowitx [Hillkowitz], 1906 October 27"
4f3972b9-dab7-4464-8aed-3aee6fdc0a3e,B,UPLOADED,AIP,1311187,/api/v2/location/11a1c5ca-cb7e-448e-9ece-57f671e94057/,4f39/72b9/dab7/4464/8aed/3aee/6fdc/0a3e/a5efb5d1-0484-429c-95a5-15c12ff40ca0_B002.01.0098.0037.00006_transfer-4f3972b9-dab7-4464-8aed-3aee6fdc0a3e.7z,"Application from Bessie Cohen to JCRS, 1906 December 12"
39e98e0d-8d1c-4599-9dd3-4a39387edb79,B,UPLOADED,AIP,794485,/api/v2/location/11a1c5ca-cb7e-448e-9ece-57f671e94057/,39e9/8e0d/8d1c/4599/9dd3/4a39/387e/db79/a5efb5d1-0484-429c-95a5-15c12ff40ca0_B002.01.0098.0029.00008_transfer-39e98e0d-8d1c-4599-9dd3-4a39387edb79.7z,"Letter from JCRS to Mrs. David Leikind, 1906 December 6"
ee8b8919-baf0-4983-bfac-c3a791bd706c,B,UPLOADED,AIP,650446,/api/v2/location/11a1c5ca-cb7e-448e-9ece-57f671e94057/,ee8b/8919/baf0/4983/bfac/c3a7/91bd/706c/a5efb5d1-0484-429c-95a5-15c12ff40ca0_B002.01.0098.0026.00006_transfer-ee8b8919-baf0-4983-bfac-c3a791bd706c.7z,"Letter from JCRS to Mrs. L. Bruch, 1907 June 5"
db6d413e-0ab3-4d1a-8ab2-c1a814af2b9b,B,UPLOADED,AIP,99074624,/api/v2/location/11a1c5ca-cb7e-448e-9ece-57f671e94057/,db6d/413e/0ab3/4d1a/8ab2/c1a8/14af/2b9b/a5efb5d1-0484-429c-95a5-15c12ff40ca0_B002.05.0206.00001.00014_transfer-db6d413e-0ab3-4d1a-8ab2-c1a814af2b9b.7z,"Sanatorium, Volume 15, Number 3 (July, August, September 1921), 1921"
5279b3b4-8ab7-4426-b13f-6c8ee201d462,B,UPLOADED,AIP,484279,/api/v2/location/11a1c5ca-cb7e-448e-9ece-57f671e94057/,5279/b3b4/8ab7/4426/b13f/6c8e/e201/d462/a5efb5d1-0484-429c-95a5-15c12ff40ca0_B002.01.0098.0013.00005_transfer-5279b3b4-8ab7-4426-b13f-6c8ee201d462.7z,"Letter from JCRS to Mr. Sam Rothchild, 1905 June 5"
c071554e-b36e-4f2f-ac5c-3d3d23817c61,B,UPLOADED,AIP,1431360,/api/v2/location/11a1c5ca-cb7e-448e-9ece-57f671e94057/,c071/554e/b36e/4f2f/ac5c/3d3d/2381/7c61/a5efb5d1-0484-429c-95a5-15c12ff40ca0_B002.01.0098.0025.00002_transfer-c071554e-b36e-4f2f-ac5c-3d3d23817c61.7z,"Letter from Mrs. Hebrew Ladies Relief Association to JCRS, 1906 November 8"
cd29adeb-113e-4ed4-a17a-e40d14f27b97,B,UPLOADED,AIP,1517767,/api/v2/location/11a1c5ca-cb7e-448e-9ece-57f671e94057/,cd29/adeb/113e/4ed4/a17a/e40d/14f2/7b97/a5efb5d1-0484-429c-95a5-15c12ff40ca0_B002.01.0098.0030.00001_transfer-cd29adeb-113e-4ed4-a17a-e40d14f27b97.7z,"Application of Mendel Zabyezshinsky to JCRS, 1906 November 21"
f2abb375-760f-4f4f-b07c-f1b4e342a62e,B,UPLOADED,AIP,1928627,/api/v2/location/11a1c5ca-cb7e-448e-9ece-57f671e94057/,f2ab/b375/760f/4f4f/b07c/f1b4/e342/a62e/a5efb5d1-0484-429c-95a5-15c12ff40ca0_B002.01.0098.0002.00012_transfer-f2abb375-760f-4f4f-b07c-f1b4e342a62e.7z,"Letter from J. B. Fish to JCRS, 1908 February 8"
43410946-6e0d-4ec0-9383-5ddf6000da40,B,UPLOADED,AIP,343560,/api/v2/location/11a1c5ca-cb7e-448e-9ece-57f671e94057/,4341/0946/6e0d/4ec0/9383/5ddf/6000/da40/a5efb5d1-0484-429c-95a5-15c12ff40ca0_B002.01.0098.0025.00014_transfer-43410946-6e0d-4ec0-9383-5ddf6000da40.7z,"Letter in Yiddish to the JCRS, 2907 February 23"
bcfe741d-50bf-4ea6-ac67-deb81f3b22e0,B,UPLOADED,AIP,645624,/api/v2/location/11a1c5ca-cb7e-448e-9ece-57f671e94057/,bcfe/741d/50bf/4ea6/ac67/deb8/1f3b/22e0/a5efb5d1-0484-429c-95a5-15c12ff40ca0_B002.01.0098.0024.00006_transfer-bcfe741d-50bf-4ea6-ac67-deb81f3b22e0.7z,"Memo from M.A. Saly to JCRS, 1907 January 29"
5449a0d6-a455-46a9-9464-3ca4ade8718d,B,UPLOADED,AIP,528191,/api/v2/location/11a1c5ca-cb7e-448e-9ece-57f671e94057/,5449/a0d6/a455/46a9/9464/3ca4/ade8/718d/a5efb5d1-0484-429c-95a5-15c12ff40ca0_B002.01.0098.0015.00016_transfer-5449a0d6-a455-46a9-9464-3ca4ade8718d.7z,"Letter from JCRS to Mr. Jacob Gleeman, 1907 July 13"
cfab2f67-31fc-4a28-b33e-8d80af21c1ca,B,UPLOADED,AIP,1370323,/api/v2/location/11a1c5ca-cb7e-448e-9ece-57f671e94057/,cfab/2f67/31fc/4a28/b33e/8d80/af21/c1ca/a5efb5d1-0484-429c-95a5-15c12ff40ca0_B002.01.0098.0003.00014_transfer-cfab2f67-31fc-4a28-b33e-8d80af21c1ca.7z,"Letter from JCRS to Mr. B Thomashefsky, 1908 January 17"
d9840176-2b46-4dc7-87f7-0e52d0aef441,B,UPLOADED,AIP,627526,/api/v2/location/11a1c5ca-cb7e-448e-9ece-57f671e94057/,d984/0176/2b46/4dc7/87f7/0e52/d0ae/f441/a5efb5d1-0484-429c-95a5-15c12ff40ca0_B002.01.0098.0013.00007_transfer-d9840176-2b46-4dc7-87f7-0e52d0aef441.7z,"Letter from JCRS to Mr. S. Milling, 1910 February 23"
a341f542-a76d-47e6-a8d8-b6fdd5be1eb1,B,UPLOADED,AIP,1273290,/api/v2/location/11a1c5ca-cb7e-448e-9ece-57f671e94057/,a341/f542/a76d/47e6/a8d8/b6fd/d5be/1eb1/a5efb5d1-0484-429c-95a5-15c12ff40ca0_B002.01.0098.0002.00025_transfer-a341f542-a76d-47e6-a8d8-b6fdd5be1eb1.7z,"Letter from H. Schwatt to Dr Spivak, 1913 January 6"
846a896a-be5b-46a3-97a8-11601c3e399d,B,UPLOADED,AIP,638307,/api/v2/location/11a1c5ca-cb7e-448e-9ece-57f671e94057/,846a/896a/be5b/46a3/97a8/1160/1c3e/399d/a5efb5d1-0484-429c-95a5-15c12ff40ca0_B002.01.0098.0037.00002_transfer-846a896a-be5b-46a3-97a8-11601c3e399d.7z,"Letter from Rabbi Congregation Aaron to JCRS, 1906 December 3"
b4f8774c-bf78-4e62-bc21-8d3d6bdcc88c,B,UPLOADED,AIP,1139089,/api/v2/location/11a1c5ca-cb7e-448e-9ece-57f671e94057/,b4f8/774c/bf78/4e62/bc21/8d3d/6bdc/c88c/a5efb5d1-0484-429c-95a5-15c12ff40ca0_B002.01.0098.0038.00005_transfer-b4f8774c-bf78-4e62-bc21-8d3d6bdcc88c.7z,"Letter from JCRS to Hartford Ladies Consumptives' Relief Society, 1906 December 18"
4bc79fb8-c437-4e05-8318-1d14dc7c8631,B,UPLOADED,AIP,1928901,/api/v2/location/11a1c5ca-cb7e-448e-9ece-57f671e94057/,4bc7/9fb8/c437/4e05/8318/1d14/dc7c/8631/a5efb5d1-0484-429c-95a5-15c12ff40ca0_B002.01.0098.0002.00019_transfer-4bc79fb8-c437-4e05-8318-1d14dc7c8631.7z,"Letter from Mr. S. J. Blumberg to JCRS, 1909 September 10"
ca7113c6-4415-4436-8b0a-7ad9b9953362,B,UPLOADED,AIP,632542,/api/v2/location/11a1c5ca-cb7e-448e-9ece-57f671e94057/,ca71/13c6/4415/4436/8b0a/7ad9/b995/3362/a5efb5d1-0484-429c-95a5-15c12ff40ca0_B002.01.0098.0012.00006_transfer-ca7113c6-4415-4436-8b0a-7ad9b9953362.7z,"Letter from JCRS to Mr. J. Rosenthal, 1906 November 20"
fd3a3c2e-0d3e-45da-bdcc-3ce06e2f5556,B,UPLOADED,AIP,750091,/api/v2/location/11a1c5ca-cb7e-448e-9ece-57f671e94057/,fd3a/3c2e/0d3e/45da/bdcc/3ce0/6e2f/5556/a5efb5d1-0484-429c-95a5-15c12ff40ca0_B002.01.0098.0009.00012_transfer-fd3a3c2e-0d3e-45da-bdcc-3ce06e2f5556.7z,"Letter from JCRS to Mr. Max Bieler, 1907 August 21"
40361a2e-9785-411f-b6df-5cfc9b962dce,B,UPLOADED,AIP,662387,/api/v2/location/11a1c5ca-cb7e-448e-9ece-57f671e94057/,4036/1a2e/9785/411f/b6df/5cfc/9b96/2dce/a5efb5d1-0484-429c-95a5-15c12ff40ca0_B002.01.0098.0003.00006_transfer-40361a2e-9785-411f-b6df-5cfc9b962dce.7z,"Letter from JCRS to Mr. B Thomashefsky, 1906 October 23"
cd456714-09d5-4de6-bd08-e5f154f91afe,B,UPLOADED,AIP,409917933,/api/v2/location/11a1c5ca-cb7e-448e-9ece-57f671e94057/,cd45/6714/09d5/4de6/bd08/e5f1/54f9/1afe/a5efb5d1-0484-429c-95a5-15c12ff40ca0_B002.05.0206.00001.00025_transfer-cd456714-09d5-4de6-bd08-e5f154f91afe.7z,"Sanatorium, Volume 18, Number 2 (April, May, June 1924), 1924"
b338afe2-8080-40ed-afe9-e0f811936a92,B,UPLOADED,AIP,725671,/api/v2/location/11a1c5ca-cb7e-448e-9ece-57f671e94057/,b338/afe2/8080/40ed/afe9/e0f8/1193/6a92/a5efb5d1-0484-429c-95a5-15c12ff40ca0_B002.01.0098.0004.00012_transfer-b338afe2-8080-40ed-afe9-e0f811936a92.7z,"Letter from JCRS to Mr. J. Samowitz, 1907 April 29"
9c4abc07-56f1-4ff9-b32f-455c1b8323aa,B,UPLOADED,AIP,628471,/api/v2/location/11a1c5ca-cb7e-448e-9ece-57f671e94057/,9c4a/bc07/56f1/4ff9/b32f/455c/1b83/23aa/a5efb5d1-0484-429c-95a5-15c12ff40ca0_B002.01.0098.0009.00004_transfer-9c4abc07-56f1-4ff9-b32f-455c1b8323aa.7z,"Letter from JCRS to Mr. Jacob Schoen, 1906 December 24"
5c4a64f0-f1c1-46f5-8e40-e087d9dce6fd,B,UPLOADED,AIP,683061,/api/v2/location/11a1c5ca-cb7e-448e-9ece-57f671e94057/,5c4a/64f0/f1c1/46f5/8e40/e087/d9dc/e6fd/a5efb5d1-0484-429c-95a5-15c12ff40ca0_B002.01.0098.0020.00004_transfer-5c4a64f0-f1c1-46f5-8e40-e087d9dce6fd.7z,"Letter from JCRS to Mr. H. Snitzer [Schnitzer], 1906 December 10"
dd7a9886-133d-4354-ac7f-4b37e2ede0e8,B,UPLOADED,AIP,669420,/api/v2/location/11a1c5ca-cb7e-448e-9ece-57f671e94057/,dd7a/9886/133d/4354/ac7f/4b37/e2ed/e0e8/a5efb5d1-0484-429c-95a5-15c12ff40ca0_B002.01.0098.0025.00021_transfer-dd7a9886-133d-4354-ac7f-4b37e2ede0e8.7z,"Letter from Dr. M.R. Smirnow to Dr. C.D. Spivak, 1907 March 18"
f6bf29eb-515c-4906-88ae-5de9d13e3de2,B,UPLOADED,AIP,378840,/api/v2/location/11a1c5ca-cb7e-448e-9ece-57f671e94057/,f6bf/29eb/515c/4906/88ae/5de9/d13e/3de2/a5efb5d1-0484-429c-95a5-15c12ff40ca0_B002.01.0098.0021.00002_transfer-f6bf29eb-515c-4906-88ae-5de9d13e3de2.7z,"Letter from Dr. S. Solis Cohen to JCRS, 1906 October 3"
a8228f4a-e2fa-4593-bab1-47fb458e425a,B,UPLOADED,AIP,956738,/api/v2/location/11a1c5ca-cb7e-448e-9ece-57f671e94057/,a822/8f4a/e2fa/4593/bab1/47fb/458e/425a/a5efb5d1-0484-429c-95a5-15c12ff40ca0_B002.01.0098.0039.00008_transfer-a8228f4a-e2fa-4593-bab1-47fb458e425a.7z,"Yiddish Letter from Samuel Sher, 1907 July 15"
1cf0788b-5904-4f82-9f70-75df480055fd,B,UPLOADED,AIP,721422,/api/v2/location/11a1c5ca-cb7e-448e-9ece-57f671e94057/,1cf0/788b/5904/4f82/9f70/75df/4800/55fd/a5efb5d1-0484-429c-95a5-15c12ff40ca0_B002.01.0098.0001.00003_transfer-1cf0788b-5904-4f82-9f70-75df480055fd.7z,"Letter to JCRS, 1906 August 26"
8a45572b-b56c-46e4-9007-a74549a77c58,B,UPLOADED,AIP,623668,/api/v2/location/11a1c5ca-cb7e-448e-9ece-57f671e94057/,8a45/572b/b56c/46e4/9007/a745/49a7/7c58/a5efb5d1-0484-429c-95a5-15c12ff40ca0_B002.01.0098.0021.00022_transfer-8a45572b-b56c-46e4-9007-a74549a77c58.7z,"Letter from JCRS to Dr. Esther A Ryerson, 1907 July 29"
ffce51fb-9905-487c-acb2-e6bccb2c3de4,B,UPLOADED,AIP,576524,/api/v2/location/11a1c5ca-cb7e-448e-9ece-57f671e94057/,ffce/51fb/9905/487c/acb2/e6bc/cb2c/3de4/a5efb5d1-0484-429c-95a5-15c12ff40ca0_B002.01.0098.0016.00003_transfer-ffce51fb-9905-487c-acb2-e6bccb2c3de4.7z,"Letter from JCRS to Mrs. Anna Holmstock, 1906 November 8"
ac17e82e-0c11-4f93-80af-978f6d37a6bb,B,UPLOADED,AIP,226503,/api/v2/location/11a1c5ca-cb7e-448e-9ece-57f671e94057/,ac17/e82e/0c11/4f93/80af/978f/6d37/a6bb/a5efb5d1-0484-429c-95a5-15c12ff40ca0_B002.01.0098.0015.00006_transfer-ac17e82e-0c11-4f93-80af-978f6d37a6bb.7z,"Memo from Isador Bercovitz to JCRS, 1906 November 20"
3eb1d20e-a212-4b23-a6f6-2abcca47c7af,B,UPLOADED,AIP,450522,/api/v2/location/11a1c5ca-cb7e-448e-9ece-57f671e94057/,3eb1/d20e/a212/4b23/a6f6/2abc/ca47/c7af/a5efb5d1-0484-429c-95a5-15c12ff40ca0_B002.01.0098.0029.00006_transfer-3eb1d20e-a212-4b23-a6f6-2abcca47c7af.7z,"Letter from JCRS to Rabbi Hurwitz, 1906 December 6"
36d50376-7e15-4d9c-80e5-49fe7278bbc7,B,UPLOADED,AIP,575435,/api/v2/location/11a1c5ca-cb7e-448e-9ece-57f671e94057/,36d5/0376/7e15/4d9c/80e5/49fe/7278/bbc7/a5efb5d1-0484-429c-95a5-15c12ff40ca0_B002.01.0098.0011.00007_transfer-36d50376-7e15-4d9c-80e5-49fe7278bbc7.7z,"Letter from JCRS to Mr. Harry Battock, 1906 December 8"
8cba7c6d-fb8b-47e7-b4f4-83e48bcaf615,B,UPLOADED,AIP,172430191,/api/v2/location/11a1c5ca-cb7e-448e-9ece-57f671e94057/,8cba/7c6d/fb8b/47e7/b4f4/83e4/8bca/f615/a5efb5d1-0484-429c-95a5-15c12ff40ca0_B002.05.0206.00001.00038_transfer-8cba7c6d-fb8b-47e7-b4f4-83e48bcaf615.7z,"Sanatorium, Volume 22, Number 3 (July, August, September 1927), 1927"
e6e7f409-8363-4224-b3fc-e731bcd5a386,B,UPLOADED,AIP,1190648,/api/v2/location/11a1c5ca-cb7e-448e-9ece-57f671e94057/,e6e7/f409/8363/4224/b3fc/e731/bcd5/a386/a5efb5d1-0484-429c-95a5-15c12ff40ca0_B002.01.0098.0011.00002_transfer-e6e7f409-8363-4224-b3fc-e731bcd5a386.7z,"Letter from Dr. Spivak to JCRS, 1906"
b3b803dd-33c0-43ef-823e-a26a4930d825,B,UPLOADED,AIP,373297,/api/v2/location/11a1c5ca-cb7e-448e-9ece-57f671e94057/,b3b8/03dd/33c0/43ef/823e/a26a/4930/d825/a5efb5d1-0484-429c-95a5-15c12ff40ca0_B002.01.0098.0021.00015_transfer-b3b803dd-33c0-43ef-823e-a26a4930d825.7z,"Telegram from JCRS to Mr. Jacob Blum, 1907 May 27"
9c8664b4-2c22-4a5c-b486-b160f335b682,B,UPLOADED,AIP,740385,/api/v2/location/11a1c5ca-cb7e-448e-9ece-57f671e94057/,9c86/64b4/2c22/4a5c/b486/b160/f335/b682/a5efb5d1-0484-429c-95a5-15c12ff40ca0_B002.01.0098.0004.00007_transfer-9c8664b4-2c22-4a5c-b486-b160f335b682.7z,"Letter from JCRS to Mr. N Samowitz, 1907 April 29"
d350638a-bafa-4315-8c07-a5287796da39,B,UPLOADED,AIP,395592,/api/v2/location/11a1c5ca-cb7e-448e-9ece-57f671e94057/,d350/638a/bafa/4315/8c07/a528/7796/da39/a5efb5d1-0484-429c-95a5-15c12ff40ca0_B002.01.0098.0034.00002_transfer-d350638a-bafa-4315-8c07-a5287796da39.7z,"Letter from M.R. Bren to JCRS, 1906 November 30"
f15da8e7-e08c-4c76-be82-f1a2a2a6b680,B,UPLOADED,AIP,533990,/api/v2/location/11a1c5ca-cb7e-448e-9ece-57f671e94057/,f15d/a8e7/e08c/4c76/be82/f1a2/a2a6/b680/a5efb5d1-0484-429c-95a5-15c12ff40ca0_B002.01.0098.0039.00003_transfer-f15da8e7-e08c-4c76-be82-f1a2a2a6b680.7z,"Letter from JCRS to Mr. Louis Robinson, 1906 December 20"
af5d1baa-760c-438f-966b-fddae5f751a2,B,UPLOADED,AIP,201112590,/api/v2/location/11a1c5ca-cb7e-448e-9ece-57f671e94057/,af5d/1baa/760c/438f/966b/fdda/e5f7/51a2/a5efb5d1-0484-429c-95a5-15c12ff40ca0_B002.05.0206.00002.00028_transfer-af5d1baa-760c-438f-966b-fddae5f751a2.7z,"Sanatorium, Volume 9, Number 6 (September-December 1915), 1915"
a0dccb93-f5dd-4797-a3cb-44261bc0d695,B,UPLOADED,AIP,227321914,/api/v2/location/11a1c5ca-cb7e-448e-9ece-57f671e94057/,a0dc/cb93/f5dd/4797/a3cb/4426/1bc0/d695/a5efb5d1-0484-429c-95a5-15c12ff40ca0_B002.05.0206.00002.00027_transfer-a0dccb93-f5dd-4797-a3cb-44261bc0d695.7z,"Sanatorium, Volume 9, Numbers 4-5 (July-August 1915), 1915"
900099af-5164-4963-9ea2-0edd0165d18d,B,UPLOADED,AIP,773749,/api/v2/location/11a1c5ca-cb7e-448e-9ece-57f671e94057/,9000/99af/5164/4963/9ea2/0edd/0165/d18d/a5efb5d1-0484-429c-95a5-15c12ff40ca0_B002.01.0098.0013.00001_transfer-900099af-5164-4963-9ea2-0edd0165d18d.7z,"Letter from JCRS to Mr. Sam Rothchild, 1904 August 13"
687b7c92-884f-4e9a-8446-7f16a396c3d4,B,UPLOADED,AIP,179783,/api/v2/location/11a1c5ca-cb7e-448e-9ece-57f671e94057/,687b/7c92/884f/4e9a/8446/7f16/a396/c3d4/a5efb5d1-0484-429c-95a5-15c12ff40ca0_B002.01.0098.0015.00008_transfer-687b7c92-884f-4e9a-8446-7f16a396c3d4.7z,"Note from I. Bercovitz to JCRS, 1906 December 4"
2633833c-925e-4c7c-9365-2d00906df0d1,B,UPLOADED,AIP,570662,/api/v2/location/11a1c5ca-cb7e-448e-9ece-57f671e94057/,2633/833c/925e/4c7c/9365/2d00/906d/f0d1/a5efb5d1-0484-429c-95a5-15c12ff40ca0_B002.01.0098.0010.00007_transfer-2633833c-925e-4c7c-9365-2d00906df0d1.7z,"Letter from Mrs. Esther Weinberger to Dr Spivak, 1907 March 2"
65e8edb3-87bf-4d7e-b8ad-522d215d8029,B,UPLOADED,AIP,390727889,/api/v2/location/11a1c5ca-cb7e-448e-9ece-57f671e94057/,65e8/edb3/87bf/4d7e/b8ad/522d/215d/8029/a5efb5d1-0484-429c-95a5-15c12ff40ca0_B002.05.0206.00001.00021_transfer-65e8edb3-87bf-4d7e-b8ad-522d215d8029.7z,"Sanatorium, Volume 17, Number 2 (April, May, June 1923), 1923"
c05eee02-2f30-40b9-8472-6419ffb9eb90,B,UPLOADED,AIP,173980,/api/v2/location/11a1c5ca-cb7e-448e-9ece-57f671e94057/,c05e/ee02/2f30/40b9/8472/6419/ffb9/eb90/a5efb5d1-0484-429c-95a5-15c12ff40ca0_B002.01.0098.0004.00003_transfer-c05eee02-2f30-40b9-8472-6419ffb9eb90.7z,"Postcard from Benjamin Samowitz to JCRS, 1906 October 19"
e1477bfe-0d84-48ff-badd-a1b2c400112d,B,UPLOADED,AIP,189327366,/api/v2/location/11a1c5ca-cb7e-448e-9ece-57f671e94057/,e147/7bfe/0d84/48ff/badd/a1b2/c400/112d/a5efb5d1-0484-429c-95a5-15c12ff40ca0_B002.05.0206.00001.00036_transfer-e1477bfe-0d84-48ff-badd-a1b2c400112d.7z,"Sanatorium, Volume 21, Number 1 (January, February, March 1927), 1927"
d7652798-c3e3-40ad-af3b-783a602e527f,B,UPLOADED,AIP,254218,/api/v2/location/11a1c5ca-cb7e-448e-9ece-57f671e94057/,d765/2798/c3e3/40ad/af3b/783a/602e/527f/a5efb5d1-0484-429c-95a5-15c12ff40ca0_B002.01.0098.0016.00006_transfer-d7652798-c3e3-40ad-af3b-783a602e527f.7z,"Yiddish letter, 1906 November 13"
97b2b5e7-3ef1-48f9-b78d-0550e8c9f557,B,UPLOADED,AIP,494696,/api/v2/location/11a1c5ca-cb7e-448e-9ece-57f671e94057/,97b2/b5e7/3ef1/48f9/b78d/0550/e8c9/f557/a5efb5d1-0484-429c-95a5-15c12ff40ca0_B002.01.0098.0038.00011_transfer-97b2b5e7-3ef1-48f9-b78d-0550e8c9f557.7z,"Letter from JCRS to Mr. Abraham Johnson, 1907 January 8"
a525304b-6657-4b68-80cc-e41760ed0f66,B,UPLOADED,AIP,624277,/api/v2/location/11a1c5ca-cb7e-448e-9ece-57f671e94057/,a525/304b/6657/4b68/80cc/e417/60ed/0f66/a5efb5d1-0484-429c-95a5-15c12ff40ca0_B002.01.0098.0029.00019_transfer-a525304b-6657-4b68-80cc-e41760ed0f66.7z,"Letter from JCRS to Mrs. Chaie  Leikind, 1907 January 11"
de97f1df-1473-4e6c-9d08-da8482f3f1fc,B,UPLOADED,AIP,337440,/api/v2/location/11a1c5ca-cb7e-448e-9ece-57f671e94057/,de97/f1df/1473/4e6c/9d08/da84/82f3/f1fc/a5efb5d1-0484-429c-95a5-15c12ff40ca0_B002.01.0098.0037.00011_transfer-de97f1df-1473-4e6c-9d08-da8482f3f1fc.7z,"Letter from Hebrew Ladies Aid Society to JCRS, 1906 December 23"
c158fd88-d720-4f33-bf07-80da1a719947,B,UPLOADED,AIP,105988928,/api/v2/location/11a1c5ca-cb7e-448e-9ece-57f671e94057/,c158/fd88/d720/4f33/bf07/80da/1a71/9947/a5efb5d1-0484-429c-95a5-15c12ff40ca0_B002.05.0206.00002.00032_transfer-c158fd88-d720-4f33-bf07-80da1a719947.7z,"Sanatorium, Volume 11, Number 1 (January, February, March 1917), 1917"
b1fe6520-aa00-4962-841f-50ce10ea48e2,B,UPLOADED,AIP,695685,/api/v2/location/11a1c5ca-cb7e-448e-9ece-57f671e94057/,b1fe/6520/aa00/4962/841f/50ce/10ea/48e2/a5efb5d1-0484-429c-95a5-15c12ff40ca0_B002.01.0098.0010.00012_transfer-b1fe6520-aa00-4962-841f-50ce10ea48e2.7z,"Letter from JCRS to Mrs. Wm Weinberger, 1907 May 1"
5ab14920-49f9-4217-889c-d19e42b76572,B,UPLOADED,AIP,545957,/api/v2/location/11a1c5ca-cb7e-448e-9ece-57f671e94057/,5ab1/4920/49f9/4217/889c/d19e/42b7/6572/a5efb5d1-0484-429c-95a5-15c12ff40ca0_B002.01.0098.0039.00007_transfer-5ab14920-49f9-4217-889c-d19e42b76572.7z,"Letter from JCRS to Mr. Samuel Sher, 1907 July 13"
f185958e-fd63-4d46-8c75-cd0a24cff91d,B,UPLOADED,AIP,771842,/api/v2/location/11a1c5ca-cb7e-448e-9ece-57f671e94057/,f185/958e/fd63/4d46/8c75/cd0a/24cf/f91d/a5efb5d1-0484-429c-95a5-15c12ff40ca0_B002.01.0098.0005.00003_transfer-f185958e-fd63-4d46-8c75-cd0a24cff91d.7z,"Letter from JCRS to Mr. S. Bloomgarden, 1906 November 10"
a76c3d81-d8ac-491d-a004-8d915fc3b758,B,UPLOADED,AIP,25872683,/api/v2/location/11a1c5ca-cb7e-448e-9ece-57f671e94057/,a76c/3d81/d8ac/491d/a004/8d91/5fc3/b758/a5efb5d1-0484-429c-95a5-15c12ff40ca0_B002.05.0206.00002.00035_transfer-a76c3d81-d8ac-491d-a004-8d915fc3b758.7z,"Sanatorium, Volume 11, Number 4 (October, November, December 1917), 1917"
9bf284ea-32d2-4b14-aab9-ee2fd5545608,B,UPLOADED,AIP,1395902,/api/v2/location/11a1c5ca-cb7e-448e-9ece-57f671e94057/,9bf2/84ea/32d2/4b14/aab9/ee2f/d554/5608/a5efb5d1-0484-429c-95a5-15c12ff40ca0_B002.01.0098.0005.00002_transfer-9bf284ea-32d2-4b14-aab9-ee2fd5545608.7z,"Max Ratner's Application to JCRS, 1906 October 15"
bdaf49ae-7d7c-491a-981c-d9673b44b91f,B,UPLOADED,AIP,1506368,/api/v2/location/11a1c5ca-cb7e-448e-9ece-57f671e94057/,bdaf/49ae/7d7c/491a/981c/d967/3b44/b91f/a5efb5d1-0484-429c-95a5-15c12ff40ca0_B002.01.0098.0021.00011_transfer-bdaf49ae-7d7c-491a-981c-d9673b44b91f.7z,"Yiddish letter from Jacob Blum to JCRS, 1907 May 10"
d4875de7-5cfa-45b5-92dc-4774e53ec50a,B,UPLOADED,AIP,290853779,/api/v2/location/11a1c5ca-cb7e-448e-9ece-57f671e94057/,d487/5de7/5cfa/45b5/92dc/4774/e53e/c50a/a5efb5d1-0484-429c-95a5-15c12ff40ca0_B002.05.0206.00001.00019_transfer-d4875de7-5cfa-45b5-92dc-4774e53ec50a.7z,"Sanatorium, Volume 16, Number 4 (October, November, December 1922), 1922"
11d5091a-0cbe-410a-8872-ecbea7b758da,B,UPLOADED,AIP,696093,/api/v2/location/11a1c5ca-cb7e-448e-9ece-57f671e94057/,11d5/091a/0cbe/410a/8872/ecbe/a7b7/58da/a5efb5d1-0484-429c-95a5-15c12ff40ca0_B002.01.0098.0010.00004_transfer-11d5091a-0cbe-410a-8872-ecbea7b758da.7z,"Letter from JCRS to Mr. Charles e Kirschbaum, 1907 February 19"
5a16c522-8222-4272-b1c2-1483fa7e2fcf,B,UPLOADED,AIP,676662,/api/v2/location/11a1c5ca-cb7e-448e-9ece-57f671e94057/,5a16/c522/8222/4272/b1c2/1483/fa7e/2fcf/a5efb5d1-0484-429c-95a5-15c12ff40ca0_B002.01.0098.0009.00003_transfer-5a16c522-8222-4272-b1c2-1483fa7e2fcf.7z,"Letter from JCRS to Mr. Max Bieler, 1906 December 24"
f0ef092b-b87e-476b-89e1-5a115b1a2af6,B,UPLOADED,AIP,671097,/api/v2/location/11a1c5ca-cb7e-448e-9ece-57f671e94057/,f0ef/092b/b87e/476b/89e1/5a11/5b1a/2af6/a5efb5d1-0484-429c-95a5-15c12ff40ca0_B002.01.0098.0029.00005_transfer-f0ef092b-b87e-476b-89e1-5a115b1a2af6.7z,"Letter from JCRS to Ararat Lodge No. 13, I.O.O.B.B., 1906 December 6"
a4f27d55-cc28-41ff-a4c8-63c7f1557bf8,B,UPLOADED,AIP,462412,/api/v2/location/11a1c5ca-cb7e-448e-9ece-57f671e94057/,a4f2/7d55/cc28/41ff/a4c8/63c7/f155/7bf8/a5efb5d1-0484-429c-95a5-15c12ff40ca0_B002.01.0098.0010.00009_transfer-a4f27d55-cc28-41ff-a4c8-63c7f1557bf8.7z,"Letter from JCRS to Mr. William Weinberger, 1907 March 14"
7eb90096-e192-4df7-8f1d-301951c491e3,B,UPLOADED,AIP,187734152,/api/v2/location/11a1c5ca-cb7e-448e-9ece-57f671e94057/,7eb9/0096/e192/4df7/8f1d/3019/51c4/91e3/a5efb5d1-0484-429c-95a5-15c12ff40ca0_B002.05.0206.00001.00035_transfer-7eb90096-e192-4df7-8f1d-301951c491e3.7z,"Sanatorium, Volume 20, Number 4 (October, November, December 1926), 1926"
9148477c-6491-4587-8976-c3e45d6f8cd5,B,UPLOADED,AIP,327867910,/api/v2/location/11a1c5ca-cb7e-448e-9ece-57f671e94057/,9148/477c/6491/4587/8976/c3e4/5d6f/8cd5/a5efb5d1-0484-429c-95a5-15c12ff40ca0_B002.05.0206.00001.00003_transfer-9148477c-6491-4587-8976-c3e45d6f8cd5.7z,"Sanatorium, Volume 12, Number 3 (May-August 1918), 1918"
aea171fd-8b5b-4c73-9123-0fd728acc0ac,B,UPLOADED,AIP,731496,/api/v2/location/11a1c5ca-cb7e-448e-9ece-57f671e94057/,aea1/71fd/8b5b/4c73/9123/0fd7/28ac/c0ac/a5efb5d1-0484-429c-95a5-15c12ff40ca0_B002.01.0098.0034.00004_transfer-aea171fd-8b5b-4c73-9123-0fd728acc0ac.7z,"Letter from JCRS to Emil Zucker Lodge No. 371, I.O.B.A., 1906 December 3"
ed9a0cf0-01c9-4957-8397-0196abcbcc14,B,UPLOADED,AIP,451615,/api/v2/location/11a1c5ca-cb7e-448e-9ece-57f671e94057/,ed9a/0cf0/01c9/4957/8397/0196/abcb/cc14/a5efb5d1-0484-429c-95a5-15c12ff40ca0_B002.01.0098.0034.00018_transfer-ed9a0cf0-01c9-4957-8397-0196abcbcc14.7z,"Letter from JCRS to Mrs. Lena Marcus, 1908 December 19"
99727dd6-494c-47bf-9113-bd038396512e,B,UPLOADED,AIP,913119,/api/v2/location/11a1c5ca-cb7e-448e-9ece-57f671e94057/,9972/7dd6/494c/47bf/9113/bd03/8396/512e/a5efb5d1-0484-429c-95a5-15c12ff40ca0_B002.01.0098.0029.00001_transfer-99727dd6-494c-47bf-9113-bd038396512e.7z,"Letter from Jewish societies of Hartford to JCRS, 1906 October 20"
55d07022-c926-4844-a3e8-cee28e644a78,B,UPLOADED,AIP,635818,/api/v2/location/11a1c5ca-cb7e-448e-9ece-57f671e94057/,55d0/7022/c926/4844/a3e8/cee2/8e64/4a78/a5efb5d1-0484-429c-95a5-15c12ff40ca0_B002.01.0098.0021.00019_transfer-55d07022-c926-4844-a3e8-cee28e644a78.7z,"Letter from JCRS to Mr. M.A. Saly Chairman, 1907 June 20"
fa7e8113-2ca4-4c5e-8a27-a8406a714ded,B,UPLOADED,AIP,672202,/api/v2/location/11a1c5ca-cb7e-448e-9ece-57f671e94057/,fa7e/8113/2ca4/4c5e/8a27/a840/6a71/4ded/a5efb5d1-0484-429c-95a5-15c12ff40ca0_B002.01.0098.0021.00025_transfer-fa7e8113-2ca4-4c5e-8a27-a8406a714ded.7z,"Letter from JCRS to Mrs. Lena Siegle, 1908 December 19"
84652338-306a-4f26-aabd-170217defbb8,B,UPLOADED,AIP,521410,/api/v2/location/11a1c5ca-cb7e-448e-9ece-57f671e94057/,8465/2338/306a/4f26/aabd/1702/17de/fbb8/a5efb5d1-0484-429c-95a5-15c12ff40ca0_B002.01.0098.0016.00009_transfer-84652338-306a-4f26-aabd-170217defbb8.7z,"Letter from JCRS to Dr. Spivak, 1907 March 13"
678ba298-43e0-44df-b8bb-8e4c4c0af1c1,B,UPLOADED,AIP,1616845,/api/v2/location/11a1c5ca-cb7e-448e-9ece-57f671e94057/,678b/a298/43e0/44df/b8bb/8e4c/4c0a/f1c1/a5efb5d1-0484-429c-95a5-15c12ff40ca0_B002.01.0098.0002.00024_transfer-678ba298-43e0-44df-b8bb-8e4c4c0af1c1.7z,"Letter from Mike Swartz to JCRS, 1913 January 1"
ffec6261-afcc-416a-9258-99c220c53bd4,B,UPLOADED,AIP,683670,/api/v2/location/11a1c5ca-cb7e-448e-9ece-57f671e94057/,ffec/6261/afcc/416a/9258/99c2/20c5/3bd4/a5efb5d1-0484-429c-95a5-15c12ff40ca0_B002.01.0098.0033.00012_transfer-ffec6261-afcc-416a-9258-99c220c53bd4.7z,"Letter from Mrs. N. Weingart to JCRS, 1907 February 25"
b05c39e9-2b2a-409e-93da-1ed285fcae76,B,UPLOADED,AIP,575562,/api/v2/location/11a1c5ca-cb7e-448e-9ece-57f671e94057/,b05c/39e9/2b2a/409e/93da/1ed2/85fc/ae76/a5efb5d1-0484-429c-95a5-15c12ff40ca0_B002.01.0098.0034.00006_transfer-b05c39e9-2b2a-409e-93da-1ed285fcae76.7z,"Letter from JCRS to United States Grand Lodge, I.O.B.A., 1906 December 3"
e7c07f8d-d674-4487-9456-e8d45fc58c0f,B,UPLOADED,AIP,192878306,/api/v2/location/11a1c5ca-cb7e-448e-9ece-57f671e94057/,e7c0/7f8d/d674/4487/9456/e8d4/5fc5/8c0f/a5efb5d1-0484-429c-95a5-15c12ff40ca0_B002.05.0206.00002.00026_transfer-e7c07f8d-d674-4487-9456-e8d45fc58c0f.7z,"Sanatorium, Volume 9, Numbers 2-3 (March-June 1915), 1915"
1a116fcf-a9c1-41e8-8135-507d4944663b,B,UPLOADED,AIP,1489172,/api/v2/location/11a1c5ca-cb7e-448e-9ece-57f671e94057/,1a11/6fcf/a9c1/41e8/8135/507d/4944/663b/a5efb5d1-0484-429c-95a5-15c12ff40ca0_B002.01.0098.0013.00006_transfer-1a116fcf-a9c1-41e8-8135-507d4944663b.7z,"Mr. Rothchild's 2nd application to JCRS, 1906 October 25"
93477881-4f33-4775-8201-ae197fe42ed6,B,UPLOADED,AIP,1895483,/api/v2/location/11a1c5ca-cb7e-448e-9ece-57f671e94057/,9347/7881/4f33/4775/8201/ae19/7fe4/2ed6/a5efb5d1-0484-429c-95a5-15c12ff40ca0_B002.01.0098.0002.00018_transfer-93477881-4f33-4775-8201-ae197fe42ed6.7z,"Letter from JCRS to Mr. S. J. Blumberg, 1909 August 30"
deb93a32-171d-476c-b2e0-f6e4922c9ac3,B,UPLOADED,AIP,1454699,/api/v2/location/11a1c5ca-cb7e-448e-9ece-57f671e94057/,deb9/3a32/171d/476c/b2e0/f6e4/922c/9ac3/a5efb5d1-0484-429c-95a5-15c12ff40ca0_B002.01.0098.0020.00002_transfer-deb93a32-171d-476c-b2e0-f6e4922c9ac3.7z,"Barnett Schnitzer's application, 1906 November 6"
d5e296cc-23e5-4e6f-a8bc-1274c9961171,B,UPLOADED,AIP,684627,/api/v2/location/11a1c5ca-cb7e-448e-9ece-57f671e94057/,d5e2/96cc/23e5/4e6f/a8bc/1274/c996/1171/a5efb5d1-0484-429c-95a5-15c12ff40ca0_B002.01.0098.0003.00009_transfer-d5e296cc-23e5-4e6f-a8bc-1274c9961171.7z,"Letter from J. B. Fish to Dr. Spivak, 1907 December 11"
f505c060-3e2f-4503-a575-da0e1bde4ace,B,UPLOADED,AIP,734475,/api/v2/location/11a1c5ca-cb7e-448e-9ece-57f671e94057/,f505/c060/3e2f/4503/a575/da0e/1bde/4ace/a5efb5d1-0484-429c-95a5-15c12ff40ca0_B002.01.0098.0021.00018_transfer-f505c060-3e2f-4503-a575-da0e1bde4ace.7z,"Letter from Dr. Smirnow to Dr Spivak, 1907 June 13"
1ad48dc0-b8d1-4eb7-b6bb-9df27ff14b7a,B,UPLOADED,AIP,1583838,/api/v2/location/11a1c5ca-cb7e-448e-9ece-57f671e94057/,1ad4/8dc0/b8d1/4eb7/b6bb/9df2/7ff1/4b7a/a5efb5d1-0484-429c-95a5-15c12ff40ca0_B002.01.0098.0016.00010_transfer-1ad48dc0-b8d1-4eb7-b6bb-9df27ff14b7a.7z,"Letter from JCRS to Mr. Holmstock, 1907 March 16"
b1883ffd-367e-45f1-80cc-e9fbb9c80a9e,B,UPLOADED,AIP,656177,/api/v2/location/11a1c5ca-cb7e-448e-9ece-57f671e94057/,b188/3ffd/367e/45f1/80cc/e9fb/b9c8/0a9e/a5efb5d1-0484-429c-95a5-15c12ff40ca0_B002.01.0098.0021.00010_transfer-b1883ffd-367e-45f1-80cc-e9fbb9c80a9e.7z,"Letter from JCRS to Dr. M. R. Smirnow, 1907 May 6"
4b946fcb-8ddb-485d-a784-eab09b493742,B,UPLOADED,AIP,358990,/api/v2/location/11a1c5ca-cb7e-448e-9ece-57f671e94057/,4b94/6fcb/8ddb/485d/a784/eab0/9b49/3742/a5efb5d1-0484-429c-95a5-15c12ff40ca0_B002.01.0098.0025.00012_transfer-4b946fcb-8ddb-485d-a784-eab09b493742.7z,"Letter from Morris J. Krohn to JCRS, 1906 November 19"
92455ab2-387c-4d79-bf84-bf6573172346,B,UPLOADED,AIP,566435,/api/v2/location/11a1c5ca-cb7e-448e-9ece-57f671e94057/,9245/5ab2/387c/4d79/bf84/bf65/7317/2346/a5efb5d1-0484-429c-95a5-15c12ff40ca0_B002.01.0098.0038.00010_transfer-92455ab2-387c-4d79-bf84-bf6573172346.7z,"Letter from JCRS to Hartford Ladies Consumptives' Relief Society, 1907 January 7"
c4d1497d-aaeb-48e4-b4c5-830144ff9a07,B,UPLOADED,AIP,590467,/api/v2/location/11a1c5ca-cb7e-448e-9ece-57f671e94057/,c4d1/497d/aaeb/48e4/b4c5/8301/44ff/9a07/a5efb5d1-0484-429c-95a5-15c12ff40ca0_B002.01.0098.0021.00007_transfer-c4d1497d-aaeb-48e4-b4c5-830144ff9a07.7z,"Letter from JCRS to Mr. H. Ricklin, 1906 December 14"
c407446e-cd81-444f-91a4-831e05a65c65,B,UPLOADED,AIP,974147,/api/v2/location/11a1c5ca-cb7e-448e-9ece-57f671e94057/,c407/446e/cd81/444f/91a4/831e/05a6/5c65/a5efb5d1-0484-429c-95a5-15c12ff40ca0_B002.01.0098.0029.00012_transfer-c407446e-cd81-444f-91a4-831e05a65c65.7z,"Letter from The Ladies Relief Society of Hartford to JCRS, 1906 December 12"
6fa9e845-4e75-45fc-a77e-ab24b64dd8fe,B,UPLOADED,AIP,661549,/api/v2/location/11a1c5ca-cb7e-448e-9ece-57f671e94057/,6fa9/e845/4e75/45fc/a77e/ab24/b64d/d8fe/a5efb5d1-0484-429c-95a5-15c12ff40ca0_B002.01.0098.0034.00016_transfer-6fa9e845-4e75-45fc-a77e-ab24b64dd8fe.7z,"Letter from JCRS to Mr. Leo Edelstein, 1907 May 24"
a13af2c0-e55a-4075-ad41-5005a593188c,B,UPLOADED,AIP,750195,/api/v2/location/11a1c5ca-cb7e-448e-9ece-57f671e94057/,a13a/f2c0/e55a/4075/ad41/5005/a593/188c/a5efb5d1-0484-429c-95a5-15c12ff40ca0_B002.01.0098.0029.00004_transfer-a13af2c0-e55a-4075-ad41-5005a593188c.7z,"Letter from JCRS to Mr. David Leikind, 1906 December 5"
9636f097-6ad3-4a5c-b47d-7a6281ced0ca,B,UPLOADED,AIP,600375,/api/v2/location/11a1c5ca-cb7e-448e-9ece-57f671e94057/,9636/f097/6ad3/4a5c/b47d/7a62/81ce/d0ca/a5efb5d1-0484-429c-95a5-15c12ff40ca0_B002.01.0098.0014.00005_transfer-9636f097-6ad3-4a5c-b47d-7a6281ced0ca.7z,"Letter from JCRS to Mrs. Sarah Chavin, 1906 November 5"
6f229132-dbc3-42c9-a3da-6f8abced6493,B,UPLOADED,AIP,1651880,/api/v2/location/11a1c5ca-cb7e-448e-9ece-57f671e94057/,6f22/9132/dbc3/42c9/a3da/6f8a/bced/6493/a5efb5d1-0484-429c-95a5-15c12ff40ca0_B002.01.0098.0008.00001_transfer-6f229132-dbc3-42c9-a3da-6f8abced6493.7z,"Meyer Rinland's Application to JCRS, 1906 August 26"
9930f763-fd0c-4759-87df-a2271c8b4c6e,B,UPLOADED,AIP,1472278,/api/v2/location/11a1c5ca-cb7e-448e-9ece-57f671e94057/,9930/f763/fd0c/4759/87df/a227/1c8b/4c6e/a5efb5d1-0484-429c-95a5-15c12ff40ca0_B002.01.0098.0026.00001_transfer-9930f763-fd0c-4759-87df-a2271c8b4c6e.7z,"Application of Ben Averbach to JCRS, 1906 July 3"
ae64227f-0cf9-4920-a693-cad48179fe03,B,UPLOADED,AIP,722480,/api/v2/location/11a1c5ca-cb7e-448e-9ece-57f671e94057/,ae64/227f/0cf9/4920/a693/cad4/8179/fe03/a5efb5d1-0484-429c-95a5-15c12ff40ca0_B002.01.0098.0003.00012_transfer-ae64227f-0cf9-4920-a693-cad48179fe03.7z,"Letter from B Thomashefsky to Dr. Spivak, 1908 January 8"
c4b730c8-b7af-48a1-8a28-748a1e573d02,B,UPLOADED,AIP,978621,/api/v2/location/11a1c5ca-cb7e-448e-9ece-57f671e94057/,c4b7/30c8/b7af/48a1/8a28/748a/1e57/3d02/a5efb5d1-0484-429c-95a5-15c12ff40ca0_B002.01.0098.0033.00009_transfer-c4b730c8-b7af-48a1-8a28-748a1e573d02.7z,"Letter from Mrs. Nettie Weingart to JCRS, 1907 January 18"
4521464f-c164-4341-84fe-ccd31b4ed504,B,UPLOADED,AIP,567067,/api/v2/location/11a1c5ca-cb7e-448e-9ece-57f671e94057/,4521/464f/c164/4341/84fe/ccd3/1b4e/d504/a5efb5d1-0484-429c-95a5-15c12ff40ca0_B002.01.0098.0015.00009_transfer-4521464f-c164-4341-84fe-ccd31b4ed504.7z,"Letter from JCRS to Mr. Jacob Gleeman, 1906 December 8"
7f1571be-8ee1-4217-85eb-8579dead5ba4,B,UPLOADED,AIP,729580,/api/v2/location/11a1c5ca-cb7e-448e-9ece-57f671e94057/,7f15/71be/8ee1/4217/85eb/8579/dead/5ba4/a5efb5d1-0484-429c-95a5-15c12ff40ca0_B002.01.0098.0009.00002_transfer-7f1571be-8ee1-4217-85eb-8579dead5ba4.7z,"Letter from Jacob Schoen to Dr Spivak, 1906 November 13"
01580d87-396b-460f-a2f1-d6c999b9fdf4,B,UPLOADED,AIP,351306,/api/v2/location/11a1c5ca-cb7e-448e-9ece-57f671e94057/,0158/0d87/396b/460f/a2f1/d6c9/99b9/fdf4/a5efb5d1-0484-429c-95a5-15c12ff40ca0_B002.01.0098.0010.00015_transfer-01580d87-396b-460f-a2f1-d6c999b9fdf4.7z,"Letter from JCRS to William Weinberger, 1907 June 17"
03d95deb-a41f-4cdf-952d-e21f6b5e915c,B,UPLOADED,AIP,354029,/api/v2/location/11a1c5ca-cb7e-448e-9ece-57f671e94057/,03d9/5deb/a41f/4cdf/952d/e21f/6b5e/915c/a5efb5d1-0484-429c-95a5-15c12ff40ca0_B002.01.0098.0040.00001_transfer-03d95deb-a41f-4cdf-952d-e21f6b5e915c.7z,"Letter from Emanuel Friedman to JCRS, 1906 December 18"
65b309c7-4e37-4fcf-98c0-ef79765e1099,B,UPLOADED,AIP,243714,/api/v2/location/11a1c5ca-cb7e-448e-9ece-57f671e94057/,65b3/09c7/4e37/4fcf/98c0/ef79/765e/1099/a5efb5d1-0484-429c-95a5-15c12ff40ca0_B002.01.0098.0004.00010_transfer-65b309c7-4e37-4fcf-98c0-ef79765e1099.7z,"Letter from A Wobb about Benjamin Samowitz, 1907 October 13"
d7075ae2-6a50-4015-9df1-aa45d24acce1,B,UPLOADED,AIP,629810,/api/v2/location/11a1c5ca-cb7e-448e-9ece-57f671e94057/,d707/5ae2/6a50/4015/9df1/aa45/d24a/cce1/a5efb5d1-0484-429c-95a5-15c12ff40ca0_B002.01.0098.0012.00008_transfer-d7075ae2-6a50-4015-9df1-aa45d24acce1.7z,"Letter from JCRS to Mr. Sam Dworkin, 1906 November 17"
a2ea0e63-b172-4054-83dd-10821d0a0fc7,B,UPLOADED,AIP,631231,/api/v2/location/11a1c5ca-cb7e-448e-9ece-57f671e94057/,a2ea/0e63/b172/4054/83dd/1082/1d0a/0fc7/a5efb5d1-0484-429c-95a5-15c12ff40ca0_B002.01.0098.0016.00007_transfer-a2ea0e63-b172-4054-83dd-10821d0a0fc7.7z,"Yiddish letter, between 1906-and 1907"
fea22b21-424d-470a-a29a-d4abf95b5b92,B,UPLOADED,AIP,793898,/api/v2/location/11a1c5ca-cb7e-448e-9ece-57f671e94057/,fea2/2b21/424d/470a/a29a/d4ab/f95b/5b92/a5efb5d1-0484-429c-95a5-15c12ff40ca0_B002.01.0098.0040.00008_transfer-fea22b21-424d-470a-a29a-d4abf95b5b92.7z,"Letter from Mr. M. Sever to JCRS, 1907 February 26"
7f300544-92b2-4e1b-8396-c6915fe68dda,B,UPLOADED,AIP,534866,/api/v2/location/11a1c5ca-cb7e-448e-9ece-57f671e94057/,7f30/0544/92b2/4e1b/8396/c691/5fe6/8dda/a5efb5d1-0484-429c-95a5-15c12ff40ca0_B002.01.0098.0039.00005_transfer-7f300544-92b2-4e1b-8396-c6915fe68dda.7z,"Letter from JCRS to Mrs. Sarah Sher, 1906 December 20"
5d88f7bf-f901-46e6-baa2-2b2a27e1a4a4,B,UPLOADED,AIP,724573,/api/v2/location/11a1c5ca-cb7e-448e-9ece-57f671e94057/,5d88/f7bf/f901/46e6/baa2/2b2a/27e1/a4a4/a5efb5d1-0484-429c-95a5-15c12ff40ca0_B002.01.0098.0032.00004_transfer-5d88f7bf-f901-46e6-baa2-2b2a27e1a4a4.7z,"Letter from JCRS to Jewish Relief Society, 1907 April 1"
2010373a-56d6-43b6-b342-1d98b03d5e08,B,UPLOADED,AIP,610778,/api/v2/location/11a1c5ca-cb7e-448e-9ece-57f671e94057/,2010/373a/56d6/43b6/b342/1d98/b03d/5e08/a5efb5d1-0484-429c-95a5-15c12ff40ca0_B002.01.0098.0039.00010_transfer-2010373a-56d6-43b6-b342-1d98b03d5e08.7z,"Letter from JCRS to Mr. Samuel Sher, 1907 July 29"
8e9deac5-7f7a-4e3b-a57c-247f08609e2b,B,UPLOADED,AIP,1704055,/api/v2/location/11a1c5ca-cb7e-448e-9ece-57f671e94057/,8e9d/eac5/7f7a/4e3b/a57c/247f/0860/9e2b/a5efb5d1-0484-429c-95a5-15c12ff40ca0_B002.01.0098.0030.00002_transfer-8e9deac5-7f7a-4e3b-a57c-247f08609e2b.7z,"Second Application of Mendel Zabyezshinsky to JCRS, 1906 November 30"
0c4b5264-bb8a-46d2-b15e-13ae506d22aa,B,UPLOADED,AIP,641312,/api/v2/location/11a1c5ca-cb7e-448e-9ece-57f671e94057/,0c4b/5264/bb8a/46d2/b15e/13ae/506d/22aa/a5efb5d1-0484-429c-95a5-15c12ff40ca0_B002.01.0098.0002.00006_transfer-0c4b5264-bb8a-46d2-b15e-13ae506d22aa.7z,"Letter from Dr. A. Zederbaum to JCRS, 1906 October 18"
f4aedfe6-5853-4eba-89c1-ab2258a566cd,B,UPLOADED,AIP,729571,/api/v2/location/11a1c5ca-cb7e-448e-9ece-57f671e94057/,f4ae/dfe6/5853/4eba/89c1/ab22/58a5/66cd/a5efb5d1-0484-429c-95a5-15c12ff40ca0_B002.01.0098.0015.00011_transfer-f4aedfe6-5853-4eba-89c1-ab2258a566cd.7z,"Letter from JCRS to Mr. Nathan Gleeman, 1906 December 10"
9c24963c-ea62-4da9-9528-7a73f07dcf4f,B,UPLOADED,AIP,799215,/api/v2/location/11a1c5ca-cb7e-448e-9ece-57f671e94057/,9c24/963c/ea62/4da9/9528/7a73/f07d/cf4f/a5efb5d1-0484-429c-95a5-15c12ff40ca0_B002.01.0098.0026.00003_transfer-9c24963c-ea62-4da9-9528-7a73f07dcf4f.7z,"Letter from JCRS to Mrs. Averbach, 1906 December 3"
3cf0bde6-2601-4a61-b152-4bbca40cbb30,B,UPLOADED,AIP,712429,/api/v2/location/11a1c5ca-cb7e-448e-9ece-57f671e94057/,3cf0/bde6/2601/4a61/b152/4bbc/a40c/bb30/a5efb5d1-0484-429c-95a5-15c12ff40ca0_B002.01.0098.0016.00013_transfer-3cf0bde6-2601-4a61-b152-4bbca40cbb30.7z,"Letter from JCRS to Mrs. L. Bruch, 1907 May 21"
94af1603-3720-43e7-a3ac-6347d78bdc1b,B,UPLOADED,AIP,619913,/api/v2/location/11a1c5ca-cb7e-448e-9ece-57f671e94057/,94af/1603/3720/43e7/a3ac/6347/d78b/dc1b/a5efb5d1-0484-429c-95a5-15c12ff40ca0_B002.01.0098.0037.00012_transfer-94af1603-3720-43e7-a3ac-6347d78bdc1b.7z,"Letter from JCRS to Jewish Relief Society, 1907 March 4"
8d29ffed-61d8-4dbc-86df-9006c3fd406a,B,UPLOADED,AIP,528540,/api/v2/location/11a1c5ca-cb7e-448e-9ece-57f671e94057/,8d29/ffed/61d8/4dbc/86df/9006/c3fd/406a/a5efb5d1-0484-429c-95a5-15c12ff40ca0_B002.01.0098.0040.00003_transfer-8d29ffed-61d8-4dbc-86df-9006c3fd406a.7z,"Letter from JCRS to Mrs. Garson, 1906 December 24"
01a69242-4e90-4dce-ba96-8d490adcd64a,B,UPLOADED,AIP,1115232,/api/v2/location/11a1c5ca-cb7e-448e-9ece-57f671e94057/,01a6/9242/4e90/4dce/ba96/8d49/0adc/d64a/a5efb5d1-0484-429c-95a5-15c12ff40ca0_B002.01.0098.0025.00004_transfer-01a69242-4e90-4dce-ba96-8d490adcd64a.7z,"Letter from JCRS to Hebrew Ladies Relief Association, 1906 November 10"
0fd3f901-4a27-4830-9400-bf26d1066341,B,UPLOADED,AIP,566015,/api/v2/location/11a1c5ca-cb7e-448e-9ece-57f671e94057/,0fd3/f901/4a27/4830/9400/bf26/d106/6341/a5efb5d1-0484-429c-95a5-15c12ff40ca0_B002.01.0098.0012.00007_transfer-0fd3f901-4a27-4830-9400-bf26d1066341.7z,"Letter from JCRS to Mr. M. Berger, 1906 November 20"
be745a1c-d63f-40cd-a04d-eacadd187916,B,UPLOADED,AIP,410522549,/api/v2/location/11a1c5ca-cb7e-448e-9ece-57f671e94057/,be74/5a1c/d63f/40cd/a04d/eaca/dd18/7916/a5efb5d1-0484-429c-95a5-15c12ff40ca0_B002.05.0206.00001.00031_transfer-be745a1c-d63f-40cd-a04d-eacadd187916.7z,"Sanatorium, Volume 19, Number 4 (October, November, December 1925), 1925"
2d05a7d2-fcd0-4cfd-abbd-9edb48bd1349,B,UPLOADED,AIP,636089,/api/v2/location/11a1c5ca-cb7e-448e-9ece-57f671e94057/,2d05/a7d2/fcd0/4cfd/abbd/9edb/48bd/1349/a5efb5d1-0484-429c-95a5-15c12ff40ca0_B002.01.0098.0024.00005_transfer-2d05a7d2-fcd0-4cfd-abbd-9edb48bd1349.7z,"Letter from JCRS to Mr. M. A. Saly, 1907 January 28"
6f004c91-d2ee-4469-bcc9-47041ef96809,B,UPLOADED,AIP,1458880,/api/v2/location/11a1c5ca-cb7e-448e-9ece-57f671e94057/,6f00/4c91/d2ee/4469/bcc9/4704/1ef9/6809/a5efb5d1-0484-429c-95a5-15c12ff40ca0_B002.01.0098.0034.00003_transfer-6f004c91-d2ee-4469-bcc9-47041ef96809.7z,"Application of Isidor Edelstein to JCRS, 1906 November 30"
b5a8baaf-60c0-4238-bc66-6426fea03b63,B,UPLOADED,AIP,444016,/api/v2/location/11a1c5ca-cb7e-448e-9ece-57f671e94057/,b5a8/baaf/60c0/4238/bc66/6426/fea0/3b63/a5efb5d1-0484-429c-95a5-15c12ff40ca0_B002.01.0098.0034.00015_transfer-b5a8baaf-60c0-4238-bc66-6426fea03b63.7z,"Letter from Mr. Leo Edelstein to JCRS, 1907 May 17"
da7f5798-8d35-47b1-9644-0eb997326201,B,UPLOADED,AIP,730751,/api/v2/location/11a1c5ca-cb7e-448e-9ece-57f671e94057/,da7f/5798/8d35/47b1/9644/0eb9/9732/6201/a5efb5d1-0484-429c-95a5-15c12ff40ca0_B002.01.0098.0015.00001_transfer-da7f5798-8d35-47b1-9644-0eb997326201.7z,"Letter from Mrs. Roisner to JCRS, 1906 September 25"
175924b5-5be8-4469-abfe-8dd0ef612368,B,UPLOADED,AIP,350835,/api/v2/location/11a1c5ca-cb7e-448e-9ece-57f671e94057/,1759/24b5/5be8/4469/abfe/8dd0/ef61/2368/a5efb5d1-0484-429c-95a5-15c12ff40ca0_B002.01.0098.0015.00015_transfer-175924b5-5be8-4469-abfe-8dd0ef612368.7z,"Note from Gleeman, 1906 January 7"
5b3350cf-fec8-4143-9599-27fd5fae4dc6,B,UPLOADED,AIP,526338,/api/v2/location/11a1c5ca-cb7e-448e-9ece-57f671e94057/,5b33/50cf/fec8/4143/9599/27fd/5fae/4dc6/a5efb5d1-0484-429c-95a5-15c12ff40ca0_B002.01.0098.0040.00005_transfer-5b3350cf-fec8-4143-9599-27fd5fae4dc6.7z,"Letter from JCRS to Mr. Nathan Weiner, 1906 December 24"
96a61067-2358-409a-a5e3-d23bd8608864,B,UPLOADED,AIP,815709,/api/v2/location/11a1c5ca-cb7e-448e-9ece-57f671e94057/,96a6/1067/2358/409a/a5e3/d23b/d860/8864/a5efb5d1-0484-429c-95a5-15c12ff40ca0_B002.01.0098.0033.00004_transfer-96a61067-2358-409a-a5e3-d23bd8608864.7z,"Letter from JCRS to representatives of Hartford Societies, 1906 December 10"
1745f5ec-2d0b-44bc-9f65-08513f4cd53c,B,UPLOADED,AIP,778369,/api/v2/location/11a1c5ca-cb7e-448e-9ece-57f671e94057/,1745/f5ec/2d0b/44bc/9f65/0851/3f4c/d53c/a5efb5d1-0484-429c-95a5-15c12ff40ca0_B002.01.0098.0003.00001_transfer-1745f5ec-2d0b-44bc-9f65-08513f4cd53c.7z,"Letter from B Thomaskefsky to JCRS, 1906 September 28"
20f6b0fd-e0cb-46b1-880a-e32d81533319,B,UPLOADED,AIP,652726,/api/v2/location/11a1c5ca-cb7e-448e-9ece-57f671e94057/,20f6/b0fd/e0cb/46b1/880a/e32d/8153/3319/a5efb5d1-0484-429c-95a5-15c12ff40ca0_B002.01.0098.0025.00017_transfer-20f6b0fd-e0cb-46b1-880a-e32d81533319.7z,"Letter from JCRS to Mrs. Yetta Bernick, 1907 March 1"
c1f72431-f1be-407e-b03f-67c5544de8ad,B,UPLOADED,AIP,392138,/api/v2/location/11a1c5ca-cb7e-448e-9ece-57f671e94057/,c1f7/2431/f1be/407e/b03f/67c5/544d/e8ad/a5efb5d1-0484-429c-95a5-15c12ff40ca0_B002.01.0098.0021.00017_transfer-c1f72431-f1be-407e-b03f-67c5544de8ad.7z,"Telegram from JCRS to Mr. Jacob Blum, 1907 May 31"
38aa9eec-e89a-43f3-aee2-ab921ebaf934,B,UPLOADED,AIP,1298209,/api/v2/location/11a1c5ca-cb7e-448e-9ece-57f671e94057/,38aa/9eec/e89a/43f3/aee2/ab92/1eba/f934/a5efb5d1-0484-429c-95a5-15c12ff40ca0_B002.01.0098.0021.00013_transfer-38aa9eec-e89a-43f3-aee2-ab921ebaf934.7z,"Letter from JCRS to Mr. Jacob Blum, 1907 May 15"
3501585b-1770-44fc-9a88-b988f7bbf2e4,B,UPLOADED,AIP,1491872,/api/v2/location/11a1c5ca-cb7e-448e-9ece-57f671e94057/,3501/585b/1770/44fc/9a88/b988/f7bb/f2e4/a5efb5d1-0484-429c-95a5-15c12ff40ca0_B002.01.0098.0004.00001_transfer-3501585b-1770-44fc-9a88-b988f7bbf2e4.7z,"Benjamin Samowitz's Application to JCRS, 2010 October 15"
a07de84b-9fa5-4e1c-b1da-fb19e3d33b64,B,UPLOADED,AIP,246659,/api/v2/location/11a1c5ca-cb7e-448e-9ece-57f671e94057/,a07d/e84b/9fa5/4e1c/b1da/fb19/e3d3/3b64/a5efb5d1-0484-429c-95a5-15c12ff40ca0_B002.01.0098.0040.00013_transfer-a07de84b-9fa5-4e1c-b1da-fb19e3d33b64.7z,"Postcard from S.S. Garson to JCRS, 1908 July 14"
bfa73dc5-bd73-41a6-a8e3-29405b0a7df9,B,UPLOADED,AIP,248881,/api/v2/location/11a1c5ca-cb7e-448e-9ece-57f671e94057/,bfa7/3dc5/bd73/41a6/a8e3/2940/5b0a/7df9/a5efb5d1-0484-429c-95a5-15c12ff40ca0_B002.01.0098.0002.00017_transfer-bfa73dc5-bd73-41a6-a8e3-29405b0a7df9.7z,"Visiting Card from Mr and Mrs S. J. Blumberg, 1909"
b341df86-368c-4206-aea9-12836c21673e,B,UPLOADED,AIP,570585,/api/v2/location/11a1c5ca-cb7e-448e-9ece-57f671e94057/,b341/df86/368c/4206/aea9/1283/6c21/673e/a5efb5d1-0484-429c-95a5-15c12ff40ca0_B002.01.0098.0016.00005_transfer-b341df86-368c-4206-aea9-12836c21673e.7z,"Letter from JCRS to Mr. Holmstock, 1906 November 8"
8fb4de60-6c26-4405-a43e-38915edc31e8,B,UPLOADED,AIP,686925,/api/v2/location/11a1c5ca-cb7e-448e-9ece-57f671e94057/,8fb4/de60/6c26/4405/a43e/3891/5edc/31e8/a5efb5d1-0484-429c-95a5-15c12ff40ca0_B002.01.0098.0037.00003_transfer-8fb4de60-6c26-4405-a43e-38915edc31e8.7z,"Letter from JCRS to Rabbi Congregation Aaron, 1906 December 5"
b9ddb8b6-178e-4048-8110-4478fa269071,B,UPLOADED,AIP,207403353,/api/v2/location/11a1c5ca-cb7e-448e-9ece-57f671e94057/,b9dd/b8b6/178e/4048/8110/4478/fa26/9071/a5efb5d1-0484-429c-95a5-15c12ff40ca0_B002.05.0206.00002.00012_transfer-b9ddb8b6-178e-4048-8110-4478fa269071.7z,"Sanatorium, Volume 6, Number 2 (March-April 1912), 1912"
36fe8638-a76b-4cdb-b6be-fa01e555bc8a,B,UPLOADED,AIP,455952,/api/v2/location/11a1c5ca-cb7e-448e-9ece-57f671e94057/,36fe/8638/a76b/4cdb/b6be/fa01/e555/bc8a/a5efb5d1-0484-429c-95a5-15c12ff40ca0_B002.01.0098.0040.00011_transfer-36fe8638-a76b-4cdb-b6be-fa01e555bc8a.7z,"Letter from JCRS to Mr. S.S. Garson, 1907 June 18"
8578264b-54d4-49cd-9a1a-a286d29325c1,B,UPLOADED,AIP,562698,/api/v2/location/11a1c5ca-cb7e-448e-9ece-57f671e94057/,8578/264b/54d4/49cd/9a1a/a286/d293/25c1/a5efb5d1-0484-429c-95a5-15c12ff40ca0_B002.01.0098.0011.00006_transfer-8578264b-54d4-49cd-9a1a-a286d29325c1.7z,"Letter from JCRS to ""Whom it May Concern"", 1906 November 7"
100dd9d6-9f91-4043-a311-91488533636c,B,UPLOADED,AIP,655093,/api/v2/location/11a1c5ca-cb7e-448e-9ece-57f671e94057/,100d/d9d6/9f91/4043/a311/9148/8533/636c/a5efb5d1-0484-429c-95a5-15c12ff40ca0_B002.01.0098.0009.00005_transfer-100dd9d6-9f91-4043-a311-91488533636c.7z,"Letter from JCRS to Mr. H. Citron, 1906 December 24"
d137b53e-31c2-496f-a738-d294a8025dfd,B,UPLOADED,AIP,823844,/api/v2/location/11a1c5ca-cb7e-448e-9ece-57f671e94057/,d137/b53e/31c2/496f/a738/d294/a802/5dfd/a5efb5d1-0484-429c-95a5-15c12ff40ca0_B002.01.0098.0032.00003_transfer-d137b53e-31c2-496f-a738-d294a8025dfd.7z,"Application of Sam Simon to JCRS, 1906 November 17"
e1c7ed46-5402-4992-9bef-65b7fd54d7b5,B,UPLOADED,AIP,636861,/api/v2/location/11a1c5ca-cb7e-448e-9ece-57f671e94057/,e1c7/ed46/5402/4992/9bef/65b7/fd54/d7b5/a5efb5d1-0484-429c-95a5-15c12ff40ca0_B002.01.0098.0034.00001_transfer-e1c7ed46-5402-4992-9bef-65b7fd54d7b5.7z,"Letter from United States Grand Lodge, I.O.B.A to JCRS, 1906 November 23"
cafa30f1-1ac0-4c0c-8f3b-92b8e63fe894,B,UPLOADED,AIP,441332489,/api/v2/location/11a1c5ca-cb7e-448e-9ece-57f671e94057/,cafa/30f1/1ac0/4c0c/8f3b/92b8/e63f/e894/a5efb5d1-0484-429c-95a5-15c12ff40ca0_B002.05.0206.00001.00033_transfer-cafa30f1-1ac0-4c0c-8f3b-92b8e63fe894.7z,"Sanatorium, Volume 20, Number 2 (April, May, June 1926), 1926"
10e87f3d-1222-47ec-8d14-6ef4d8bac2ee,B,UPLOADED,AIP,107726298,/api/v2/location/11a1c5ca-cb7e-448e-9ece-57f671e94057/,10e8/7f3d/1222/47ec/8d14/6ef4/d8ba/c2ee/a5efb5d1-0484-429c-95a5-15c12ff40ca0_B002.05.0206.00001.00017_transfer-10e87f3d-1222-47ec-8d14-6ef4d8bac2ee.7z,"Sanatorium, Volume 16, Number 2 (March, April, May 1922), 1922"
530f482e-adb4-4755-b324-7b7a47f007c7,B,UPLOADED,AIP,1659784,/api/v2/location/11a1c5ca-cb7e-448e-9ece-57f671e94057/,530f/482e/adb4/4755/b324/7b7a/47f0/07c7/a5efb5d1-0484-429c-95a5-15c12ff40ca0_B002.01.0098.0003.00002_transfer-530f482e-adb4-4755-b324-7b7a47f007c7.7z,"Samuel Krawitz Application for Admittance to JCRS, 1906 October 9"
796d53bc-8f9c-4324-a1e3-e7188a7f4aa6,B,UPLOADED,AIP,456064,/api/v2/location/11a1c5ca-cb7e-448e-9ece-57f671e94057/,796d/53bc/8f9c/4324/a1e3/e718/8a7f/4aa6/a5efb5d1-0484-429c-95a5-15c12ff40ca0_B002.01.0098.0015.00007_transfer-796d53bc-8f9c-4324-a1e3-e7188a7f4aa6.7z,"Memo from S.S. Gordon to JCRS, 1906 November 22"
3a7577c9-2ced-45b1-a102-78cf95e1099a,B,UPLOADED,AIP,631696,/api/v2/location/11a1c5ca-cb7e-448e-9ece-57f671e94057/,3a75/77c9/2ced/45b1/a102/78cf/95e1/099a/a5efb5d1-0484-429c-95a5-15c12ff40ca0_B002.01.0098.0021.00027_transfer-3a7577c9-2ced-45b1-a102-78cf95e1099a.7z,"Letter from JCRS to Mrs. Lena Siegle, 1908 December 29"
cfd6b519-8942-4031-b86e-4a026a61612c,B,UPLOADED,AIP,523299,/api/v2/location/11a1c5ca-cb7e-448e-9ece-57f671e94057/,cfd6/b519/8942/4031/b86e/4a02/6a61/612c/a5efb5d1-0484-429c-95a5-15c12ff40ca0_B002.01.0098.0025.00010_transfer-cfd6b519-8942-4031-b86e-4a026a61612c.7z,"Letter from JCRS to  N. Bernick, 1906 November 17"
7c02c5d1-d1a8-45e6-b15a-b1d4af51899d,B,UPLOADED,AIP,619267,/api/v2/location/11a1c5ca-cb7e-448e-9ece-57f671e94057/,7c02/c5d1/d1a8/45e6/b15a/b1d4/af51/899d/a5efb5d1-0484-429c-95a5-15c12ff40ca0_B002.01.0098.0037.00007_transfer-7c02c5d1-d1a8-45e6-b15a-b1d4af51899d.7z,"Letter from JCRS to Philip Rascower, 1906 December 13"
1aa982e2-c878-46eb-b4b0-f40d7ae66afa,B,UPLOADED,AIP,660885,/api/v2/location/11a1c5ca-cb7e-448e-9ece-57f671e94057/,1aa9/82e2/c878/46eb/b4b0/f40d/7ae6/6afa/a5efb5d1-0484-429c-95a5-15c12ff40ca0_B002.01.0098.0034.00005_transfer-1aa982e2-c878-46eb-b4b0-f40d7ae66afa.7z,"Letter from JCRS to Mr. Isidor Edelstein, 1906 December 3"
3bf41798-4389-45ee-99b8-3dd6fe61db81,B,UPLOADED,AIP,497190,/api/v2/location/11a1c5ca-cb7e-448e-9ece-57f671e94057/,3bf4/1798/4389/45ee/99b8/3dd6/fe61/db81/a5efb5d1-0484-429c-95a5-15c12ff40ca0_B002.01.0098.0038.00004_transfer-3bf41798-4389-45ee-99b8-3dd6fe61db81.7z,"Letter from C.D. Spivak to Dr. Adolph Zederbaum, 1906 December 17"
7afbfad4-b13b-463c-8c58-1a0abe3f8075,B,UPLOADED,AIP,845035,/api/v2/location/11a1c5ca-cb7e-448e-9ece-57f671e94057/,7afb/fad4/b13b/463c/8c58/1a0a/be3f/8075/a5efb5d1-0484-429c-95a5-15c12ff40ca0_B002.01.0098.0033.00001_transfer-7afbfad4-b13b-463c-8c58-1a0abe3f8075.7z,"Letter from Hartford Societies to JCRS, 1906 November 17"
beaccdae-3f30-4fdc-a013-c7e6811c831d,B,UPLOADED,AIP,332804,/api/v2/location/11a1c5ca-cb7e-448e-9ece-57f671e94057/,beac/cdae/3f30/4fdc/a013/c7e6/811c/831d/a5efb5d1-0484-429c-95a5-15c12ff40ca0_B002.01.0098.0014.00001_transfer-beaccdae-3f30-4fdc-a013-c7e6811c831d.7z,"Letter from George J. Gordon to JCRS, 1906 October 24"
4f774b8d-783e-46ab-b904-765b8b86d466,B,UPLOADED,AIP,452862851,/api/v2/location/11a1c5ca-cb7e-448e-9ece-57f671e94057/,4f77/4b8d/783e/46ab/b904/765b/8b86/d466/a5efb5d1-0484-429c-95a5-15c12ff40ca0_B002.05.0206.00001.00028_transfer-4f774b8d-783e-46ab-b904-765b8b86d466.7z,"Sanatorium, Volume 19, Number 1 (January, February, March 1925), 1925"
48255bc9-5fd3-46bb-b0d7-f67b05ae4a4f,B,UPLOADED,AIP,218323690,/api/v2/location/11a1c5ca-cb7e-448e-9ece-57f671e94057/,4825/5bc9/5fd3/46bb/b0d7/f67b/05ae/4a4f/a5efb5d1-0484-429c-95a5-15c12ff40ca0_B002.05.0206.00002.00023_transfer-48255bc9-5fd3-46bb-b0d7-f67b05ae4a4f.7z,"Sanatorium, Volume 8, Number 3 (July-August 1914), 1914"
2528caf8-3179-4476-925b-d1fef49ecff2,B,UPLOADED,AIP,1310062,/api/v2/location/11a1c5ca-cb7e-448e-9ece-57f671e94057/,2528/caf8/3179/4476/925b/d1fe/f49e/cff2/a5efb5d1-0484-429c-95a5-15c12ff40ca0_B002.01.0098.0012.00002_transfer-2528caf8-3179-4476-925b-d1fef49ecff2.7z,"Sam Dworkin's application to JCRS, 1906 October 25"
92b99350-e991-4b9e-a5e2-93fdbc3654c1,B,UPLOADED,AIP,601420,/api/v2/location/11a1c5ca-cb7e-448e-9ece-57f671e94057/,92b9/9350/e991/4b9e/a5e2/93fd/bc36/54c1/a5efb5d1-0484-429c-95a5-15c12ff40ca0_B002.01.0098.0034.00011_transfer-92b99350-e991-4b9e-a5e2-93fdbc3654c1.7z,"Letter from Morris Edelstein to JCRS, 1907 January 12"
ecfbf207-15e9-40c1-b70d-4657c05cf00d,B,UPLOADED,AIP,495983,/api/v2/location/11a1c5ca-cb7e-448e-9ece-57f671e94057/,ecfb/f207/15e9/40c1/b70d/4657/c05c/f00d/a5efb5d1-0484-429c-95a5-15c12ff40ca0_B002.01.0098.0021.00006_transfer-ecfbf207-15e9-40c1-b70d-4657c05cf00d.7z,"Letter from JCRS to Mrs. Gleekman, 1906 December 14"
67fb9a78-fa42-414b-8869-f11c58f904a3,B,UPLOADED,AIP,543393,/api/v2/location/11a1c5ca-cb7e-448e-9ece-57f671e94057/,67fb/9a78/fa42/414b/8869/f11c/58f9/04a3/a5efb5d1-0484-429c-95a5-15c12ff40ca0_B002.01.0098.0039.00006_transfer-67fb9a78-fa42-414b-8869-f11c58f904a3.7z,"Letter from JCRS to Mrs. Sarah Sher, 1907 January 28"
3628c48c-2c1a-436e-a447-fa3850d667da,B,UPLOADED,AIP,680084,/api/v2/location/11a1c5ca-cb7e-448e-9ece-57f671e94057/,3628/c48c/2c1a/436e/a447/fa38/50d6/67da/a5efb5d1-0484-429c-95a5-15c12ff40ca0_B002.01.0098.0034.00012_transfer-3628c48c-2c1a-436e-a447-fa3850d667da.7z,"Letter from JCRS to Mr. M.A. Saly, 1907 March 20"
4a07f4df-437f-4212-82e1-a9f9850f0509,B,UPLOADED,AIP,492055,/api/v2/location/11a1c5ca-cb7e-448e-9ece-57f671e94057/,4a07/f4df/437f/4212/82e1/a9f9/850f/0509/a5efb5d1-0484-429c-95a5-15c12ff40ca0_B002.01.0098.0040.00014_transfer-4a07f4df-437f-4212-82e1-a9f9850f0509.7z,"Letter from JCRS to Henry Cohen, 1908 July 15"
80db6c95-c787-40f5-9af1-2a8e0c6c9899,B,UPLOADED,AIP,400313689,/api/v2/location/11a1c5ca-cb7e-448e-9ece-57f671e94057/,80db/6c95/c787/40f5/9af1/2a8e/0c6c/9899/a5efb5d1-0484-429c-95a5-15c12ff40ca0_B002.05.0206.00001.00037_transfer-80db6c95-c787-40f5-9af1-2a8e0c6c9899.7z,"Sanatorium, Volume 22, Number 2 (April, May, June 1927), 1927"
5b2a41a8-7bd2-4088-8fc8-3a9049aa9de7,B,UPLOADED,AIP,1443300,/api/v2/location/11a1c5ca-cb7e-448e-9ece-57f671e94057/,5b2a/41a8/7bd2/4088/8fc8/3a90/49aa/9de7/a5efb5d1-0484-429c-95a5-15c12ff40ca0_B002.01.0098.0036.00001_transfer-5b2a41a8-7bd2-4088-8fc8-3a9049aa9de7.7z,"Application of Rosie Berg to JCRS, 1906 December 2"
500e1ab7-f657-44d6-9b94-3694ae944561,B,UPLOADED,AIP,648953,/api/v2/location/11a1c5ca-cb7e-448e-9ece-57f671e94057/,500e/1ab7/f657/44d6/9b94/3694/ae94/4561/a5efb5d1-0484-429c-95a5-15c12ff40ca0_B002.01.0098.0003.00005_transfer-500e1ab7-f657-44d6-9b94-3694ae944561.7z,"Letter of admission from JCRS to Samuel Krawitz, 1906 October 22"
9204f31d-6284-40a8-934f-36ee84e17059,B,UPLOADED,AIP,1884666,/api/v2/location/11a1c5ca-cb7e-448e-9ece-57f671e94057/,9204/f31d/6284/40a8/934f/36ee/84e1/7059/a5efb5d1-0484-429c-95a5-15c12ff40ca0_B002.01.0098.0002.00022_transfer-9204f31d-6284-40a8-934f-36ee84e17059.7z,"Letter from S. J. Blumberg to JCRS, 1909 September 28"
3159b70b-9f99-4ebf-833f-6e4d18cac8ca,B,UPLOADED,AIP,149460,/api/v2/location/11a1c5ca-cb7e-448e-9ece-57f671e94057/,3159/b70b/9f99/4ebf/833f/6e4d/18ca/c8ca/a5efb5d1-0484-429c-95a5-15c12ff40ca0_B002.01.0098.0021.00023_transfer-3159b70b-9f99-4ebf-833f-6e4d18cac8ca.7z,"Receipt from Isidor Hurwiz Club to JCRS, 1907 July 31"
a51d9ab8-bb36-4443-80d2-4cdaf0462ff5,B,UPLOADED,AIP,729599,/api/v2/location/11a1c5ca-cb7e-448e-9ece-57f671e94057/,a51d/9ab8/bb36/4443/80d2/4cda/f046/2ff5/a5efb5d1-0484-429c-95a5-15c12ff40ca0_B002.01.0098.0009.00010_transfer-a51d9ab8-bb36-4443-80d2-4cdaf0462ff5.7z,"Letter from M.R. Smirnow to Dr. Spivak, 1907 March 25"
44bacc25-c89f-4172-a08f-a29609c57c4d,B,UPLOADED,AIP,529577,/api/v2/location/11a1c5ca-cb7e-448e-9ece-57f671e94057/,44ba/cc25/c89f/4172/a08f/a296/09c5/7c4d/a5efb5d1-0484-429c-95a5-15c12ff40ca0_B002.01.0098.0040.00009_transfer-44bacc25-c89f-4172-a08f-a29609c57c4d.7z,"Letter from JCRS to Mr. M. Sever, 1907 March 1"
3c3f41a8-49f5-4710-9283-3ad6bfb35ad4,B,UPLOADED,AIP,559933,/api/v2/location/11a1c5ca-cb7e-448e-9ece-57f671e94057/,3c3f/41a8/49f5/4710/9283/3ad6/bfb3/5ad4/a5efb5d1-0484-429c-95a5-15c12ff40ca0_B002.01.0098.0004.00002_transfer-3c3f41a8-49f5-4710-9283-3ad6bfb35ad4.7z,"Letter from JCRS to Mr. Benj. Samowitz, 1906 October 17"
845b9841-60fe-49cf-9a4f-4ccd501a700d,B,UPLOADED,AIP,732923,/api/v2/location/11a1c5ca-cb7e-448e-9ece-57f671e94057/,845b/9841/60fe/49cf/9a4f/4ccd/501a/700d/a5efb5d1-0484-429c-95a5-15c12ff40ca0_B002.01.0098.0011.00010_transfer-845b9841-60fe-49cf-9a4f-4ccd501a700d.7z,"Letter from Julius Ginewsky of Share Thora Lodge to JCRS, 1906 December 12"
9f686b32-5821-4aa8-ac6e-72cd99bbd29c,B,UPLOADED,AIP,633512,/api/v2/location/11a1c5ca-cb7e-448e-9ece-57f671e94057/,9f68/6b32/5821/4aa8/ac6e/72cd/99bb/d29c/a5efb5d1-0484-429c-95a5-15c12ff40ca0_B002.01.0098.0015.00012_transfer-9f686b32-5821-4aa8-ac6e-72cd99bbd29c.7z,"Letter from Mrs. S. Roisner to Dr. Spivak, 1906 December 18"
6bc6c70d-3330-42a7-87d2-e9c4d190f6a8,B,UPLOADED,AIP,186658842,/api/v2/location/11a1c5ca-cb7e-448e-9ece-57f671e94057/,6bc6/c70d/3330/42a7/87d2/e9c4/d190/f6a8/a5efb5d1-0484-429c-95a5-15c12ff40ca0_B002.05.0206.00002.00030_transfer-6bc6c70d-3330-42a7-87d2-e9c4d190f6a8.7z,"Sanatorium, Volume 10, Number 2 (April, May, June 1916), 1916"
c5880c57-8b0d-4d7e-975f-039b95214ff3,B,UPLOADED,AIP,442536775,/api/v2/location/11a1c5ca-cb7e-448e-9ece-57f671e94057/,c588/0c57/8b0d/4d7e/975f/039b/9521/4ff3/a5efb5d1-0484-429c-95a5-15c12ff40ca0_B002.05.0206.00001.00026_transfer-c5880c57-8b0d-4d7e-975f-039b95214ff3.7z,"Sanatorium, Volume 18, Number 3 (July, August, September 1924), 1924"
f6d405e6-d65a-44ed-9684-7b3f843dfbfc,B,UPLOADED,AIP,1404356,/api/v2/location/11a1c5ca-cb7e-448e-9ece-57f671e94057/,f6d4/05e6/d65a/44ed/9684/7b3f/843d/fbfc/a5efb5d1-0484-429c-95a5-15c12ff40ca0_B002.01.0098.0015.00005_transfer-f6d405e6-d65a-44ed-9684-7b3f843dfbfc.7z,"Jacob Gleeman's application to JCRS, 1906 November 1"
d00b1e0f-2cb0-4555-b85f-5ddd065b3ea5,B,UPLOADED,AIP,656976,/api/v2/location/11a1c5ca-cb7e-448e-9ece-57f671e94057/,d00b/1e0f/2cb0/4555/b85f/5ddd/065b/3ea5/a5efb5d1-0484-429c-95a5-15c12ff40ca0_B002.01.0098.0021.00008_transfer-d00b1e0f-2cb0-4555-b85f-5ddd065b3ea5.7z,"Letter from JCRS To Mr. Max Siegel [Siegle], 1906 December 14"
7de209d5-7ccd-4cc1-b592-c475bd2f26ab,B,UPLOADED,AIP,669830,/api/v2/location/11a1c5ca-cb7e-448e-9ece-57f671e94057/,7de2/09d5/7ccd/4cc1/b592/c475/bd2f/26ab/a5efb5d1-0484-429c-95a5-15c12ff40ca0_B002.01.0098.0021.00016_transfer-7de209d5-7ccd-4cc1-b592-c475bd2f26ab.7z,"Letter from JCRS to Mr. Jacob Blum, 1907 May 28"
adc0c275-e4f2-4752-bab4-d225d8bea0dc,B,UPLOADED,AIP,778899,/api/v2/location/11a1c5ca-cb7e-448e-9ece-57f671e94057/,adc0/c275/e4f2/4752/bab4/d225/d8be/a0dc/a5efb5d1-0484-429c-95a5-15c12ff40ca0_B002.01.0098.0003.00003_transfer-adc0c275-e4f2-4752-bab4-d225d8bea0dc.7z,"Letter from JCRS to Mr. Isaac Jaffe, 1906 October 22"
d21821c2-8f63-42e6-8a99-af4c432a441d,B,UPLOADED,AIP,714301,/api/v2/location/11a1c5ca-cb7e-448e-9ece-57f671e94057/,d218/21c2/8f63/42e6/8a99/af4c/432a/441d/a5efb5d1-0484-429c-95a5-15c12ff40ca0_B002.01.0098.0011.00011_transfer-d21821c2-8f63-42e6-8a99-af4c432a441d.7z,"Letter from JCRS to Mr. Julius Ginewasky Recording Sec'y Share Thora Lodge #219, 1906 December 18"
ec7680e0-a10a-406e-82e3-1e5032e9820a,B,UPLOADED,AIP,621198,/api/v2/location/11a1c5ca-cb7e-448e-9ece-57f671e94057/,ec76/80e0/a10a/406e/82e3/1e50/32e9/820a/a5efb5d1-0484-429c-95a5-15c12ff40ca0_B002.01.0098.0013.00004_transfer-ec7680e0-a10a-406e-82e3-1e5032e9820a.7z,"Letter from JCRS to Mr. Sam Rothchild, 1904 November 23"
06ecc19d-5933-4c57-a63f-9d3a54a1acf0,B,UPLOADED,AIP,448682,/api/v2/location/11a1c5ca-cb7e-448e-9ece-57f671e94057/,06ec/c19d/5933/4c57/a63f/9d3a/54a1/acf0/a5efb5d1-0484-429c-95a5-15c12ff40ca0_B002.01.0098.0021.00026_transfer-06ecc19d-5933-4c57-a63f-9d3a54a1acf0.7z,"Letter from Mrs. Lena Siegle to Dr Spivak, 1908 December 23"
d3dd92c5-59be-4819-8edd-f378d5d7f2f7,B,UPLOADED,AIP,658643,/api/v2/location/11a1c5ca-cb7e-448e-9ece-57f671e94057/,d3dd/92c5/59be/4819/8edd/f378/d5d7/f2f7/a5efb5d1-0484-429c-95a5-15c12ff40ca0_B002.01.0098.0034.00014_transfer-d3dd92c5-59be-4819-8edd-f378d5d7f2f7.7z,Letter from Beth Medrash Hagodol Cemetery Association to JCRS
e61fdc6b-79d0-4fca-9508-ebde054f52ef,B,UPLOADED,AIP,550904,/api/v2/location/11a1c5ca-cb7e-448e-9ece-57f671e94057/,e61f/dc6b/79d0/4fca/9508/ebde/054f/52ef/a5efb5d1-0484-429c-95a5-15c12ff40ca0_B002.01.0098.0038.00012_transfer-e61fdc6b-79d0-4fca-9508-ebde054f52ef.7z,"Letter from Hartford Ladies Consumptives' Relief Society to JCRS, 1907 January 23"
f9c3499d-ee25-4505-b382-8e040c670aa7,B,UPLOADED,AIP,608266,/api/v2/location/11a1c5ca-cb7e-448e-9ece-57f671e94057/,f9c3/499d/ee25/4505/b382/8e04/0c67/0aa7/a5efb5d1-0484-429c-95a5-15c12ff40ca0_B002.01.0098.0014.00006_transfer-f9c3499d-ee25-4505-b382-8e040c670aa7.7z,"Letter from JCRS to Mr. Lippman Levin, 1906 November 5"
b3d69623-14e9-43dd-9617-89903804bed2,B,UPLOADED,AIP,754604,/api/v2/location/11a1c5ca-cb7e-448e-9ece-57f671e94057/,b3d6/9623/14e9/43dd/9617/8990/3804/bed2/a5efb5d1-0484-429c-95a5-15c12ff40ca0_B002.01.0098.0010.00001_transfer-b3d69623-14e9-43dd-9617-89903804bed2.7z,"Letter of recomendation to JCRS from Leonard Leisersohn, 1906 October 9"
66e7f891-e9ff-45fd-b8c2-ebf7ea3d25d6,B,UPLOADED,AIP,1484163,/api/v2/location/11a1c5ca-cb7e-448e-9ece-57f671e94057/,66e7/f891/e9ff/45fd/b8c2/ebf7/ea3d/25d6/a5efb5d1-0484-429c-95a5-15c12ff40ca0_B002.01.0098.0016.00008_transfer-66e7f891-e9ff-45fd-b8c2-ebf7ea3d25d6.7z,"Letter from Mr. Holmstock to JCRS, 1907 March 6"
e4cb4d89-0248-4984-9c08-a6784df0a331,B,UPLOADED,AIP,440778789,/api/v2/location/11a1c5ca-cb7e-448e-9ece-57f671e94057/,e4cb/4d89/0248/4984/9c08/a678/4df0/a331/a5efb5d1-0484-429c-95a5-15c12ff40ca0_B002.05.0206.00001.00018_transfer-e4cb4d89-0248-4984-9c08-a6784df0a331.7z,"Sanatorium, Volume 16, Number 3 (July, August, September 1922), 1922"
0d7fd434-9594-495e-850a-8b3ed2470ae1,B,UPLOADED,AIP,1103755,/api/v2/location/11a1c5ca-cb7e-448e-9ece-57f671e94057/,0d7f/d434/9594/495e/850a/8b3e/d247/0ae1/a5efb5d1-0484-429c-95a5-15c12ff40ca0_B002.01.0098.0002.00016_transfer-0d7fd434-9594-495e-850a-8b3ed2470ae1.7z,"Letter from S. J Blumberg to JCRS, 1909 August 24"
052f4f9b-f4c9-4bdb-b6c8-9cb947ddeb2b,B,UPLOADED,AIP,302294,/api/v2/location/11a1c5ca-cb7e-448e-9ece-57f671e94057/,052f/4f9b/f4c9/4bdb/b6c8/9cb9/47dd/eb2b/a5efb5d1-0484-429c-95a5-15c12ff40ca0_B002.01.0098.0038.00007_transfer-052f4f9b-f4c9-4bdb-b6c8-9cb947ddeb2b.7z,"Note from S. Bloomgarden in Receipt of Ten Dollars, 1907 January 3"
7c061760-63b0-41e8-8331-19d0a2832928,B,UPLOADED,AIP,715964,/api/v2/location/11a1c5ca-cb7e-448e-9ece-57f671e94057/,7c06/1760/63b0/41e8/8331/19d0/a283/2928/a5efb5d1-0484-429c-95a5-15c12ff40ca0_B002.01.0098.0004.00008_transfer-7c061760-63b0-41e8-8331-19d0a2832928.7z,"Letter from JCRS to Mrs. L. Lichtenfeld, 1907 April 29"
db13483a-2ef2-4d76-a2bb-6174eb1f9f76,B,UPLOADED,AIP,677053,/api/v2/location/11a1c5ca-cb7e-448e-9ece-57f671e94057/,db13/483a/2ef2/4d76/a2bb/6174/eb1f/9f76/a5efb5d1-0484-429c-95a5-15c12ff40ca0_B002.01.0098.0025.00009_transfer-db13483a-2ef2-4d76-a2bb-6174eb1f9f76.7z,"Letter from JCRS to Hebrew Ladies Relief Association, 1906 November 17"
177fc663-3b4f-4483-a7e7-2cf02523af3b,B,UPLOADED,AIP,585924,/api/v2/location/11a1c5ca-cb7e-448e-9ece-57f671e94057/,177f/c663/3b4f/4483/a7e7/2cf0/2523/af3b/a5efb5d1-0484-429c-95a5-15c12ff40ca0_B002.01.0098.0011.00001_transfer-177fc663-3b4f-4483-a7e7-2cf02523af3b.7z,"Letter from Jacob Schoen to Dr. Spivak at JCRS, 1906 September 24"
ef4fb42e-010a-4679-a23d-771949ab391a,B,UPLOADED,AIP,348991,/api/v2/location/11a1c5ca-cb7e-448e-9ece-57f671e94057/,ef4f/b42e/010a/4679/a23d/7719/49ab/391a/a5efb5d1-0484-429c-95a5-15c12ff40ca0_B002.01.0098.0010.00006_transfer-ef4fb42e-010a-4679-a23d-771949ab391a.7z,"Letter from JCRS to Mrs. Esther Weinberg [Weinberger], 1907 February 19"
aa6954d0-d4de-4281-a8ff-eb975034f8e1,B,UPLOADED,AIP,219714,/api/v2/location/11a1c5ca-cb7e-448e-9ece-57f671e94057/,aa69/54d0/d4de/4281/a8ff/eb97/5034/f8e1/a5efb5d1-0484-429c-95a5-15c12ff40ca0_B002.01.0098.0012.00010_transfer-aa6954d0-d4de-4281-a8ff-eb975034f8e1.7z,"Envelope addressed to Dr. P. Hillkowitz, 1908 May 21"
ff72e18e-7599-4436-9808-91af0c126b31,B,UPLOADED,AIP,705099,/api/v2/location/11a1c5ca-cb7e-448e-9ece-57f671e94057/,ff72/e18e/7599/4436/9808/91af/0c12/6b31/a5efb5d1-0484-429c-95a5-15c12ff40ca0_B002.01.0098.0006.00002_transfer-ff72e18e-7599-4436-9808-91af0c126b31.7z,"Letter from JCRS to Mr. Morris Elowitz, 1906 October 27"
25e5a1cc-b4cb-4225-b937-903890ad25a2,B,UPLOADED,AIP,1977974,/api/v2/location/11a1c5ca-cb7e-448e-9ece-57f671e94057/,25e5/a1cc/b4cb/4225/b937/9038/90ad/25a2/a5efb5d1-0484-429c-95a5-15c12ff40ca0_B002.01.0098.0002.00011_transfer-25e5a1cc-b4cb-4225-b937-903890ad25a2.7z,"Letter from J. B. Fish to JCRS, 1907 December 11"
d4302799-4593-4beb-9b5f-459615cf4096,B,UPLOADED,AIP,544172,/api/v2/location/11a1c5ca-cb7e-448e-9ece-57f671e94057/,d430/2799/4593/4beb/9b5f/4596/15cf/4096/a5efb5d1-0484-429c-95a5-15c12ff40ca0_B002.01.0098.0013.00008_transfer-d4302799-4593-4beb-9b5f-459615cf4096.7z,"Letter from JCRS to Mr. Sam Mayerson, 1910 February 23"
a5f00ec9-2aea-4ade-9337-21eed2410302,B,UPLOADED,AIP,681893,/api/v2/location/11a1c5ca-cb7e-448e-9ece-57f671e94057/,a5f0/0ec9/2aea/4ade/9337/21ee/d241/0302/a5efb5d1-0484-429c-95a5-15c12ff40ca0_B002.01.0098.0025.00013_transfer-a5f00ec9-2aea-4ade-9337-21eed2410302.7z,"Letter from JCRS to Mrs. Yetta Bernick, 1907 February 21"
3a550586-3695-4290-a4dd-2f713e6108dd,B,UPLOADED,AIP,388185,/api/v2/location/11a1c5ca-cb7e-448e-9ece-57f671e94057/,3a55/0586/3695/4290/a4dd/2f71/3e61/08dd/a5efb5d1-0484-429c-95a5-15c12ff40ca0_B002.01.0098.0034.00008_transfer-3a550586-3695-4290-a4dd-2f713e6108dd.7z,"Letter from Emil Zucker Lodge, No. 371 to JCRS, 1906 December 29"
abf7098c-7156-41d0-a3c0-12f46dcd3159,B,UPLOADED,AIP,1561394,/api/v2/location/11a1c5ca-cb7e-448e-9ece-57f671e94057/,abf7/098c/7156/41d0/a3c0/12f4/6dcd/3159/a5efb5d1-0484-429c-95a5-15c12ff40ca0_B002.01.0098.0016.00002_transfer-abf7098c-7156-41d0-a3c0-12f46dcd3159.7z,"Anna Holmstock's application to JCRS, 1906 November 3"
88909c89-0502-4c1c-8497-c7fe3da1f1b4,B,UPLOADED,AIP,266198,/api/v2/location/11a1c5ca-cb7e-448e-9ece-57f671e94057/,8890/9c89/0502/4c1c/8497/c7fe/3da1/f1b4/a5efb5d1-0484-429c-95a5-15c12ff40ca0_B002.01.0098.0003.00007_transfer-88909c89-0502-4c1c-8497-c7fe3da1f1b4.7z,"Letter from Isaac Jaffe to Dr. Spivak, 1906 October 28"
148822f1-7f18-460b-acb8-12c612b581a5,B,UPLOADED,AIP,673649,/api/v2/location/11a1c5ca-cb7e-448e-9ece-57f671e94057/,1488/22f1/7f18/460b/acb8/12c6/12b5/81a5/a5efb5d1-0484-429c-95a5-15c12ff40ca0_B002.01.0098.0014.00004_transfer-148822f1-7f18-460b-acb8-12c612b581a5.7z,"Letter from JCRS to Mrs. Feige Chavin, 1906 November 5"
afba904b-a6f7-4043-9321-371b42c5a786,B,UPLOADED,AIP,701077,/api/v2/location/11a1c5ca-cb7e-448e-9ece-57f671e94057/,afba/904b/a6f7/4043/9321/371b/42c5/a786/a5efb5d1-0484-429c-95a5-15c12ff40ca0_B002.01.0098.0026.00004_transfer-afba904b-a6f7-4043-9321-371b42c5a786.7z,"Letter from JCRS to Ben Averbach, 2012 December 3"
0c7ad4e6-04cc-4069-974e-31913d2cca11,B,UPLOADED,AIP,767552,/api/v2/location/11a1c5ca-cb7e-448e-9ece-57f671e94057/,0c7a/d4e6/04cc/4069/974e/3191/3d2c/ca11/a5efb5d1-0484-429c-95a5-15c12ff40ca0_B002.01.0098.0025.00020_transfer-0c7ad4e6-04cc-4069-974e-31913d2cca11.7z,"Letter from JCRS to United Jewish Charities, 1907 March 18"
c8ddb96c-3be7-4896-9b0a-0c4a7d49f71c,B,UPLOADED,AIP,643836,/api/v2/location/11a1c5ca-cb7e-448e-9ece-57f671e94057/,c8dd/b96c/3be7/4896/9b0a/0c4a/7d49/f71c/a5efb5d1-0484-429c-95a5-15c12ff40ca0_B002.01.0098.0015.00004_transfer-c8ddb96c-3be7-4896-9b0a-0c4a7d49f71c.7z,"Letter from Mrs. S Roisner to Dr. Spivak at JCRS, 1906 October 26"
8194faf4-32e5-4db8-ba72-53a73afccc6c,B,UPLOADED,AIP,388379408,/api/v2/location/11a1c5ca-cb7e-448e-9ece-57f671e94057/,8194/faf4/32e5/4db8/ba72/53a7/3afc/cc6c/a5efb5d1-0484-429c-95a5-15c12ff40ca0_B002.05.0206.00001.00030_transfer-8194faf4-32e5-4db8-ba72-53a73afccc6c.7z,"Sanatorium, Volume 19, Number 3 (July, August, September 1925), 1925"
6dfb591e-0225-4e99-a213-13c553c92b83,B,UPLOADED,AIP,1622808,/api/v2/location/11a1c5ca-cb7e-448e-9ece-57f671e94057/,6dfb/591e/0225/4e99/a213/13c5/53c9/2b83/a5efb5d1-0484-429c-95a5-15c12ff40ca0_B002.01.0098.0006.00001_transfer-6dfb591e-0225-4e99-a213-13c553c92b83.7z,"Morris Elowitz's application to JCRS, 1906 September 9"
b04ec86c-1a74-455e-805a-c89586eedaaf,B,UPLOADED,AIP,543278,/api/v2/location/11a1c5ca-cb7e-448e-9ece-57f671e94057/,b04e/c86c/1a74/455e/805a/c895/86ee/daaf/a5efb5d1-0484-429c-95a5-15c12ff40ca0_B002.01.0098.0025.00011_transfer-b04ec86c-1a74-455e-805a-c89586eedaaf.7z,"Letter from JCRS to Mrs. Yetta Bernick, 1906 November 17"
182bcbf0-f321-43c8-90cc-5578e9b98e97,B,UPLOADED,AIP,650968,/api/v2/location/11a1c5ca-cb7e-448e-9ece-57f671e94057/,182b/cbf0/f321/43c8/90cc/5578/e9b9/8e97/a5efb5d1-0484-429c-95a5-15c12ff40ca0_B002.01.0098.0025.00008_transfer-182bcbf0-f321-43c8-90cc-5578e9b98e97.7z,"Letter from JCRS to Morris J. Krohn, 1906 November 17"
08408b42-c111-45d1-b370-83cc473900a6,B,UPLOADED,AIP,630750,/api/v2/location/11a1c5ca-cb7e-448e-9ece-57f671e94057/,0840/8b42/c111/45d1/b370/83cc/4739/00a6/a5efb5d1-0484-429c-95a5-15c12ff40ca0_B002.01.0098.0010.00011_transfer-08408b42-c111-45d1-b370-83cc473900a6.7z,"Letter from Mrs. William Weinberger to Dr. Spivak, 1907 April 25"
e13f49c2-b841-4531-85c2-71f1bd13515e,B,UPLOADED,AIP,755362,/api/v2/location/11a1c5ca-cb7e-448e-9ece-57f671e94057/,e13f/49c2/b841/4531/85c2/71f1/bd13/515e/a5efb5d1-0484-429c-95a5-15c12ff40ca0_B002.01.0098.0033.00005_transfer-e13f49c2-b841-4531-85c2-71f1bd13515e.7z,"Letter from JCRS to Nettie Weingart, 1906 December 10"
8d2e5e26-373e-4bdd-8e54-a73d2288dd4f,B,UPLOADED,AIP,620758,/api/v2/location/11a1c5ca-cb7e-448e-9ece-57f671e94057/,8d2e/5e26/373e/4bdd/8e54/a73d/2288/dd4f/a5efb5d1-0484-429c-95a5-15c12ff40ca0_B002.01.0098.0038.00008_transfer-8d2e5e26-373e-4bdd-8e54-a73d2288dd4f.7z,"Letter from JCRS to Hartford Ladies Consumptives' Relief Society, 1907 January 3"
93d84117-47ae-457a-a9b6-ee35f60030e8,B,UPLOADED,AIP,752923,/api/v2/location/11a1c5ca-cb7e-448e-9ece-57f671e94057/,93d8/4117/47ae/457a/a9b6/ee35/f600/30e8/a5efb5d1-0484-429c-95a5-15c12ff40ca0_B002.01.0098.0025.00006_transfer-93d84117-47ae-457a-a9b6-ee35f60030e8.7z,"Letter from Hebrew Ladies Relief Association to JCRS, 1906 November 13"
0c309637-dbad-4886-a6c2-6903d2aead0c,B,UPLOADED,AIP,431555660,/api/v2/location/11a1c5ca-cb7e-448e-9ece-57f671e94057/,0c30/9637/dbad/4886/a6c2/6903/d2ae/ad0c/a5efb5d1-0484-429c-95a5-15c12ff40ca0_B002.05.0206.00001.00029_transfer-0c309637-dbad-4886-a6c2-6903d2aead0c.7z,"Sanatorium, Volume 19, Number 2 (April, May, June 1925), 1925"
a2c19cec-b4a5-4ebb-b3cc-b35769786e76,B,UPLOADED,AIP,1435777,/api/v2/location/11a1c5ca-cb7e-448e-9ece-57f671e94057/,a2c1/9cec/b4a5/4ebb/b3cc/b357/6978/6e76/a5efb5d1-0484-429c-95a5-15c12ff40ca0_B002.01.0098.0001.00004_transfer-a2c19cec-b4a5-4ebb-b3cc-b35769786e76.7z,"Sara Silverman's Application for Admittance to JCRS, 1906 October 4"
ea40dfa6-3eb7-4862-8ecc-476ef290cd44,B,UPLOADED,AIP,503529,/api/v2/location/11a1c5ca-cb7e-448e-9ece-57f671e94057/,ea40/dfa6/3eb7/4862/8ecc/476e/f290/cd44/a5efb5d1-0484-429c-95a5-15c12ff40ca0_B002.01.0098.0011.00005_transfer-ea40dfa6-3eb7-4862-8ecc-476ef290cd44.7z,"Letter from JCRS to Mr. Harry Battock, 1906 October 27"
0ca660f1-5808-4fbb-8477-2844f9e2d32c,B,UPLOADED,AIP,1154862,/api/v2/location/11a1c5ca-cb7e-448e-9ece-57f671e94057/,0ca6/60f1/5808/4fbb/8477/2844/f9e2/d32c/a5efb5d1-0484-429c-95a5-15c12ff40ca0_B002.01.0098.0038.00001_transfer-0ca660f1-5808-4fbb-8477-2844f9e2d32c.7z,"Letter from Hartford Ladies Consumptives' Relief Society to JCRS, 1906 December 10"
a31b8794-8d9f-4c33-953f-5330404deeeb,B,UPLOADED,AIP,661968,/api/v2/location/11a1c5ca-cb7e-448e-9ece-57f671e94057/,a31b/8794/8d9f/4c33/953f/5330/404d/eeeb/a5efb5d1-0484-429c-95a5-15c12ff40ca0_B002.01.0098.0011.00008_transfer-a31b8794-8d9f-4c33-953f-5330404deeeb.7z,"Letter from JCRS to Mr. Jacob Schein [Schoen], 1906 December 10"
4edff261-b4c8-4f63-b76e-532977e0f2f9,B,UPLOADED,AIP,875463,/api/v2/location/11a1c5ca-cb7e-448e-9ece-57f671e94057/,4edf/f261/b4c8/4f63/b76e/5329/77e0/f2f9/a5efb5d1-0484-429c-95a5-15c12ff40ca0_B002.01.0098.0003.00011_transfer-4edff261-b4c8-4f63-b76e-532977e0f2f9.7z,"Letter from Isaac Jaffe to JCRS, 1908 January 4"
7550c9bb-382a-4307-89d3-c178a18c291b,B,UPLOADED,AIP,740554,/api/v2/location/11a1c5ca-cb7e-448e-9ece-57f671e94057/,7550/c9bb/382a/4307/89d3/c178/a18c/291b/a5efb5d1-0484-429c-95a5-15c12ff40ca0_B002.01.0098.0004.00009_transfer-7550c9bb-382a-4307-89d3-c178a18c291b.7z,"Letter from JCRS to Mr. Benjamin Samowitz, 1907 May 15"
6e86fd61-c6f9-4c2d-beae-7058c9860087,B,UPLOADED,AIP,723448,/api/v2/location/11a1c5ca-cb7e-448e-9ece-57f671e94057/,6e86/fd61/c6f9/4c2d/beae/7058/c986/0087/a5efb5d1-0484-429c-95a5-15c12ff40ca0_B002.01.0098.0021.00009_transfer-6e86fd61-c6f9-4c2d-beae-7058c9860087.7z,"Letter from JCRS to Mr. Samuel J. Blum, 1906 December 14"
d2d2e815-bcbc-480e-b80a-27ce8c30ca74,B,UPLOADED,AIP,284684165,/api/v2/location/11a1c5ca-cb7e-448e-9ece-57f671e94057/,d2d2/e815/bcbc/480e/b80a/27ce/8c30/ca74/a5efb5d1-0484-429c-95a5-15c12ff40ca0_B002.05.0206.00001.00020_transfer-d2d2e815-bcbc-480e-b80a-27ce8c30ca74.7z,"Sanatorium, Volume 17, Number 1 (January, February, March 1923), 1923"
3dd4167a-9b33-4b2c-964f-2dc456965dfc,B,UPLOADED,AIP,752557,/api/v2/location/11a1c5ca-cb7e-448e-9ece-57f671e94057/,3dd4/167a/9b33/4b2c/964f/2dc4/5696/5dfc/a5efb5d1-0484-429c-95a5-15c12ff40ca0_B002.01.0098.0037.00010_transfer-3dd4167a-9b33-4b2c-964f-2dc456965dfc.7z,"Letter from JCRS to Hebrew Ladies Aid Association, 1906 December 13"
026d60ca-d569-4dba-b929-ef1a56d2acd2,B,UPLOADED,AIP,297540362,/api/v2/location/11a1c5ca-cb7e-448e-9ece-57f671e94057/,026d/60ca/d569/4dba/b929/ef1a/56d2/acd2/a5efb5d1-0484-429c-95a5-15c12ff40ca0_B002.05.0206.00001.00022_transfer-026d60ca-d569-4dba-b929-ef1a56d2acd2.7z,"Sanatorium, Volume 17, Number 3 (July, August, September 1923), 1923"
4ce35fda-8825-4e8c-8cf4-03e1bf85af7a,B,UPLOADED,AIP,346106,/api/v2/location/11a1c5ca-cb7e-448e-9ece-57f671e94057/,4ce3/5fda/8825/4e8c/8cf4/03e1/bf85/af7a/a5efb5d1-0484-429c-95a5-15c12ff40ca0_B002.01.0098.0001.00006_transfer-4ce35fda-8825-4e8c-8cf4-03e1bf85af7a.7z,"Telegram to Dr. Speelock [Spivak]  from Albert Silverman, 1906 December 4"
286018c7-a212-47dc-bd73-2dbc4b97ef57,B,UPLOADED,AIP,576872,/api/v2/location/11a1c5ca-cb7e-448e-9ece-57f671e94057/,2860/18c7/a212/47dc/bd73/2dbc/4b97/ef57/a5efb5d1-0484-429c-95a5-15c12ff40ca0_B002.01.0098.0021.00030_transfer-286018c7-a212-47dc-bd73-2dbc4b97ef57.7z,"Letter from Dr. Spivak to Mr. Samuel J. Blum., 1906 December 14"
59715f30-142d-427e-a5f8-abf50580765d,B,UPLOADED,AIP,481201,/api/v2/location/11a1c5ca-cb7e-448e-9ece-57f671e94057/,5971/5f30/142d/427e/a5f8/abf5/0580/765d/a5efb5d1-0484-429c-95a5-15c12ff40ca0_B002.01.0098.0010.00018_transfer-59715f30-142d-427e-a5f8-abf50580765d.7z,"Letter from JCRS to Miss Adelaide Kaichem, 1907 July 23"
853117f2-c4a1-4986-adb9-12617438183e,B,UPLOADED,AIP,542157,/api/v2/location/11a1c5ca-cb7e-448e-9ece-57f671e94057/,8531/17f2/c4a1/4986/adb9/1261/7438/183e/a5efb5d1-0484-429c-95a5-15c12ff40ca0_B002.01.0098.0001.00002_transfer-853117f2-c4a1-4986-adb9-12617438183e.7z,"Letter to JCRS, 1906 August 26"
1143bc2d-1e97-4b6f-a930-d0d2213b4390,B,UPLOADED,AIP,671854,/api/v2/location/11a1c5ca-cb7e-448e-9ece-57f671e94057/,1143/bc2d/1e97/4b6f/a930/d0d2/213b/4390/a5efb5d1-0484-429c-95a5-15c12ff40ca0_B002.01.0098.0010.00013_transfer-1143bc2d-1e97-4b6f-a930-d0d2213b4390.7z,"Letter from JCRS to Dr. Spivak, 1907 June 17"
42a876f0-aa73-4878-beac-e85be8801640,B,UPLOADED,AIP,752603,/api/v2/location/11a1c5ca-cb7e-448e-9ece-57f671e94057/,42a8/76f0/aa73/4878/beac/e85b/e880/1640/a5efb5d1-0484-429c-95a5-15c12ff40ca0_B002.01.0098.0020.00001_transfer-42a876f0-aa73-4878-beac-e85be8801640.7z,"Letter from Borris Thomashefksy to JCRS, 1906 August 27"
37cf62e0-ef97-42ef-9fa6-cf550fe3fc76,B,UPLOADED,AIP,1263941,/api/v2/location/11a1c5ca-cb7e-448e-9ece-57f671e94057/,37cf/62e0/ef97/42ef/9fa6/cf55/0fe3/fc76/a5efb5d1-0484-429c-95a5-15c12ff40ca0_B002.01.0098.0011.00004_transfer-37cf62e0-ef97-42ef-9fa6-cf550fe3fc76.7z,"Harry Battock's application, 1906 October 25"
377d61c0-752a-4214-b351-6b4dfb0de7ab,B,UPLOADED,AIP,640987,/api/v2/location/11a1c5ca-cb7e-448e-9ece-57f671e94057/,377d/61c0/752a/4214/b351/6b4d/fb0d/e7ab/a5efb5d1-0484-429c-95a5-15c12ff40ca0_B002.01.0098.0012.00009_transfer-377d61c0-752a-4214-b351-6b4dfb0de7ab.7z,"Letter from JCRS to Mrs. Bruchs, 1907 May 14"
fee38376-6428-4512-8893-73adee44e000,B,UPLOADED,AIP,151538937,/api/v2/location/11a1c5ca-cb7e-448e-9ece-57f671e94057/,fee3/8376/6428/4512/8893/73ad/ee44/e000/a5efb5d1-0484-429c-95a5-15c12ff40ca0_B002.05.0206.00001.00023_transfer-fee38376-6428-4512-8893-73adee44e000.7z,"Sanatorium, Volume 17, Number 4 (October, November, December 1923), 1923"
b920b4ec-3379-4e83-b632-bfd77f55a720,B,UPLOADED,AIP,226016,/api/v2/location/11a1c5ca-cb7e-448e-9ece-57f671e94057/,b920/b4ec/3379/4e83/b632/bfd7/7f55/a720/a5efb5d1-0484-429c-95a5-15c12ff40ca0_B002.01.0098.0029.00016_transfer-b920b4ec-3379-4e83-b632-bfd77f55a720.7z,"Note on circumstances of David Leikind's death, 1906 December 31"
215ff66c-f5b7-4005-94bb-a912c65b7a23,B,UPLOADED,AIP,596810,/api/v2/location/11a1c5ca-cb7e-448e-9ece-57f671e94057/,215f/f66c/f5b7/4005/94bb/a912/c65b/7a23/a5efb5d1-0484-429c-95a5-15c12ff40ca0_B002.01.0098.0037.00005_transfer-215ff66c-f5b7-4005-94bb-a912c65b7a23.7z,"Letter from Rabbi Congregation Aaron to JCRS, 1906 December 9"
5463d90d-47f0-4f40-899e-73a85172f847,B,UPLOADED,AIP,161965583,/api/v2/location/11a1c5ca-cb7e-448e-9ece-57f671e94057/,5463/d90d/47f0/4f40/899e/73a8/5172/f847/a5efb5d1-0484-429c-95a5-15c12ff40ca0_B002.05.0206.00002.00003_transfer-5463d90d-47f0-4f40-899e-73a85172f847.7z,"Sanatorium, Volume 3, Number 6 (November-December 1909), 1909"
e50393c0-735f-413a-9d47-d26022011752,B,UPLOADED,AIP,215417240,/api/v2/location/11a1c5ca-cb7e-448e-9ece-57f671e94057/,e503/93c0/735f/413a/9d47/d260/2201/1752/a5efb5d1-0484-429c-95a5-15c12ff40ca0_B002.05.0206.00002.00001_transfer-e50393c0-735f-413a-9d47-d26022011752.7z,"Sanatorium, Volume 3, Number 4 (July-August 1909), 1909"
04244b42-1539-4f43-9d89-fe7059fbb280,B,UPLOADED,AIP,377593,/api/v2/location/11a1c5ca-cb7e-448e-9ece-57f671e94057/,0424/4b42/1539/4f43/9d89/fe70/59fb/b280/a5efb5d1-0484-429c-95a5-15c12ff40ca0_B002.01.0098.0029.00015_transfer-04244b42-1539-4f43-9d89-fe7059fbb280.7z,"Letter from Mrs. Leikind to JCRS, 1906 December 25"
0fe79f83-2803-46bf-bdbe-20d476726f56,B,UPLOADED,AIP,527416,/api/v2/location/11a1c5ca-cb7e-448e-9ece-57f671e94057/,0fe7/9f83/2803/46bf/bdbe/20d4/7672/6f56/a5efb5d1-0484-429c-95a5-15c12ff40ca0_B002.01.0098.0009.00011_transfer-0fe79f83-2803-46bf-bdbe-20d476726f56.7z,"Letter from Mrs. Bieler to Dr Spivak, 1907 April 8"
5ba73767-3ae9-4aad-9d76-ab4bd1b6d8de,B,UPLOADED,AIP,629064,/api/v2/location/11a1c5ca-cb7e-448e-9ece-57f671e94057/,5ba7/3767/3ae9/4aad/9d76/ab4b/d1b6/d8de/a5efb5d1-0484-429c-95a5-15c12ff40ca0_B002.01.0098.0012.00013_transfer-5ba73767-3ae9-4aad-9d76-ab4bd1b6d8de.7z,"Letter from Mrs. Sam Dworkins to JCRS, 1925 March 24"
0625fe8a-4fb4-4ef7-b883-cbf5ee6cde3e,B,UPLOADED,AIP,706153,/api/v2/location/11a1c5ca-cb7e-448e-9ece-57f671e94057/,0625/fe8a/4fb4/4ef7/b883/cbf5/ee6c/de3e/a5efb5d1-0484-429c-95a5-15c12ff40ca0_B002.01.0098.0029.00011_transfer-0625fe8a-4fb4-4ef7-b883-cbf5ee6cde3e.7z,"Letter from JCRS to Hartford City Lodge No. 202, I.O.B.A., 1906 December 6"
80971abf-7860-40ed-990d-1d99fb85863b,B,UPLOADED,AIP,1287212,/api/v2/location/11a1c5ca-cb7e-448e-9ece-57f671e94057/,8097/1abf/7860/40ed/990d/1d99/fb85/863b/a5efb5d1-0484-429c-95a5-15c12ff40ca0_B002.01.0098.0009.00001_transfer-80971abf-7860-40ed-990d-1d99fb85863b.7z,"Max Bieler's Application to JCRS, 1906 October 18"
191c52d6-64aa-4cb8-8aa3-362b0743860a,B,UPLOADED,AIP,662090,/api/v2/location/11a1c5ca-cb7e-448e-9ece-57f671e94057/,191c/52d6/64aa/4cb8/8aa3/362b/0743/860a/a5efb5d1-0484-429c-95a5-15c12ff40ca0_B002.01.0098.0003.00004_transfer-191c52d6-64aa-4cb8-8aa3-362b0743860a.7z,"Letter from JCRS to Mr. Paul Krawitz, 1906 October 22"
e7c9da8f-7391-421a-980c-c7d093890796,B,UPLOADED,AIP,726971,/api/v2/location/11a1c5ca-cb7e-448e-9ece-57f671e94057/,e7c9/da8f/7391/421a/980c/c7d0/9389/0796/a5efb5d1-0484-429c-95a5-15c12ff40ca0_B002.01.0098.0029.00010_transfer-e7c9da8f-7391-421a-980c-c7d093890796.7z,"Letter from JCRS to Schare Thora Lodge No. 219, I.O.B.A., 1906 December 6"
8b73d392-95be-479a-8e81-34214ca06a29,B,UPLOADED,AIP,767054,/api/v2/location/11a1c5ca-cb7e-448e-9ece-57f671e94057/,8b73/d392/95be/479a/8e81/3421/4ca0/6a29/a5efb5d1-0484-429c-95a5-15c12ff40ca0_B002.01.0098.0025.00015_transfer-8b73d392-95be-479a-8e81-34214ca06a29.7z,"Letter from Hebrew Ladies Relief Association to JCRS, 1907 February 27"
6df4a37a-6671-4b8b-a4b4-69b10e1e99a3,B,UPLOADED,AIP,365856,/api/v2/location/11a1c5ca-cb7e-448e-9ece-57f671e94057/,6df4/a37a/6671/4b8b/a4b4/69b1/0e1e/99a3/a5efb5d1-0484-429c-95a5-15c12ff40ca0_B002.01.0098.0015.00014_transfer-6df4a37a-6671-4b8b-a4b4-69b10e1e99a3.7z,"Note from I. Bercovitz, 1906 December 31"
bc2b917c-5317-4627-ae32-fbb126f9fa24,B,UPLOADED,AIP,394743551,/api/v2/location/11a1c5ca-cb7e-448e-9ece-57f671e94057/,bc2b/917c/5317/4627/ae32/fbb1/26f9/fa24/a5efb5d1-0484-429c-95a5-15c12ff40ca0_B002.05.0206.00002.00014_transfer-bc2b917c-5317-4627-ae32-fbb126f9fa24.7z,"Sanatorium, Volume 6, Numbers 4 and 5 (July-October 1912), 1912"
64659a29-3376-4a37-afcb-2623e7561928,B,UPLOADED,AIP,779274,/api/v2/location/11a1c5ca-cb7e-448e-9ece-57f671e94057/,6465/9a29/3376/4a37/afcb/2623/e756/1928/a5efb5d1-0484-429c-95a5-15c12ff40ca0_B002.01.0098.0028.00001_transfer-64659a29-3376-4a37-afcb-2623e7561928.7z,"Application of Julia Levin to JCRS, 1906 November 14"
baf46cf2-ec5f-4931-8e3c-13dd0ed1201c,B,UPLOADED,AIP,690846,/api/v2/location/11a1c5ca-cb7e-448e-9ece-57f671e94057/,baf4/6cf2/ec5f/4931/8e3c/13dd/0ed1/201c/a5efb5d1-0484-429c-95a5-15c12ff40ca0_B002.01.0098.0033.00007_transfer-baf46cf2-ec5f-4931-8e3c-13dd0ed1201c.7z,"Letter from Miss Nettie Weingart to JCRS, 1907 January 2"
53c6e7b5-5162-4a2f-9899-2b3d393c6590,B,UPLOADED,AIP,1497389,/api/v2/location/11a1c5ca-cb7e-448e-9ece-57f671e94057/,53c6/e7b5/5162/4a2f/9899/2b3d/393c/6590/a5efb5d1-0484-429c-95a5-15c12ff40ca0_B002.01.0098.0033.00010_transfer-53c6e7b5-5162-4a2f-9899-2b3d393c6590.7z,"Letter from JCRS to Nettie Weingart, 1907 January 28"
260ce539-ff9f-463f-bae4-b1715ca1c411,B,UPLOADED,AIP,755609,/api/v2/location/11a1c5ca-cb7e-448e-9ece-57f671e94057/,260c/e539/ff9f/463f/bae4/b171/5ca1/c411/a5efb5d1-0484-429c-95a5-15c12ff40ca0_B002.01.0098.0004.00006_transfer-260ce539-ff9f-463f-bae4-b1715ca1c411.7z,"Letter from JCRS to Mr. Harry Schoen, 1907 April 29"
d113e520-a204-4e49-8ae5-7dac04254bd9,B,UPLOADED,AIP,1515806,/api/v2/location/11a1c5ca-cb7e-448e-9ece-57f671e94057/,d113/e520/a204/4e49/8ae5/7dac/0425/4bd9/a5efb5d1-0484-429c-95a5-15c12ff40ca0_B002.01.0098.0002.00015_transfer-d113e520-a204-4e49-8ae5-7dac04254bd9.7z,"Receipt, 1908 February 28"
a16b69e9-cbe3-467e-b605-326add662dda,B,UPLOADED,AIP,362803,/api/v2/location/11a1c5ca-cb7e-448e-9ece-57f671e94057/,a16b/69e9/cbe3/467e/b605/326a/dd66/2dda/a5efb5d1-0484-429c-95a5-15c12ff40ca0_B002.01.0098.0012.00014_transfer-a16b69e9-cbe3-467e-b605-326add662dda.7z,"Letter from JCRS to Mrs. Sam Dworkin, 1925 March 27"
208a5271-6d07-41c4-ba1a-bdab778bc995,B,UPLOADED,AIP,690208,/api/v2/location/11a1c5ca-cb7e-448e-9ece-57f671e94057/,208a/5271/6d07/41c4/ba1a/bdab/778b/c995/a5efb5d1-0484-429c-95a5-15c12ff40ca0_B002.01.0098.0010.00003_transfer-208a5271-6d07-41c4-ba1a-bdab778bc995.7z,"Letter from JCRS to William Weinberger, 1907 February 16"
d337f8f4-7a95-4a08-b7f7-6ae7beb51168,B,UPLOADED,AIP,209865839,/api/v2/location/11a1c5ca-cb7e-448e-9ece-57f671e94057/,d337/f8f4/7a95/4a08/b7f7/6ae7/beb5/1168/a5efb5d1-0484-429c-95a5-15c12ff40ca0_B002.05.0206.00001.00012_transfer-d337f8f4-7a95-4a08-b7f7-6ae7beb51168.7z,"Sanatorium, Volume 15, Number 1 (January-February-March 1921), 1921"
3e634f9e-9cc2-4886-88ac-7c0ff935d5ba,B,UPLOADED,AIP,349288,/api/v2/location/11a1c5ca-cb7e-448e-9ece-57f671e94057/,3e63/4f9e/9cc2/4886/88ac/7c0f/f935/d5ba/a5efb5d1-0484-429c-95a5-15c12ff40ca0_B002.01.0098.0015.00018_transfer-3e634f9e-9cc2-4886-88ac-7c0ff935d5ba.7z,"Note from I.  Bercovitz, 1907 November 27"
f2402bbd-bff4-4cd8-8181-ddbdf1d83bf1,B,UPLOADED,AIP,660853,/api/v2/location/11a1c5ca-cb7e-448e-9ece-57f671e94057/,f240/2bbd/bff4/4cd8/8181/ddbd/f1d8/3bf1/a5efb5d1-0484-429c-95a5-15c12ff40ca0_B002.01.0098.0012.00005_transfer-f2402bbd-bff4-4cd8-8181-ddbdf1d83bf1.7z,"Letter from JCRS to Mr. A.D. Achtenberg, 1906 November 17"
ab3cce61-4bc4-4b00-bd34-7c6783e51b14,B,UPLOADED,AIP,1423138,/api/v2/location/11a1c5ca-cb7e-448e-9ece-57f671e94057/,ab3c/ce61/4bc4/4b00/bd34/7c67/83e5/1b14/a5efb5d1-0484-429c-95a5-15c12ff40ca0_B002.01.0098.0011.00003_transfer-ab3cce61-4bc4-4b00-bd34-7c6783e51b14.7z,"Re-Examination Chart for Harry Battock, 1906 September 27"
de8f910a-ac12-4363-88df-49c88078b178,B,UPLOADED,AIP,1708947,/api/v2/location/11a1c5ca-cb7e-448e-9ece-57f671e94057/,de8f/910a/ac12/4363/88df/49c8/8078/b178/a5efb5d1-0484-429c-95a5-15c12ff40ca0_B002.01.0098.0002.00014_transfer-de8f910a-ac12-4363-88df-49c88078b178.7z,"Letter from JCRS to Mr. M. A. Sally, 1908 February 27"
dc32831f-5f62-4e70-8b1e-d0e6719a3c54,B,UPLOADED,AIP,507629,/api/v2/location/11a1c5ca-cb7e-448e-9ece-57f671e94057/,dc32/831f/5f62/4e70/8b1e/d0e6/719a/3c54/a5efb5d1-0484-429c-95a5-15c12ff40ca0_B002.01.0098.0021.00005_transfer-dc32831f-5f62-4e70-8b1e-d0e6719a3c54.7z,"Letter from JCRS to Mrs. Lena Siegle, 1906 December 14"
df149284-c037-47c6-a5a9-86c85af26665,B,UPLOADED,AIP,298587,/api/v2/location/11a1c5ca-cb7e-448e-9ece-57f671e94057/,df14/9284/c037/47c6/a5a9/86c8/5af2/6665/a5efb5d1-0484-429c-95a5-15c12ff40ca0_B002.01.0098.0012.00017_transfer-df149284-c037-47c6-a5a9-86c85af26665.7z,"Memo, 1931 July 14"
790c8910-96c7-45eb-b7de-a19677b67e1c,B,UPLOADED,AIP,566525,/api/v2/location/11a1c5ca-cb7e-448e-9ece-57f671e94057/,790c/8910/96c7/45eb/b7de/a196/77b6/7e1c/a5efb5d1-0484-429c-95a5-15c12ff40ca0_B002.01.0098.0014.00009_transfer-790c8910-96c7-45eb-b7de-a19677b67e1c.7z,"Letter from JCRS to Mrs. Feige Chavin, 1906 November 5"
7d13e931-4145-4c3d-90a5-acd9824f9bc0,B,UPLOADED,AIP,1197882,/api/v2/location/11a1c5ca-cb7e-448e-9ece-57f671e94057/,7d13/e931/4145/4c3d/90a5/acd9/824f/9bc0/a5efb5d1-0484-429c-95a5-15c12ff40ca0_B002.01.0098.0002.00001_transfer-7d13e931-4145-4c3d-90a5-acd9824f9bc0.7z,"Hyman Schwartz's Application for Admittance to JCRS, 1906 October 4"
2ae3fe2c-6900-489e-aa75-44577c31e0bf,B,UPLOADED,AIP,476180,/api/v2/location/11a1c5ca-cb7e-448e-9ece-57f671e94057/,2ae3/fe2c/6900/489e/aa75/4457/7c31/e0bf/a5efb5d1-0484-429c-95a5-15c12ff40ca0_B002.01.0098.0010.00014_transfer-2ae3fe2c-6900-489e-aa75-44577c31e0bf.7z,"Letter from JCRS to Unknown, 1907 June 17"
7708f452-0db0-40e6-a196-f4654d7c0830,B,UPLOADED,AIP,563219,/api/v2/location/11a1c5ca-cb7e-448e-9ece-57f671e94057/,7708/f452/0db0/40e6/a196/f465/4d7c/0830/a5efb5d1-0484-429c-95a5-15c12ff40ca0_B002.01.0098.0038.00009_transfer-7708f452-0db0-40e6-a196-f4654d7c0830.7z,"Letter from JCRS to Mr. Harry Johnson, 1907 January 5"
6c49d957-ce06-4b22-8d26-442d2b926227,B,UPLOADED,AIP,347661,/api/v2/location/11a1c5ca-cb7e-448e-9ece-57f671e94057/,6c49/d957/ce06/4b22/8d26/442d/2b92/6227/a5efb5d1-0484-429c-95a5-15c12ff40ca0_B002.01.0098.0025.00007_transfer-6c49d957-ce06-4b22-8d26-442d2b926227.7z,"Letter from Morris J. Krohn to JCRS, 1906 November 14"
1e410c88-ca86-4f6c-a53e-6d074ee781e5,B,UPLOADED,AIP,657217,/api/v2/location/11a1c5ca-cb7e-448e-9ece-57f671e94057/,1e41/0c88/ca86/4f6c/a53e/6d07/4ee7/81e5/a5efb5d1-0484-429c-95a5-15c12ff40ca0_B002.01.0098.0034.00019_transfer-1e410c88-ca86-4f6c-a53e-6d074ee781e5.7z,"Letter from JCRS to Mrs. Lena Marcus, 1909 January 25"
64099911-5bc5-45a8-9b98-eec8d1ae346d,B,UPLOADED,AIP,1526757,/api/v2/location/11a1c5ca-cb7e-448e-9ece-57f671e94057/,6409/9911/5bc5/45a8/9b98/eec8/d1ae/346d/a5efb5d1-0484-429c-95a5-15c12ff40ca0_B002.01.0098.0024.00001_transfer-64099911-5bc5-45a8-9b98-eec8d1ae346d.7z,"Morris Kirtchick's application to JCRS, 1906 November 12"
1289da84-e363-414e-93e1-2dac4e36ded3,B,UPLOADED,AIP,749884,/api/v2/location/11a1c5ca-cb7e-448e-9ece-57f671e94057/,1289/da84/e363/414e/93e1/2dac/4e36/ded3/a5efb5d1-0484-429c-95a5-15c12ff40ca0_B002.01.0098.0012.00011_transfer-1289da84-e363-414e-93e1-2dac4e36ded3.7z,"Letter from I. Karpf to JCRS, 1923 March 12"
2157c2bb-5e03-49c1-ac3c-677d944c6e58,B,UPLOADED,AIP,635112,/api/v2/location/11a1c5ca-cb7e-448e-9ece-57f671e94057/,2157/c2bb/5e03/49c1/ac3c/677d/944c/6e58/a5efb5d1-0484-429c-95a5-15c12ff40ca0_B002.01.0098.0019.00001_transfer-2157c2bb-5e03-49c1-ac3c-677d944c6e58.7z,"Yiddish letter, 1906"
ead7e710-9ed2-4d8b-9e3c-cf8f413fc3a2,B,UPLOADED,AIP,416539,/api/v2/location/11a1c5ca-cb7e-448e-9ece-57f671e94057/,ead7/e710/9ed2/4d8b/9e3c/cf8f/413f/c3a2/a5efb5d1-0484-429c-95a5-15c12ff40ca0_B002.01.0098.0021.00020_transfer-ead7e710-9ed2-4d8b-9e3c-cf8f413fc3a2.7z,"Receipt from M. A. Saly to JCRS, 1907 June 21"
632a3450-dd77-473b-b161-784929d4d6ce,B,UPLOADED,AIP,583806,/api/v2/location/11a1c5ca-cb7e-448e-9ece-57f671e94057/,632a/3450/dd77/473b/b161/7849/29d4/d6ce/a5efb5d1-0484-429c-95a5-15c12ff40ca0_B002.01.0098.0038.00003_transfer-632a3450-dd77-473b-b161-784929d4d6ce.7z,"Letter from C.D. Spivak to Dr. Adolph Zederbaum, 1906 December 17"
acd6df20-5cb7-45a4-9b1d-f737b2cfe5df,B,UPLOADED,AIP,795849,/api/v2/location/11a1c5ca-cb7e-448e-9ece-57f671e94057/,acd6/df20/5cb7/45a4/9b1d/f737/b2cf/e5df/a5efb5d1-0484-429c-95a5-15c12ff40ca0_B002.01.0098.0033.00008_transfer-acd6df20-5cb7-45a4-9b1d-f737b2cfe5df.7z,"Letter from JCRS to Mrs. Nettie Weingart, 1907 January 8"
f532be89-29da-49ac-8e20-537d2c7a507b,B,UPLOADED,AIP,497495,/api/v2/location/11a1c5ca-cb7e-448e-9ece-57f671e94057/,f532/be89/29da/49ac/8e20/537d/2c7a/507b/a5efb5d1-0484-429c-95a5-15c12ff40ca0_B002.01.0098.0005.00001_transfer-f532be89-29da-49ac-8e20-537d2c7a507b.7z,"Letter from Western Liqour and Wine Co. to JCRS, 1906 October 3"
3f016210-6566-4094-899a-747e83856786,B,UPLOADED,AIP,626339,/api/v2/location/11a1c5ca-cb7e-448e-9ece-57f671e94057/,3f01/6210/6566/4094/899a/747e/8385/6786/a5efb5d1-0484-429c-95a5-15c12ff40ca0_B002.01.0098.0020.00005_transfer-3f016210-6566-4094-899a-747e83856786.7z,"Letter from JCRS to Mr. Thomashefky, 1906 December 10"
60b85fc7-6e50-4db5-9102-0a3f6f5bc959,B,UPLOADED,AIP,450244,/api/v2/location/11a1c5ca-cb7e-448e-9ece-57f671e94057/,60b8/5fc7/6e50/4db5/9102/0a3f/6f5b/c959/a5efb5d1-0484-429c-95a5-15c12ff40ca0_B002.01.0098.0012.00012_transfer-60b85fc7-6e50-4db5-9102-0a3f6f5bc959.7z,"Letter from JCRS to Mr. I. Karpf, 1925 March 27"
2c5ba1fc-d2ed-4c00-9f27-4148a7dee7b5,B,UPLOADED,AIP,1411802,/api/v2/location/11a1c5ca-cb7e-448e-9ece-57f671e94057/,2c5b/a1fc/d2ed/4c00/9f27/4148/a7de/e7b5/a5efb5d1-0484-429c-95a5-15c12ff40ca0_B002.01.0098.0001.00005_transfer-2c5ba1fc-d2ed-4c00-9f27-4148a7dee7b5.7z,"Sara Silverman's Emergency Application for JCRS, 1906 October 4"
335e2ccc-c606-40e3-8267-5d67cf02db85,B,UPLOADED,AIP,218580928,/api/v2/location/11a1c5ca-cb7e-448e-9ece-57f671e94057/,335e/2ccc/c606/40e3/8267/5d67/cf02/db85/a5efb5d1-0484-429c-95a5-15c12ff40ca0_B002.05.0206.00002.00007_transfer-335e2ccc-c606-40e3-8267-5d67cf02db85.7z,"Sanatorium, Volume 5, Number 1 (Jan-Feb., 1911), 1911"
95d844dc-216b-4cd7-9827-967814de2463,B,UPLOADED,AIP,687052,/api/v2/location/11a1c5ca-cb7e-448e-9ece-57f671e94057/,95d8/44dc/216b/4cd7/9827/9678/14de/2463/a5efb5d1-0484-429c-95a5-15c12ff40ca0_B002.01.0098.0021.00004_transfer-95d844dc-216b-4cd7-9827-967814de2463.7z,"Letter from Sam'l J Blum to Dr. Spivak, 1906 November 25"
b88915c3-41a5-4122-b171-ad0b6675bc54,B,UPLOADED,AIP,706390,/api/v2/location/11a1c5ca-cb7e-448e-9ece-57f671e94057/,b889/15c3/41a5/4122/b171/ad0b/6675/bc54/a5efb5d1-0484-429c-95a5-15c12ff40ca0_B002.01.0098.0009.00009_transfer-b88915c3-41a5-4122-b171-ad0b6675bc54.7z,"Letter from JCRS to Mrs. Meyer Bieler, 1907 March 18"
420bee2d-b94c-4910-866c-3b7983e61c8d,B,UPLOADED,AIP,189602767,/api/v2/location/11a1c5ca-cb7e-448e-9ece-57f671e94057/,420b/ee2d/b94c/4910/866c/3b79/83e6/1c8d/a5efb5d1-0484-429c-95a5-15c12ff40ca0_B002.05.0206.00002.00011_transfer-420bee2d-b94c-4910-866c-3b7983e61c8d.7z,"Sanatorium, Volume 6, Number 1 (Jan.-Feb. 1912), 1912"
591726d9-ab03-446c-b889-3172ffc74d3a,B,UPLOADED,AIP,660648,/api/v2/location/11a1c5ca-cb7e-448e-9ece-57f671e94057/,5917/26d9/ab03/446c/b889/3172/ffc7/4d3a/a5efb5d1-0484-429c-95a5-15c12ff40ca0_B002.01.0098.0033.00011_transfer-591726d9-ab03-446c-b889-3172ffc74d3a.7z,"Letter from Mrs. N. Weingart to JCRS, 1907 February 5"
8b0fe237-790f-4523-a632-40d8d19f804c,B,UPLOADED,AIP,431851,/api/v2/location/11a1c5ca-cb7e-448e-9ece-57f671e94057/,8b0f/e237/790f/4523/a632/40d8/d19f/804c/a5efb5d1-0484-429c-95a5-15c12ff40ca0_B002.01.0098.0025.00019_transfer-8b0fe237-790f-4523-a632-40d8d19f804c.7z,"Letter from United Jewish Charities to JCRS, 1907 March 13"
f06df9f1-d10e-4bf1-8a1f-6f6ae4dbe109,B,UPLOADED,AIP,597572,/api/v2/location/11a1c5ca-cb7e-448e-9ece-57f671e94057/,f06d/f9f1/d10e/4bf1/8a1f/6f6a/e4db/e109/a5efb5d1-0484-429c-95a5-15c12ff40ca0_B002.01.0098.0005.00004_transfer-f06df9f1-d10e-4bf1-8a1f-6f6ae4dbe109.7z,"Letter from JCRS to Mr. Louis Ratner, 1906 November 10"
26165da3-4244-4822-b73c-66b781bb12f0,B,UPLOADED,AIP,701080,/api/v2/location/11a1c5ca-cb7e-448e-9ece-57f671e94057/,2616/5da3/4244/4822/b73c/66b7/81bb/12f0/a5efb5d1-0484-429c-95a5-15c12ff40ca0_B002.01.0098.0034.00017_transfer-26165da3-4244-4822-b73c-66b781bb12f0.7z,"Letter from JCRS to Emil Zucker Lodge No. 371, I.O.B.A., 1907 May 24"
d32047b8-5360-4433-8830-fcee447f7bd4,B,UPLOADED,AIP,241444802,/api/v2/location/11a1c5ca-cb7e-448e-9ece-57f671e94057/,d320/47b8/5360/4433/8830/fcee/447f/7bd4/a5efb5d1-0484-429c-95a5-15c12ff40ca0_B002.05.0206.00001.00024_transfer-d32047b8-5360-4433-8830-fcee447f7bd4.7z,"Sanatorium, Volume 18, Number 1 (January, February, March 1924), 1924"
b8023593-66a7-411d-a48c-8a382a4ef4c1,B,UPLOADED,AIP,172658138,/api/v2/location/11a1c5ca-cb7e-448e-9ece-57f671e94057/,b802/3593/66a7/411d/a48c/8a38/2a4e/f4c1/a5efb5d1-0484-429c-95a5-15c12ff40ca0_B002.05.0206.00002.00002_transfer-b8023593-66a7-411d-a48c-8a382a4ef4c1.7z,"Sanatorium, Volume 3, Number 5 (September-October 1909), 1909"
72030b40-0ab1-4a84-a8e6-cd21c272c240,B,UPLOADED,AIP,288694,/api/v2/location/11a1c5ca-cb7e-448e-9ece-57f671e94057/,7203/0b40/0ab1/4a84/a8e6/cd21/c272/c240/a5efb5d1-0484-429c-95a5-15c12ff40ca0_B002.01.0098.0040.00010_transfer-72030b40-0ab1-4a84-a8e6-cd21c272c240.7z,"Postcard from Mr. S.S. Garson to JCRS, 1907 June 14"
aa96ec0f-b6f0-4215-9984-d69c46ba81a4,B,UPLOADED,AIP,640543,/api/v2/location/11a1c5ca-cb7e-448e-9ece-57f671e94057/,aa96/ec0f/b6f0/4215/9984/d69c/46ba/81a4/a5efb5d1-0484-429c-95a5-15c12ff40ca0_B002.01.0098.0025.00003_transfer-aa96ec0f-b6f0-4215-9984-d69c46ba81a4.7z,"Letter from Morris J. Krohn to JCRS, 1906 November 10"
ac7d9f9e-9427-4781-a4ef-5feecb6677b4,B,UPLOADED,AIP,1295090,/api/v2/location/11a1c5ca-cb7e-448e-9ece-57f671e94057/,ac7d/9f9e/9427/4781/a4ef/5fee/cb66/77b4/a5efb5d1-0484-429c-95a5-15c12ff40ca0_B002.01.0098.0025.00005_transfer-ac7d9f9e-9427-4781-a4ef-5feecb6677b4.7z,"Application of Yetta Bernick to JCRS, 1906 November 12"
397af282-7ef9-4646-aaae-7bfe43ad0847,B,UPLOADED,AIP,228301,/api/v2/location/11a1c5ca-cb7e-448e-9ece-57f671e94057/,397a/f282/7ef9/4646/aaae/7bfe/43ad/0847/a5efb5d1-0484-429c-95a5-15c12ff40ca0_B002.01.0098.0033.00006_transfer-397af282-7ef9-4646-aaae-7bfe43ad0847.7z,Note on the condition of Sam Weingart
02a39244-29ea-4bfa-8218-9ebe18e1673c,B,UPLOADED,AIP,218622457,/api/v2/location/11a1c5ca-cb7e-448e-9ece-57f671e94057/,02a3/9244/29ea/4bfa/8218/9ebe/18e1/673c/a5efb5d1-0484-429c-95a5-15c12ff40ca0_B002.05.0206.00002.00017_transfer-02a39244-29ea-4bfa-8218-9ebe18e1673c.7z,"Sanatorium, Volume 7, Number 2 (Mar.-Apr. 1913), 1913"
9f3a7b6e-91b3-43fa-a1d7-edac6b9329a4,B,UPLOADED,AIP,55554078,/api/v2/location/11a1c5ca-cb7e-448e-9ece-57f671e94057/,9f3a/7b6e/91b3/43fa/a1d7/edac/6b93/29a4/a5efb5d1-0484-429c-95a5-15c12ff40ca0_B002.05.0206.00002.00025_transfer-9f3a7b6e-91b3-43fa-a1d7-edac6b9329a4.7z,"Sanatorium, Volume 9, Number 1 (January-February 1915), 1915"
b479f914-5f93-46f9-af81-eee50e87c7e9,B,UPLOADED,AIP,137942575,/api/v2/location/11a1c5ca-cb7e-448e-9ece-57f671e94057/,b479/f914/5f93/46f9/af81/eee5/0e87/c7e9/a5efb5d1-0484-429c-95a5-15c12ff40ca0_B002.05.0206.00001.00041_transfer-b479f914-5f93-46f9-af81-eee50e87c7e9.7z,"Sanatorium, Volume 23, Number 3 (July-October 1, 1928), 1928"
29e111f4-e847-4a08-8bc0-1cd58b2173a1,B,UPLOADED,AIP,742143,/api/v2/location/11a1c5ca-cb7e-448e-9ece-57f671e94057/,29e1/11f4/e847/4a08/8bc0/1cd5/8b21/73a1/a5efb5d1-0484-429c-95a5-15c12ff40ca0_B002.01.0098.0003.00015_transfer-29e111f4-e847-4a08-8bc0-1cd58b2173a1.7z,"Letter from JCRS to Mr Samuel Krawitz, 1906 March 16"
0427eab4-2128-4a24-9505-fcfd6c4ef214,B,UPLOADED,AIP,211666439,/api/v2/location/11a1c5ca-cb7e-448e-9ece-57f671e94057/,0427/eab4/2128/4a24/9505/fcfd/6c4e/f214/a5efb5d1-0484-429c-95a5-15c12ff40ca0_B002.05.0206.00001.00015_transfer-0427eab4-2128-4a24-9505-fcfd6c4ef214.7z,"Sanatorium, Volume 15, Number 4 (October, November, December 1921), 1921"
087e220a-7e7e-44e0-9c9f-90da460f32e8,B,UPLOADED,AIP,656210,/api/v2/location/11a1c5ca-cb7e-448e-9ece-57f671e94057/,087e/220a/7e7e/44e0/9c9f/90da/460f/32e8/a5efb5d1-0484-429c-95a5-15c12ff40ca0_B002.01.0098.0009.00013_transfer-087e220a-7e7e-44e0-9c9f-90da460f32e8.7z,"Letter from JCRS to Dr. E. A. Ryerson, 1907 August 21"
cfb06efe-9fb3-478f-99c8-6fb1067cec16,B,UPLOADED,AIP,1392025,/api/v2/location/11a1c5ca-cb7e-448e-9ece-57f671e94057/,cfb0/6efe/9fb3/478f/99c8/6fb1/067c/ec16/a5efb5d1-0484-429c-95a5-15c12ff40ca0_B002.01.0098.0039.00002_transfer-cfb06efe-9fb3-478f-99c8-6fb1067cec16.7z,"Application of Samuel Sher to JCRS, 1906 December 19"
f66faf59-c312-40b6-9235-7f8ccfcfacd1,B,UPLOADED,AIP,727858,/api/v2/location/11a1c5ca-cb7e-448e-9ece-57f671e94057/,f66f/af59/c312/40b6/9235/7f8c/cfcf/acd1/a5efb5d1-0484-429c-95a5-15c12ff40ca0_B002.01.0098.0029.00002_transfer-f66faf59-c312-40b6-9235-7f8ccfcfacd1.7z,"Letter from Ararat Lodge No. 13 to JCRS, 1906 October 23"
74a1d6ea-7f89-42fa-91da-07c66a76357a,B,UPLOADED,AIP,93012040,/api/v2/location/11a1c5ca-cb7e-448e-9ece-57f671e94057/,74a1/d6ea/7f89/42fa/91da/07c6/6a76/357a/a5efb5d1-0484-429c-95a5-15c12ff40ca0_B002.05.0206.00001.00008_transfer-74a1d6ea-7f89-42fa-91da-07c66a76357a.7z,"Sanatorium, Volume 14, Number 1 (January-February-March 1920), 1920"
ae362f33-cb52-4ca3-aa57-44c893c56136,B,UPLOADED,AIP,1558235,/api/v2/location/11a1c5ca-cb7e-448e-9ece-57f671e94057/,ae36/2f33/cb52/4ca3/aa57/44c8/93c5/6136/a5efb5d1-0484-429c-95a5-15c12ff40ca0_B002.01.0098.0002.00023_transfer-ae362f33-cb52-4ca3-aa57-44c893c56136.7z,"Letter from JCRS to Mr. J. Blumberg, 1909 September 29"
d8167d9d-00b2-4118-8ae1-b7696f92c004,B,UPLOADED,AIP,201732232,/api/v2/location/11a1c5ca-cb7e-448e-9ece-57f671e94057/,d816/7d9d/00b2/4118/8ae1/b769/6f92/c004/a5efb5d1-0484-429c-95a5-15c12ff40ca0_B002.05.0206.00002.00005_transfer-d8167d9d-00b2-4118-8ae1-b7696f92c004.7z,"Sanatorium, Volume 4, Numbers 2 and 3 (March-June, 1910), 1910"
b2f06781-b88d-4a84-8f6f-4c849ca5ec5e,B,UPLOADED,AIP,599860,/api/v2/location/11a1c5ca-cb7e-448e-9ece-57f671e94057/,b2f0/6781/b88d/4a84/8f6f/4c84/9ca5/ec5e/a5efb5d1-0484-429c-95a5-15c12ff40ca0_B002.01.0098.0037.00008_transfer-b2f06781-b88d-4a84-8f6f-4c849ca5ec5e.7z,"Letter from JCRS to Rabbi Congregation Aaron, 1906 December 13"
86482a7c-82c7-4bcb-a2ac-277b3899b19a,B,UPLOADED,AIP,470899,/api/v2/location/11a1c5ca-cb7e-448e-9ece-57f671e94057/,8648/2a7c/82c7/4bcb/a2ac/277b/3899/b19a/a5efb5d1-0484-429c-95a5-15c12ff40ca0_B002.01.0098.0021.00001_transfer-86482a7c-82c7-4bcb-a2ac-277b3899b19a.7z,"Letter from H Ricklin to Dr. Spivak, 1906 October 18"
6aca8d3b-ac03-4890-8646-88720d00cd65,B,UPLOADED,AIP,109455401,/api/v2/location/11a1c5ca-cb7e-448e-9ece-57f671e94057/,6aca/8d3b/ac03/4890/8646/8872/0d00/cd65/a5efb5d1-0484-429c-95a5-15c12ff40ca0_B002.05.0206.00002.00033_transfer-6aca8d3b-ac03-4890-8646-88720d00cd65.7z,"Sanatorium, Volume 11, Number 2 (April, May, June 1917), 1917"
8ee94e37-23a0-4705-a5f1-b0ccfeafc36c,B,UPLOADED,AIP,195583813,/api/v2/location/11a1c5ca-cb7e-448e-9ece-57f671e94057/,8ee9/4e37/23a0/4705/a5f1/b0cc/feaf/c36c/a5efb5d1-0484-429c-95a5-15c12ff40ca0_B002.05.0206.00001.00013_transfer-8ee94e37-23a0-4705-a5f1-b0ccfeafc36c.7z,"Sanatorium, Volume 15, Number 2 (April, May, June 1921), 1921"
d85c75f7-e4fe-4202-a9d3-16437c6b8f6f,B,UPLOADED,AIP,645016,/api/v2/location/11a1c5ca-cb7e-448e-9ece-57f671e94057/,d85c/75f7/e4fe/4202/a9d3/1643/7c6b/8f6f/a5efb5d1-0484-429c-95a5-15c12ff40ca0_B002.01.0098.0032.00001_transfer-d85c75f7-e4fe-4202-a9d3-16437c6b8f6f.7z,"Letter from JCRS to Mr. Sam Simon, 1906 November 24"
ae2b3774-f9fd-4f35-8f68-7cc801092318,B,UPLOADED,AIP,456224,/api/v2/location/11a1c5ca-cb7e-448e-9ece-57f671e94057/,ae2b/3774/f9fd/4f35/8f68/7cc8/0109/2318/a5efb5d1-0484-429c-95a5-15c12ff40ca0_B002.01.0098.0009.00006_transfer-ae2b3774-f9fd-4f35-8f68-7cc801092318.7z,"Letter from JCRS to Mr. M. Bieler, 1906 December 24"
e8dc8503-5a72-4388-9029-1e5751229343,B,UPLOADED,AIP,660814,/api/v2/location/11a1c5ca-cb7e-448e-9ece-57f671e94057/,e8dc/8503/5a72/4388/9029/1e57/5122/9343/a5efb5d1-0484-429c-95a5-15c12ff40ca0_B002.01.0098.0005.00005_transfer-e8dc8503-5a72-4388-9029-1e5751229343.7z,"Letter from JCRS to Mr. Max Ratner, 1906 November 10"
f1d53f79-adae-461b-9974-5b88a4f38345,B,UPLOADED,AIP,344622106,/api/v2/location/11a1c5ca-cb7e-448e-9ece-57f671e94057/,f1d5/3f79/adae/461b/9974/5b88/a4f3/8345/a5efb5d1-0484-429c-95a5-15c12ff40ca0_B002.05.0206.00001.00032_transfer-f1d53f79-adae-461b-9974-5b88a4f38345.7z,"Sanatorium, Volume 20, Number 1 (January, February, March 1926), 1926"
5904c1f6-6d89-4e21-9f0f-3e78afe2136a,B,UPLOADED,AIP,1171440,/api/v2/location/11a1c5ca-cb7e-448e-9ece-57f671e94057/,5904/c1f6/6d89/4e21/9f0f/3e78/afe2/136a/a5efb5d1-0484-429c-95a5-15c12ff40ca0_B002.01.0098.0010.00002_transfer-5904c1f6-6d89-4e21-9f0f-3e78afe2136a.7z,"William Weinberger's application, 1906 October 20"
edaca95c-5af9-4c18-a64e-8d947296cc6a,B,UPLOADED,AIP,660921,/api/v2/location/11a1c5ca-cb7e-448e-9ece-57f671e94057/,edac/a95c/5af9/4c18/a64e/8d94/7296/cc6a/a5efb5d1-0484-429c-95a5-15c12ff40ca0_B002.01.0098.0015.00013_transfer-edaca95c-5af9-4c18-a64e-8d947296cc6a.7z,"Letter from JCRS to Mrs. Roisner, 1906 December 21"
cbdd23f8-d135-4bdd-acf0-3507a5912309,B,UPLOADED,AIP,373784,/api/v2/location/11a1c5ca-cb7e-448e-9ece-57f671e94057/,cbdd/23f8/d135/4bdd/acf0/3507/a591/2309/a5efb5d1-0484-429c-95a5-15c12ff40ca0_B002.01.0098.0026.00002_transfer-cbdd23f8-d135-4bdd-acf0-3507a5912309.7z,"Note from Dr. Adolph Zederbaum, 1906 September 12"
78b05124-9697-417f-b7c1-cc07933a256e,B,UPLOADED,AIP,458026,/api/v2/location/11a1c5ca-cb7e-448e-9ece-57f671e94057/,78b0/5124/9697/417f/b7c1/cc07/933a/256e/a5efb5d1-0484-429c-95a5-15c12ff40ca0_B002.01.0098.0040.00004_transfer-78b05124-9697-417f-b7c1-cc07933a256e.7z,"Letter from JCRS to Mr. B. Mitz, 1906 December 24"
872c68dc-599c-4c74-a5a9-cfe12e07b3c2,B,UPLOADED,AIP,736304,/api/v2/location/11a1c5ca-cb7e-448e-9ece-57f671e94057/,872c/68dc/599c/4c74/a5a9/cfe1/2e07/b3c2/a5efb5d1-0484-429c-95a5-15c12ff40ca0_B002.01.0098.0029.00009_transfer-872c68dc-599c-4c74-a5a9-cfe12e07b3c2.7z,"Letter from JCRS to Capitol City Lodge No. 119, I.O.B.A., 1906 December 6"
f864789d-fa83-4a62-9673-38832a2eb65b,B,UPLOADED,AIP,520065,/api/v2/location/11a1c5ca-cb7e-448e-9ece-57f671e94057/,f864/789d/fa83/4a62/9673/3883/2a2e/b65b/a5efb5d1-0484-429c-95a5-15c12ff40ca0_B002.01.0098.0009.00007_transfer-f864789d-fa83-4a62-9673-38832a2eb65b.7z,"Letter from Myer Bieler to Dr. Spivak, 1907 January 7"
9041aa39-3857-4646-817d-da7d11362456,B,UPLOADED,AIP,175986076,/api/v2/location/11a1c5ca-cb7e-448e-9ece-57f671e94057/,9041/aa39/3857/4646/817d/da7d/1136/2456/a5efb5d1-0484-429c-95a5-15c12ff40ca0_B002.05.0206.00002.00029_transfer-9041aa39-3857-4646-817d-da7d11362456.7z,"Sanatorium, Volume 10, Number 1 (September-December 1916), 1916"
253ce8be-24ec-4bf7-ac7a-6df3320146a4,B,UPLOADED,AIP,523020,/api/v2/location/11a1c5ca-cb7e-448e-9ece-57f671e94057/,253c/e8be/24ec/4bf7/ac7a/6df3/3201/46a4/a5efb5d1-0484-429c-95a5-15c12ff40ca0_B002.01.0098.0024.00003_transfer-253ce8be-24ec-4bf7-ac7a-6df3320146a4.7z,"Letter from JCRS to Mr. Morris Kirtchick, 1906 December 14"
ca23c11d-93dd-493e-baaa-258b23e15094,B,UPLOADED,AIP,68423389,/api/v2/location/11a1c5ca-cb7e-448e-9ece-57f671e94057/,ca23/c11d/93dd/493e/baaa/258b/23e1/5094/a5efb5d1-0484-429c-95a5-15c12ff40ca0_B002.05.0206.00001.00009_transfer-ca23c11d-93dd-493e-baaa-258b23e15094.7z,"Sanatorium, Volume 14, Number 2 (April, May, June 1920), 1920"
2b54748f-7d2a-45cd-b90f-fbe6ade6218c,B,UPLOADED,AIP,98093572,/api/v2/location/11a1c5ca-cb7e-448e-9ece-57f671e94057/,2b54/748f/7d2a/45cd/b90f/fbe6/ade6/218c/a5efb5d1-0484-429c-95a5-15c12ff40ca0_B002.05.0206.00002.00022_transfer-2b54748f-7d2a-45cd-b90f-fbe6ade6218c.7z,"Sanatorium, Volume 8, Number 2 (May-June 1914), 1914"
5c20e572-6f97-4c23-be71-7bec9f37c2f8,B,UPLOADED,AIP,615618,/api/v2/location/11a1c5ca-cb7e-448e-9ece-57f671e94057/,5c20/e572/6f97/4c23/be71/7bec/9f37/c2f8/a5efb5d1-0484-429c-95a5-15c12ff40ca0_B002.01.0098.0021.00021_transfer-5c20e572-6f97-4c23-be71-7bec9f37c2f8.7z,"Letter from M.A. Saly to Dr. Spivak, 1907 June 21"
79aa445d-f526-430b-bedf-66243e7a9fff,B,UPLOADED,AIP,1534452,/api/v2/location/11a1c5ca-cb7e-448e-9ece-57f671e94057/,79aa/445d/f526/430b/bedf/6624/3e7a/9fff/a5efb5d1-0484-429c-95a5-15c12ff40ca0_B002.01.0098.0002.00013_transfer-79aa445d-f526-430b-bedf-66243e7a9fff.7z,"Invoice concering the Funeral of H Swartz [Schwartz], 1908 February 13"
bc9b497b-0da2-4cf6-92a2-80385276b1a2,B,UPLOADED,AIP,471605,/api/v2/location/11a1c5ca-cb7e-448e-9ece-57f671e94057/,bc9b/497b/0da2/4cf6/92a2/8038/5276/b1a2/a5efb5d1-0484-429c-95a5-15c12ff40ca0_B002.01.0098.0040.00006_transfer-bc9b497b-0da2-4cf6-92a2-80385276b1a2.7z,"Letter from JCRS to Mrs. Rosie Sever, 1906 December 24"
dd55daae-8529-4ffe-870b-af95e4c90c7a,B,UPLOADED,AIP,632408,/api/v2/location/11a1c5ca-cb7e-448e-9ece-57f671e94057/,dd55/daae/8529/4ffe/870b/af95/e4c9/0c7a/a5efb5d1-0484-429c-95a5-15c12ff40ca0_B002.01.0098.0002.00003_transfer-dd55daae-8529-4ffe-870b-af95e4c90c7a.7z,"Letter from S. S. Gorson to JCRS, 1906 October 10"
c4e1128e-cab7-4e31-8cfd-5c04c89b646e,B,UPLOADED,AIP,429372,/api/v2/location/11a1c5ca-cb7e-448e-9ece-57f671e94057/,c4e1/128e/cab7/4e31/8cfd/5c04/c89b/646e/a5efb5d1-0484-429c-95a5-15c12ff40ca0_B002.01.0098.0012.00016_transfer-c4e1128e-cab7-4e31-8cfd-5c04c89b646e.7z,"Letter from Ben Friedland at JCRS to Mrs. S. Dworkin, 1925 May 20"
cda193ad-da4d-43f4-842b-37b210c019d1,B,UPLOADED,AIP,373568,/api/v2/location/11a1c5ca-cb7e-448e-9ece-57f671e94057/,cda1/93ad/da4d/43f4/842b/37b2/10c0/19d1/a5efb5d1-0484-429c-95a5-15c12ff40ca0_B002.01.0098.0025.00001_transfer-cda193ad-da4d-43f4-842b-37b210c019d1.7z,"Note from Dr. J Block to JCRS, 1906 June 11"
336f1540-904f-4e26-835b-3e1c31fe9276,B,UPLOADED,AIP,648807,/api/v2/location/11a1c5ca-cb7e-448e-9ece-57f671e94057/,336f/1540/904f/4e26/835b/3e1c/31fe/9276/a5efb5d1-0484-429c-95a5-15c12ff40ca0_B002.01.0098.0003.00013_transfer-336f1540-904f-4e26-835b-3e1c31fe9276.7z,"Letter from JCRS to J. B. Fish, 1908 January 17"
d97018ea-3f68-45b8-8306-94fcf47709f5,B,UPLOADED,AIP,168950417,/api/v2/location/11a1c5ca-cb7e-448e-9ece-57f671e94057/,d970/18ea/3f68/45b8/8306/94fc/f477/09f5/a5efb5d1-0484-429c-95a5-15c12ff40ca0_B002.05.0206.00001.00034_transfer-d97018ea-3f68-45b8-8306-94fcf47709f5.7z,"Sanatorium, Volume 20, Number 3 (July, August, September 1926), 1926"
ce41aa92-8d36-4b28-b6ee-3b30cd14826a,B,UPLOADED,AIP,613558,/api/v2/location/11a1c5ca-cb7e-448e-9ece-57f671e94057/,ce41/aa92/8d36/4b28/b6ee/3b30/cd14/826a/a5efb5d1-0484-429c-95a5-15c12ff40ca0_B002.01.0098.0034.00010_transfer-ce41aa92-8d36-4b28-b6ee-3b30cd14826a.7z,"Letter from M.R. Smirnow to Dr. C.D. Spivak, 1907 February 19"
7af8752e-051e-4c27-8a83-2d697a735674,B,UPLOADED,AIP,511203,/api/v2/location/11a1c5ca-cb7e-448e-9ece-57f671e94057/,7af8/752e/051e/4c27/8a83/2d69/7a73/5674/a5efb5d1-0484-429c-95a5-15c12ff40ca0_B002.01.0098.0004.00004_transfer-7af8752e-051e-4c27-8a83-2d697a735674.7z,"Admission letter from JCRS to Mr. Benjamin Samowitz, 1907 April 29"
8bc8e29c-0718-47a3-8421-0af25058a75e,B,UPLOADED,AIP,572869,/api/v2/location/11a1c5ca-cb7e-448e-9ece-57f671e94057/,8bc8/e29c/0718/47a3/8421/0af2/5058/a75e/a5efb5d1-0484-429c-95a5-15c12ff40ca0_B002.01.0098.0037.00004_transfer-8bc8e29c-0718-47a3-8421-0af25058a75e.7z,"Letter from JCRS to Philip Rascower, 1906 December 8"
f21ece51-6220-4304-b580-4b43140871ad,B,UPLOADED,AIP,1939627,/api/v2/location/11a1c5ca-cb7e-448e-9ece-57f671e94057/,f21e/ce51/6220/4304/b580/4b43/1408/71ad/a5efb5d1-0484-429c-95a5-15c12ff40ca0_B002.01.0098.0002.00026_transfer-f21ece51-6220-4304-b580-4b43140871ad.7z,"Letter from JCRS to Mike Swartz, 1913 January 7"
e47a688d-47e0-489c-8099-30d5178857c7,B,UPLOADED,AIP,665217,/api/v2/location/11a1c5ca-cb7e-448e-9ece-57f671e94057/,e47a/688d/47e0/489c/8099/30d5/1788/57c7/a5efb5d1-0484-429c-95a5-15c12ff40ca0_B002.01.0098.0033.00003_transfer-e47a688d-47e0-489c-8099-30d5178857c7.7z,"Letter from JCRS to Mr. Sam Weingart, 1906 December 8"
8f34084c-941c-40ac-9432-9405576b4be6,B,UPLOADED,AIP,1656827,/api/v2/location/11a1c5ca-cb7e-448e-9ece-57f671e94057/,8f34/084c/941c/40ac/9432/9405/576b/4be6/a5efb5d1-0484-429c-95a5-15c12ff40ca0_B002.01.0098.0027.00001_transfer-8f34084c-941c-40ac-9432-9405576b4be6.7z,"Application of Carrie Schreiderer to JCRS, 1906 November 24"
62d6ff73-5082-466e-821c-152f2e07ab7f,B,UPLOADED,AIP,1428630,/api/v2/location/11a1c5ca-cb7e-448e-9ece-57f671e94057/,62d6/ff73/5082/466e/821c/152f/2e07/ab7f/a5efb5d1-0484-429c-95a5-15c12ff40ca0_B002.01.0098.0019.00002_transfer-62d6ff73-5082-466e-821c-152f2e07ab7f.7z,"Application of Isadora Cantor to JCRS, 1906 November 6"
b59217e9-a06d-4ff9-9cac-371dd8550a2e,B,UPLOADED,AIP,398442,/api/v2/location/11a1c5ca-cb7e-448e-9ece-57f671e94057/,b592/17e9/a06d/4ff9/9cac/371d/d855/0a2e/a5efb5d1-0484-429c-95a5-15c12ff40ca0_B002.01.0098.0029.00014_transfer-b59217e9-a06d-4ff9-9cac-371dd8550a2e.7z,"Telegram from Mrs. Leikind to JCRS, 1906 December 18"
f43765f6-9ae5-4268-9d7d-02303d2aeacf,B,UPLOADED,AIP,608446,/api/v2/location/11a1c5ca-cb7e-448e-9ece-57f671e94057/,f437/65f6/9ae5/4268/9d7d/0230/3d2a/eacf/a5efb5d1-0484-429c-95a5-15c12ff40ca0_B002.01.0098.0034.00007_transfer-f43765f6-9ae5-4268-9d7d-02303d2aeacf.7z,"Letter from JCRS to Mr. Leo Edelstein, 1906 December 7"
6e73eb0c-0f33-4b56-ac9c-1cc6f9537c48,B,UPLOADED,AIP,1542364,/api/v2/location/11a1c5ca-cb7e-448e-9ece-57f671e94057/,6e73/eb0c/0f33/4b56/ac9c/1cc6/f953/7c48/a5efb5d1-0484-429c-95a5-15c12ff40ca0_B002.01.0098.0032.00002_transfer-6e73eb0c-0f33-4b56-ac9c-1cc6f9537c48.7z,"Second Application of Sam Simon to JCRS, 1906 November 27"
427745bf-9045-405f-9b5f-a2dea3063195,B,UPLOADED,AIP,786973,/api/v2/location/11a1c5ca-cb7e-448e-9ece-57f671e94057/,4277/45bf/9045/405f/9b5f/a2de/a306/3195/a5efb5d1-0484-429c-95a5-15c12ff40ca0_B002.01.0098.0029.00007_transfer-427745bf-9045-405f-9b5f-a2dea3063195.7z,"Letter from JCRS to the Ladies Consumptives' Relief Society, 1906 December 6"
6cd146b7-3e48-4f34-a7b2-4d988fb88bb5,B,UPLOADED,AIP,1088236,/api/v2/location/11a1c5ca-cb7e-448e-9ece-57f671e94057/,6cd1/46b7/3e48/4f34/a7b2/4d98/8fb8/8bb5/a5efb5d1-0484-429c-95a5-15c12ff40ca0_B002.01.0098.0038.00006_transfer-6cd146b7-3e48-4f34-a7b2-4d988fb88bb5.7z,"Letter from Hartford Ladies Consumptives' Relief Society to JCRS, 1906 December 27"
db9ffac8-e780-4ac7-8d31-1a6a3ba08fb2,B,UPLOADED,AIP,1505493,/api/v2/location/11a1c5ca-cb7e-448e-9ece-57f671e94057/,db9f/fac8/e780/4ac7/8d31/1a6a/3ba0/8fb2/a5efb5d1-0484-429c-95a5-15c12ff40ca0_B002.01.0098.0029.00003_transfer-db9ffac8-e780-4ac7-8d31-1a6a3ba08fb2.7z,"Application of David Leikind to the JCRS, 1906 November 19"
2e90b974-6132-4d20-bba5-56683fe099dd,B,UPLOADED,AIP,641298,/api/v2/location/11a1c5ca-cb7e-448e-9ece-57f671e94057/,2e90/b974/6132/4d20/bba5/5668/3fe0/99dd/a5efb5d1-0484-429c-95a5-15c12ff40ca0_B002.01.0098.0010.00017_transfer-2e90b974-6132-4d20-bba5-56683fe099dd.7z,"Yiddish letter, 1907"
ca61259b-db80-4397-a8e0-15ef9eeb8350,B,UPLOADED,AIP,1028849,/api/v2/location/11a1c5ca-cb7e-448e-9ece-57f671e94057/,ca61/259b/db80/4397/a8e0/15ef/9eeb/8350/a5efb5d1-0484-429c-95a5-15c12ff40ca0_B002.01.0098.0012.00015_transfer-ca61259b-db80-4397-a8e0-15ef9eeb8350.7z,"Letter from Mrs. S. Dworkin to Dr. Spivak, 1925 May 5"
5ba12607-d030-4942-a491-3eed6a8b6ad3,B,UPLOADED,AIP,782649,/api/v2/location/11a1c5ca-cb7e-448e-9ece-57f671e94057/,5ba1/2607/d030/4942/a491/3eed/6a8b/6ad3/a5efb5d1-0484-429c-95a5-15c12ff40ca0_B002.01.0098.0002.00005_transfer-5ba12607-d030-4942-a491-3eed6a8b6ad3.7z,"Letter from JCRS to Mr Herman Swartz [Hyman Schwartz], 1906 October 17"
cd8ef980-5af5-42f5-b2e9-148daeae7450,B,UPLOADED,AIP,564950,/api/v2/location/11a1c5ca-cb7e-448e-9ece-57f671e94057/,cd8e/f980/5af5/42f5/b2e9/148d/aeae/7450/a5efb5d1-0484-429c-95a5-15c12ff40ca0_B002.01.0098.0039.00001_transfer-cd8ef980-5af5-42f5-b2e9-148daeae7450.7z,"Letter from JCRS to Samuel Sher, 1906 December 17"
259c1454-3753-4c8c-aaad-75e6a8a353cf,B,UPLOADED,AIP,1651787,/api/v2/location/11a1c5ca-cb7e-448e-9ece-57f671e94057/,259c/1454/3753/4c8c/aaad/75e6/a8a3/53cf/a5efb5d1-0484-429c-95a5-15c12ff40ca0_B002.01.0098.0033.00002_transfer-259c1454-3753-4c8c-aaad-75e6a8a353cf.7z,"Application of Sam Weingart to JCRS, 1906 November 27"
6434d2f6-403b-4700-a0dd-f4c39e8fb18a,B,UPLOADED,AIP,266271510,/api/v2/location/11a1c5ca-cb7e-448e-9ece-57f671e94057/,6434/d2f6/403b/4700/a0dd/f4c3/9e8f/b18a/a5efb5d1-0484-429c-95a5-15c12ff40ca0_B002.05.0206.00001.00039_transfer-6434d2f6-403b-4700-a0dd-f4c39e8fb18a.7z,"Sanatorium, Volume 22, Number 4 (October, November, December 1927), 1927"
7b169ee3-cf86-40c0-9e8e-ed51b223ad6d,B,UPLOADED,AIP,201677534,/api/v2/location/11a1c5ca-cb7e-448e-9ece-57f671e94057/,7b16/9ee3/cf86/40c0/9e8e/ed51/b223/ad6d/a5efb5d1-0484-429c-95a5-15c12ff40ca0_B002.05.0206.00001.00007_transfer-7b169ee3-cf86-40c0-9e8e-ed51b223ad6d.7z,"Sanatorium, Volume 13, Number 3 (July-August-September 1919), 1919"
f1c084d0-918e-4b50-99f4-8f380b5b99da,B,UPLOADED,AIP,1438419,/api/v2/location/11a1c5ca-cb7e-448e-9ece-57f671e94057/,f1c0/84d0/918e/4b50/99f4/8f38/0b5b/99da/a5efb5d1-0484-429c-95a5-15c12ff40ca0_B002.01.0098.0021.00012_transfer-f1c084d0-918e-4b50-99f4-8f380b5b99da.7z,"Letter from Dr Smirnow to Dr Spivak, 1907 May 11"
9624df38-d051-4cd6-9ee1-5b142e7446e3,B,UPLOADED,AIP,527025,/api/v2/location/11a1c5ca-cb7e-448e-9ece-57f671e94057/,9624/df38/d051/4cd6/9ee1/5b14/2e74/46e3/a5efb5d1-0484-429c-95a5-15c12ff40ca0_B002.01.0098.0010.00019_transfer-9624df38-d051-4cd6-9ee1-5b142e7446e3.7z,"Letter from Morris Greenstein to JCRS, 1907 August 5"
e37568c5-a9b3-4ded-941f-b887bd4b6635,B,UPLOADED,AIP,360045,/api/v2/location/11a1c5ca-cb7e-448e-9ece-57f671e94057/,e375/68c5/a9b3/4ded/941f/b887/bd4b/6635/a5efb5d1-0484-429c-95a5-15c12ff40ca0_B002.01.0098.0034.00009_transfer-e37568c5-a9b3-4ded-941f-b887bd4b6635.7z,"Telegram from Emil Zucker Lodge, No. 371 to JCRS, 1907 February 19"
366749a9-daaa-4c91-9d02-63c598d0da46,B,UPLOADED,AIP,652762,/api/v2/location/11a1c5ca-cb7e-448e-9ece-57f671e94057/,3667/49a9/daaa/4c91/9d02/63c5/98d0/da46/a5efb5d1-0484-429c-95a5-15c12ff40ca0_B002.01.0098.0015.00010_transfer-366749a9-daaa-4c91-9d02-63c598d0da46.7z,"Letter from JCRS to Mrs. S. Soisner, 1906 December 10"
aedfa490-eeb9-48ba-8b1c-1766401f0f90,B,UPLOADED,AIP,716704,/api/v2/location/11a1c5ca-cb7e-448e-9ece-57f671e94057/,aedf/a490/eeb9/48ba/8b1c/1766/401f/0f90/a5efb5d1-0484-429c-95a5-15c12ff40ca0_B002.01.0098.0025.00016_transfer-aedfa490-eeb9-48ba-8b1c-1766401f0f90.7z,"Letter from JCRS to Hebrew Ladies Relief Association, 1907 February 27"
07d9b2bd-d74c-4e36-8f7b-f4a2a245daf8,B,UPLOADED,AIP,402500844,/api/v2/location/11a1c5ca-cb7e-448e-9ece-57f671e94057/,07d9/b2bd/d74c/4e36/8f7b/f4a2/a245/daf8/a5efb5d1-0484-429c-95a5-15c12ff40ca0_B002.05.0206.00001.00006_transfer-07d9b2bd-d74c-4e36-8f7b-f4a2a245daf8.7z,"Sanatorium, Volume 13, Number 2 (April-May-June 1919), 1919"
1ebe1574-2019-4726-9663-504f00cb2fdf,B,UPLOADED,AIP,196402774,/api/v2/location/11a1c5ca-cb7e-448e-9ece-57f671e94057/,1ebe/1574/2019/4726/9663/504f/00cb/2fdf/a5efb5d1-0484-429c-95a5-15c12ff40ca0_B002.05.0206.00002.00006_transfer-1ebe1574-2019-4726-9663-504f00cb2fdf.7z,"Sanatorium, Volume 4, Numbers 4 and 5 (July-Oct., 1910), 1910"
ff3f0d6c-84af-4d25-856a-fccfd0ce1520,B,UPLOADED,AIP,106231535,/api/v2/location/11a1c5ca-cb7e-448e-9ece-57f671e94057/,ff3f/0d6c/84af/4d25/856a/fccf/d0ce/1520/a5efb5d1-0484-429c-95a5-15c12ff40ca0_B002.05.0206.00001.00011_transfer-ff3f0d6c-84af-4d25-856a-fccfd0ce1520.7z,"Sanatorium, Volume 14, Number 4 (October, November, December 1920), 1920"
9df8231a-b449-401b-a7c3-c0bae79299a1,B,UPLOADED,AIP,741246,/api/v2/location/11a1c5ca-cb7e-448e-9ece-57f671e94057/,9df8/231a/b449/401b/a7c3/c0ba/e792/99a1/a5efb5d1-0484-429c-95a5-15c12ff40ca0_B002.01.0098.0014.00003_transfer-9df8231a-b449-401b-a7c3-c0bae79299a1.7z,"Letter from JCRS, 1906"
64ada5d0-6d56-4c8f-84db-392b2c9f5346,B,UPLOADED,AIP,101028174,/api/v2/location/11a1c5ca-cb7e-448e-9ece-57f671e94057/,64ad/a5d0/6d56/4c8f/84db/392b/2c9f/5346/a5efb5d1-0484-429c-95a5-15c12ff40ca0_B002.05.0206.00002.00020_transfer-64ada5d0-6d56-4c8f-84db-392b2c9f5346.7z,"Sanatorium, Volume 7, Number 6 (November-December 1913), 1913"
adec0084-bc57-4f3a-88d3-619d92161efd,B,UPLOADED,AIP,495816,/api/v2/location/11a1c5ca-cb7e-448e-9ece-57f671e94057/,adec/0084/bc57/4f3a/88d3/619d/9216/1efd/a5efb5d1-0484-429c-95a5-15c12ff40ca0_B002.01.0098.0004.00005_transfer-adec0084-bc57-4f3a-88d3-619d92161efd.7z,"Letter from JCRS to Mr. J. Samowitz, 1907 April 29"
e7ba5919-d94e-4dc0-b168-f1f8877c66dc,B,UPLOADED,AIP,198355728,/api/v2/location/11a1c5ca-cb7e-448e-9ece-57f671e94057/,e7ba/5919/d94e/4dc0/b168/f1f8/877c/66dc/a5efb5d1-0484-429c-95a5-15c12ff40ca0_B002.05.0206.00001.00005_transfer-e7ba5919-d94e-4dc0-b168-f1f8877c66dc.7z,"Sanatorium, Volume 13, Number 1 (January-February-March 1919), 1919"
1cb1a9ab-b9e3-4ca7-85ec-a36fffa55a90,B,UPLOADED,AIP,735448,/api/v2/location/11a1c5ca-cb7e-448e-9ece-57f671e94057/,1cb1/a9ab/b9e3/4ca7/85ec/a36f/ffa5/5a90/a5efb5d1-0484-429c-95a5-15c12ff40ca0_B002.01.0098.0029.00017_transfer-1cb1a9ab-b9e3-4ca7-85ec-a36fffa55a90.7z,"Letter from JCRS to Mrs. Leikind, 1906 December 31"
943420b9-4e91-45ed-ace5-577792b6c167,B,UPLOADED,AIP,20704868,/api/v2/location/11a1c5ca-cb7e-448e-9ece-57f671e94057/,9434/20b9/4e91/45ed/ace5/5777/92b6/c167/61ed6a68-618b-48eb-b9bd-3e7484e0590a_setsinorder-vol02no01-195001_transfer-943420b9-4e91-45ed-ace5-577792b6c167.7z,"Sets in Order, vol. 2, issue 1, 1950"
ecc1b4e9-ed0a-4006-ad8b-3881205b9e16,A,UPLOADED,AIP,40640190,/api/v2/location/11a1c5ca-cb7e-448e-9ece-57f671e94057/,ecc1/b4e9/ed0a/4006/ad8b/3881/205b/9e16/61ed6a68-618b-48eb-b9bd-3e7484e0590a_setsinorder-vol14no07-196207_transfer-ecc1b4e9-ed0a-4006-ad8b-3881205b9e16.7z,
f224de61-b00d-4a08-8205-af746102bcce,B,UPLOADED,AIP,47007516,/api/v2/location/11a1c5ca-cb7e-448e-9ece-57f671e94057/,f224/de61/b00d/4a08/8205/af74/6102/bcce/61ed6a68-618b-48eb-b9bd-3e7484e0590a_squaredancing-vol28no08-197608_transfer-f224de61-b00d-4a08-8205-af746102bcce.7z,"Square Dancing, vol. 28, issue 8, 1976 August"
4760a2fb-956b-40f9-9e4d-f930808f8dbd,A,UPLOADED,AIP,7080,/api/v2/location/11a1c5ca-cb7e-448e-9ece-57f671e94057/,4760/a2fb/956b/40f9/9e4d/f930/808f/8dbd/ab0ed225-3a5f-4c49-9a8e-d104a9b0845f_B063.01.0009.00020_transfer-4760a2fb-956b-40f9-9e4d-f930808f8dbd.7z,
2bba4ce0-8890-4219-a54f-dd942a127247,A,UPLOADED,AIP,2833807,/api/v2/location/11a1c5ca-cb7e-448e-9ece-57f671e94057/,2bba/4ce0/8890/4219/a54f/dd94/2a12/7247/ab0ed225-3a5f-4c49-9a8e-d104a9b0845f_B063.04.0020.00064_transfer-2bba4ce0-8890-4219-a54f-dd942a127247.7z,
33106124-c569-4c98-b2d2-83755a8b781e,A,UPLOADED,AIP,27474224,/api/v2/location/11a1c5ca-cb7e-448e-9ece-57f671e94057/,3310/6124/c569/4c98/b2d2/8375/5a8b/781e/ab0ed225-3a5f-4c49-9a8e-d104a9b0845f_B063.02.0040.00033_transfer-33106124-c569-4c98-b2d2-83755a8b781e.7z,
01907652-0523-4b60-974a-4e9cdc7634d8,A,UPLOADED,AIP,20077936,/api/v2/location/11a1c5ca-cb7e-448e-9ece-57f671e94057/,0190/7652/0523/4b60/974a/4e9c/dc76/34d8/ab0ed225-3a5f-4c49-9a8e-d104a9b0845f_B063.03.0034.0004.00001_transfer-01907652-0523-4b60-974a-4e9cdc7634d8.7z,
c2dad4cf-271c-4ee1-95e1-ed8af23e007f,A,UPLOADED,AIP,157806696,/api/v2/location/11a1c5ca-cb7e-448e-9ece-57f671e94057/,c2da/d4cf/271c/4ee1/95e1/ed8a/f23e/007f/d4a2d85e-1bf8-4179-8105-7c1eb4dc475a_B242.02.0001.0002.00001_transfer-c2dad4cf-271c-4ee1-95e1-ed8af23e007f.7z,
dff67b60-5b88-41de-9469-e92273241c36,A,UPLOADED,AIP,157806739,/api/v2/location/11a1c5ca-cb7e-448e-9ece-57f671e94057/,dff6/7b60/5b88/41de/9469/e922/7324/1c36/d4a2d85e-1bf8-4179-8105-7c1eb4dc475a_B242.02.0001.0002.00001_transfer-dff67b60-5b88-41de-9469-e92273241c36.7z,
53f042d4-6e2e-45b4-b8b2-71980d9733bb,A,UPLOADED,AIP,3563466,/api/v2/location/11a1c5ca-cb7e-448e-9ece-57f671e94057/,53f0/42d4/6e2e/45b4/b8b2/7198/0d97/33bb/1910c6db-30c4-47ae-acca-0f1b364b292f_B244.03.0005.0001.00001_transfer-53f042d4-6e2e-45b4-b8b2-71980d9733bb.7z,
702967ff-d185-4173-bae0-dc0c72cb6595,A,UPLOADED,AIP,3562586,/api/v2/location/11a1c5ca-cb7e-448e-9ece-57f671e94057/,7029/67ff/d185/4173/bae0/dc0c/72cb/6595/1910c6db-30c4-47ae-acca-0f1b364b292f_B244.03.0005.0001.00001_transfer-702967ff-d185-4173-bae0-dc0c72cb6595.7z,
3bb0fd4a-0481-4ccb-80c8-2c04791f1bde,A,UPLOADED,AIP,284332,/api/v2/location/11a1c5ca-cb7e-448e-9ece-57f671e94057/,3bb0/fd4a/0481/4ccb/80c8/2c04/791f/1bde/9eded850-fb8e-4e39-bf9c-ea26dd7893d4_B333.01.01.00017_transfer-3bb0fd4a-0481-4ccb-80c8-2c04791f1bde.7z,
d3d2841f-32a8-4f41-ba80-a7c62854d443,B,UPLOADED,AIP,218948601,/api/v2/location/11a1c5ca-cb7e-448e-9ece-57f671e94057/,d3d2/841f/32a8/4f41/ba80/a7c6/2854/d443/5c91ff17-bb41-4dea-8bcc-9426be496723_M085.10.0194.00016_transfer-d3d2841f-32a8-4f41-ba80-a7c62854d443.7z,"American Newspaper Women's Club reception honoring wives of new senators: New faces of 1963, 1963 January 6"
bb298048-c6d0-46dc-b22c-82e2b22198c4,B,UPLOADED,AIP,227705133,/api/v2/location/11a1c5ca-cb7e-448e-9ece-57f671e94057/,bb29/8048/c6d0/46dc/b22c/82e2/b221/98c4/5c91ff17-bb41-4dea-8bcc-9426be496723_M085.10.0195.00003_transfer-bb298048-c6d0-46dc-b22c-82e2b22198c4.7z,"Ladies of the press. Sen. Dominick, 1963 December 1"
cf881dd4-00b8-4a30-9fdb-a1dacc903b1e,A,UPLOADED,AIP,27561902,/api/v2/location/11a1c5ca-cb7e-448e-9ece-57f671e94057/,cf88/1dd4/00b8/4a30/9fdb/a1da/cc90/3b1e/5ffa1495-2c0e-4a67-99eb-fe82585d434b_U300.06.0008.01284_transfer-cf881dd4-00b8-4a30-9fdb-a1dacc903b1e.7z,
0a03b514-06c9-4b40-a69b-be0e62b025fa,A,UPLOADED,AIP,16471195,/api/v2/location/11a1c5ca-cb7e-448e-9ece-57f671e94057/,0a03/b514/06c9/4b40/a69b/be0e/62b0/25fa/5ffa1495-2c0e-4a67-99eb-fe82585d434b_U300.01.0053.00061_transfer-0a03b514-06c9-4b40-a69b-be0e62b025fa.7z,
95f98609-f412-4e2f-8b76-bbaa42d4a05d,A,UPLOADED,AIP,26100370,/api/v2/location/11a1c5ca-cb7e-448e-9ece-57f671e94057/,95f9/8609/f412/4e2f/8b76/bbaa/42d4/a05d/5ffa1495-2c0e-4a67-99eb-fe82585d434b_U300.01.0054.00020_transfer-95f98609-f412-4e2f-8b76-bbaa42d4a05d.7z,
d2c8cf99-04d1-44af-b478-058a25a6950f,A,UPLOADED,AIP,26099190,/api/v2/location/11a1c5ca-cb7e-448e-9ece-57f671e94057/,d2c8/cf99/04d1/44af/b478/058a/25a6/950f/5ffa1495-2c0e-4a67-99eb-fe82585d434b_U300.01.0054.00020_transfer-d2c8cf99-04d1-44af-b478-058a25a6950f.7z,
4bb91648-05e9-44df-bf83-017e17127e5c,A,UPLOADED,AIP,26099228,/api/v2/location/11a1c5ca-cb7e-448e-9ece-57f671e94057/,4bb9/1648/05e9/44df/bf83/017e/1712/7e5c/5ffa1495-2c0e-4a67-99eb-fe82585d434b_U300.01.0054.00020_transfer-4bb91648-05e9-44df-bf83-017e17127e5c.7z,
538d1b59-2754-4a0f-a978-19fecd113378,A,UPLOADED,AIP,53057966,/api/v2/location/11a1c5ca-cb7e-448e-9ece-57f671e94057/,538d/1b59/2754/4a0f/a978/19fe/cd11/3378/5ffa1495-2c0e-4a67-99eb-fe82585d434b_U300.01.0060.00041_transfer-538d1b59-2754-4a0f-a978-19fecd113378.7z,
41ddffde-7439-4b35-b88d-a7355462db7d,A,UPLOADED,AIP,2080307,/api/v2/location/11a1c5ca-cb7e-448e-9ece-57f671e94057/,41dd/ffde/7439/4b35/b88d/a735/5462/db7d/34dcaaab-9fe5-4af6-9c3b-bb462901d5cf_U171.07.01.00007_transfer-41ddffde-7439-4b35-b88d-a7355462db7d.7z,
5fdf6510-31a7-4d04-a4c3-156ecf10013f,A,UPLOADED,AIP,4029454,/api/v2/location/11a1c5ca-cb7e-448e-9ece-57f671e94057/,5fdf/6510/31a7/4d04/a4c3/156e/cf10/013f/34dcaaab-9fe5-4af6-9c3b-bb462901d5cf_U171.07.01.00003_transfer-5fdf6510-31a7-4d04-a4c3-156ecf10013f.7z,
b6adaccd-8d6d-4f44-acd3-d51bf0d83e2f,A,UPLOADED,AIP,23610318,/api/v2/location/11a1c5ca-cb7e-448e-9ece-57f671e94057/,b6ad/accd/8d6d/4f44/acd3/d51b/f0d8/3e2f/1e1fce45-dd23-48bd-a8cf-5654a83d989b_U116.01.0001.01215_transfer-b6adaccd-8d6d-4f44-acd3-d51bf0d83e2f.7z,
ccf01324-f1f3-4fe2-b042-9d3359b0f926,A,UPLOADED,AIP,1317745,/api/v2/location/11a1c5ca-cb7e-448e-9ece-57f671e94057/,ccf0/1324/f1f3/4fe2/b042/9d33/59b0/f926/34dcaaab-9fe5-4af6-9c3b-bb462901d5cf_U171.07.01.00001_transfer-ccf01324-f1f3-4fe2-b042-9d3359b0f926.7z,
c1b39cb5-49e8-4e9d-a0d6-948e811817ab,A,UPLOADED,AIP,1317670,/api/v2/location/11a1c5ca-cb7e-448e-9ece-57f671e94057/,c1b3/9cb5/49e8/4e9d/a0d6/948e/8118/17ab/34dcaaab-9fe5-4af6-9c3b-bb462901d5cf_U171.07.01.00001_transfer-c1b39cb5-49e8-4e9d-a0d6-948e811817ab.7z,
eba9a5ba-0244-44af-a16e-581c8c854d83,A,UPLOADED,AIP,1317728,/api/v2/location/11a1c5ca-cb7e-448e-9ece-57f671e94057/,eba9/a5ba/0244/44af/a16e/581c/8c85/4d83/34dcaaab-9fe5-4af6-9c3b-bb462901d5cf_U171.07.01.00001_transfer-eba9a5ba-0244-44af-a16e-581c8c854d83.7z,
4c3f23eb-0dba-465b-9757-b42505d28455,A,UPLOADED,AIP,35669631,/api/v2/location/11a1c5ca-cb7e-448e-9ece-57f671e94057/,4c3f/23eb/0dba/465b/9757/b425/05d2/8455/7b4d1e4c-1fe7-4c0f-9275-eb45d2b4b62d_U171.06.01.00001_transfer-4c3f23eb-0dba-465b-9757-b42505d28455.7z,
9fdfcc51-cc96-41a1-b48d-47f1a621c7cf,A,UPLOADED,AIP,35669543,/api/v2/location/11a1c5ca-cb7e-448e-9ece-57f671e94057/,9fdf/cc51/cc96/41a1/b48d/47f1/a621/c7cf/7b4d1e4c-1fe7-4c0f-9275-eb45d2b4b62d_U171.06.01.00001_transfer-9fdfcc51-cc96-41a1-b48d-47f1a621c7cf.7z,
ffff4eb6-fd67-4170-b478-0ceefa90bcc3,A,UPLOADED,AIP,35669277,/api/v2/location/11a1c5ca-cb7e-448e-9ece-57f671e94057/,ffff/4eb6/fd67/4170/b478/0cee/fa90/bcc3/7b4d1e4c-1fe7-4c0f-9275-eb45d2b4b62d_U171.06.01.00001_transfer-ffff4eb6-fd67-4170-b478-0ceefa90bcc3.7z,
b59d2193-ce81-4453-adc2-621d2f3e193b,A,UPLOADED,AIP,8281001,/api/v2/location/11a1c5ca-cb7e-448e-9ece-57f671e94057/,b59d/2193/ce81/4453/adc2/621d/2f3e/193b/1e1fce45-dd23-48bd-a8cf-5654a83d989b_U116.01.0001.01473_transfer-b59d2193-ce81-4453-adc2-621d2f3e193b.7z,
0a3c9583-c5f8-40f8-ac13-05e3e05d926d,A,UPLOADED,AIP,7276523,/api/v2/location/11a1c5ca-cb7e-448e-9ece-57f671e94057/,0a3c/9583/c5f8/40f8/ac13/05e3/e05d/926d/1e1fce45-dd23-48bd-a8cf-5654a83d989b_U116.01.0001.00077_transfer-0a3c9583-c5f8-40f8-ac13-05e3e05d926d.7z,
fa2fc44c-c70f-4a0b-8302-370ac855b092,B,UPLOADED,AIP,7815061,/api/v2/location/11a1c5ca-cb7e-448e-9ece-57f671e94057/,fa2f/c44c/c70f/4a0b/8302/370a/c855/b092/1e1fce45-dd23-48bd-a8cf-5654a83d989b_U116.01.0001.00766_transfer-fa2fc44c-c70f-4a0b-8302-370ac855b092.7z,"Buchtel Tower, 2007 January 17"
536e2eea-f38e-488b-b215-fd84e701e4a9,B,UPLOADED,AIP,8781260,/api/v2/location/11a1c5ca-cb7e-448e-9ece-57f671e94057/,536e/2eea/f38e/488b/b215/fd84/e701/e4a9/1e1fce45-dd23-48bd-a8cf-5654a83d989b_U116.01.0001.00658_transfer-536e2eea-f38e-488b-b215-fd84e701e4a9.7z,"Ammi Hyde, 2007 January 18"
54f60f5f-71aa-418e-92df-29d80a2bb290,B,UPLOADED,AIP,22567709,/api/v2/location/11a1c5ca-cb7e-448e-9ece-57f671e94057/,54f6/0f5f/71aa/418e/92df/29d8/0a2b/b290/1e1fce45-dd23-48bd-a8cf-5654a83d989b_U116.01.0001.02567_transfer-54f60f5f-71aa-418e-92df-29d80a2bb290.7z,"Don McCubbrey Final Fixed Hair, 2008 August 4"
d9f2303e-74d0-46e0-bbf8-c8f87c698462,B,UPLOADED,AIP,5919998,/api/v2/location/11a1c5ca-cb7e-448e-9ece-57f671e94057/,d9f2/303e/74d0/46e0/bbf8/c8f8/7c69/8462/1e1fce45-dd23-48bd-a8cf-5654a83d989b_U116.01.0001.01576_transfer-d9f2303e-74d0-46e0-bbf8-c8f87c698462.7z,"Campus Scenics, 2009"
952636b2-6fa3-4461-82f0-6d278f9d29dd,B,UPLOADED,AIP,5332603,/api/v2/location/11a1c5ca-cb7e-448e-9ece-57f671e94057/,9526/36b2/6fa3/4461/82f0/6d27/8f9d/29dd/1e1fce45-dd23-48bd-a8cf-5654a83d989b_U116.01.0001.01573_transfer-952636b2-6fa3-4461-82f0-6d278f9d29dd.7z,"Campus Scenics, 2009"
48d213c9-0167-4eb1-9ea6-e0f093923d05,B,UPLOADED,AIP,7277818,/api/v2/location/11a1c5ca-cb7e-448e-9ece-57f671e94057/,48d2/13c9/0167/4eb1/9ea6/e0f0/9392/3d05/1e1fce45-dd23-48bd-a8cf-5654a83d989b_U116.01.0001.00747_transfer-48d213c9-0167-4eb1-9ea6-e0f093923d05.7z,"Mary Reed Building, 2007 January 17"
4e3548f6-705a-4564-9884-47c603f956b7,B,UPLOADED,AIP,5506627,/api/v2/location/11a1c5ca-cb7e-448e-9ece-57f671e94057/,4e35/48f6/705a/4564/9884/47c6/03f9/56b7/1e1fce45-dd23-48bd-a8cf-5654a83d989b_U116.01.0001.00745_transfer-4e3548f6-705a-4564-9884-47c603f956b7.7z,"Newman Center for the Performing Arts, 2007 January 17"
91d420b1-89df-4d78-88ec-04991452fdea,B,UPLOADED,AIP,5036673,/api/v2/location/11a1c5ca-cb7e-448e-9ece-57f671e94057/,91d4/20b1/89df/4d78/88ec/0499/1452/fdea/1e1fce45-dd23-48bd-a8cf-5654a83d989b_U116.01.0001.00723_transfer-91d420b1-89df-4d78-88ec-04991452fdea.7z,"Ricketson Law Building, 2007 January 17"
c5a24a8d-671c-4c00-b3e0-2153bddfa335,B,UPLOADED,AIP,7611184,/api/v2/location/11a1c5ca-cb7e-448e-9ece-57f671e94057/,c5a2/4a8d/671c/4c00/b3e0/2153/bddf/a335/1e1fce45-dd23-48bd-a8cf-5654a83d989b_U116.01.0001.00764_transfer-c5a24a8d-671c-4c00-b3e0-2153bddfa335.7z,"Buchtel Tower, 2007 January 17"
2b8fe303-36e3-46e4-add0-1f90bd7c6083,B,UPLOADED,AIP,7102313,/api/v2/location/11a1c5ca-cb7e-448e-9ece-57f671e94057/,2b8f/e303/36e3/46e4/add0/1f90/bd7c/6083/1e1fce45-dd23-48bd-a8cf-5654a83d989b_U116.01.0001.00703_transfer-2b8fe303-36e3-46e4-add0-1f90bd7c6083.7z,"Chamberlin Observatory, 2007 January 17"
3de94782-22e8-4182-ad9d-2de8456ab99b,B,UPLOADED,AIP,11684664,/api/v2/location/11a1c5ca-cb7e-448e-9ece-57f671e94057/,3de9/4782/22e8/4182/ad9d/2de8/456a/b99b/1e1fce45-dd23-48bd-a8cf-5654a83d989b_U116.01.0001.00671_transfer-3de94782-22e8-4182-ad9d-2de8456ab99b.7z,"John Greene Hall, 2007 January 18"
3629c77d-53f9-4f1b-9899-1d4e5b4e47d9,B,UPLOADED,AIP,6451739,/api/v2/location/11a1c5ca-cb7e-448e-9ece-57f671e94057/,3629/c77d/53f9/4f1b/9899/1d4e/5b4e/47d9/1e1fce45-dd23-48bd-a8cf-5654a83d989b_U116.01.0001.00772_transfer-3629c77d-53f9-4f1b-9899-1d4e5b4e47d9.7z,"Penrose Library, 2007 January 17"
37afc2dc-0b9e-4bf8-ae43-a2ca2742cbe4,B,UPLOADED,AIP,6044087,/api/v2/location/11a1c5ca-cb7e-448e-9ece-57f671e94057/,37af/c2dc/0b9e/4bf8/ae43/a2ca/2742/cbe4/1e1fce45-dd23-48bd-a8cf-5654a83d989b_U116.01.0001.00705_transfer-37afc2dc-0b9e-4bf8-ae43-a2ca2742cbe4.7z,"Williams Tower at the Ritchie Center, 2007 January 17"
bf23f5ca-099a-4585-8ac4-6202c4954593,B,UPLOADED,AIP,42036631,/api/v2/location/11a1c5ca-cb7e-448e-9ece-57f671e94057/,bf23/f5ca/099a/4585/8ac4/6202/c495/4593/1e1fce45-dd23-48bd-a8cf-5654a83d989b_U116.01.0001.01862_transfer-bf23f5ca-099a-4585-8ac4-6202c4954593.7z,"Olin Hall Final, 2008 April 29"
fdf1c91f-bbc5-4c24-a80d-ae6876dd8ce8,B,UPLOADED,AIP,6091419,/api/v2/location/11a1c5ca-cb7e-448e-9ece-57f671e94057/,fdf1/c91f/bbc5/4c24/a80d/ae68/76dd/8ce8/1e1fce45-dd23-48bd-a8cf-5654a83d989b_U116.01.0001.00741_transfer-fdf1c91f-bbc5-4c24-a80d-ae6876dd8ce8.7z,"Newman Center for the Performing Arts, 2007 January 17"
76e3f55d-b2e5-4348-b492-4cf42b0f1142,A,UPLOADED,AIP,14320505,/api/v2/location/11a1c5ca-cb7e-448e-9ece-57f671e94057/,76e3/f55d/b2e5/4348/b492/4cf4/2b0f/1142/1e1fce45-dd23-48bd-a8cf-5654a83d989b_U116.01.0001.02712_transfer-76e3f55d-b2e5-4348-b492-4cf42b0f1142.7z,
1ebf435e-2ae4-4ff4-a84b-e4d7efca0087,A,UPLOADED,AIP,59212231,/api/v2/location/11a1c5ca-cb7e-448e-9ece-57f671e94057/,1ebf/435e/2ae4/4ff4/a84b/e4d7/efca/0087/1e1fce45-dd23-48bd-a8cf-5654a83d989b_U116.01.0001.00880_transfer-1ebf435e-2ae4-4ff4-a84b-e4d7efca0087.7z,
2448655d-10a2-4589-8727-a588228a51e5,A,UPLOADED,AIP,14319432,/api/v2/location/11a1c5ca-cb7e-448e-9ece-57f671e94057/,2448/655d/10a2/4589/8727/a588/228a/51e5/1e1fce45-dd23-48bd-a8cf-5654a83d989b_U116.01.0001.02712_transfer-2448655d-10a2-4589-8727-a588228a51e5.7z,
87bfe324-5c0c-4b53-ad6d-daf74b8b1983,A,UPLOADED,AIP,3922975,/api/v2/location/11a1c5ca-cb7e-448e-9ece-57f671e94057/,87bf/e324/5c0c/4b53/ad6d/daf7/4b8b/1983/1e1fce45-dd23-48bd-a8cf-5654a83d989b_U116.01.0001.03006_transfer-87bfe324-5c0c-4b53-ad6d-daf74b8b1983.7z,
f7fdf068-1d16-4ea5-a6f1-9a15226475d7,B,UPLOADED,AIP,12507209,/api/v2/location/11a1c5ca-cb7e-448e-9ece-57f671e94057/,f7fd/f068/1d16/4ea5/a6f1/9a15/2264/75d7/58b416aa-2646-469c-8077-b0fd4a3e4049_U138.0008.0015.00001_transfer-f7fdf068-1d16-4ea5-a6f1-9a15226475d7.7z,"University of Denver Commencement Program (August 2015), 2015 August 14"
9d0e0842-494f-4611-b647-dea90574d9a8,B,UPLOADED,AIP,2181155,/api/v2/location/11a1c5ca-cb7e-448e-9ece-57f671e94057/,9d0e/0842/494f/4611/b647/dea9/0574/d9a8/58b416aa-2646-469c-8077-b0fd4a3e4049_U138.0008.0017.00001_transfer-9d0e0842-494f-4611-b647-dea90574d9a8.7z,"University of Denver Commencement Program (August 2016), 2016 August 12"
b7a6f426-1bd0-49a6-9ca0-1d48331f75b2,A,UPLOADED,AIP,37576293,/api/v2/location/11a1c5ca-cb7e-448e-9ece-57f671e94057/,b7a6/f426/1bd0/49a6/9ca0/1d48/331f/75b2/58b416aa-2646-469c-8077-b0fd4a3e4049_U138.0004.0014.00003_transfer-b7a6f426-1bd0-49a6-9ca0-1d48331f75b2.7z,
f7cde9ef-904b-4a9c-ae7e-9adac2093a3a,B,UPLOADED,AIP,12521837,/api/v2/location/11a1c5ca-cb7e-448e-9ece-57f671e94057/,f7cd/e9ef/904b/4a9c/ae7e/9ada/c209/3a3a/58b416aa-2646-469c-8077-b0fd4a3e4049_U138.0008.0013.00001_transfer-f7cde9ef-904b-4a9c-ae7e-9adac2093a3a.7z,"University of Denver Commencement Program (August 2014), 2014 August 15"
46f439b2-ecd5-4c1b-9466-06f50363b2db,B,UPLOADED,AIP,36671921,/api/v2/location/11a1c5ca-cb7e-448e-9ece-57f671e94057/,46f4/39b2/ecd5/4c1b/9466/06f5/0363/b2db/58b416aa-2646-469c-8077-b0fd4a3e4049_U138.0008.0014.00001_transfer-46f439b2-ecd5-4c1b-9466-06f50363b2db.7z,"University of Denver Commencement Program (June 2015), 2015 June 5"
7059beb4-0a92-4f3b-a475-198a65212443,A,UPLOADED,AIP,97060895,/api/v2/location/11a1c5ca-cb7e-448e-9ece-57f671e94057/,7059/beb4/0a92/4f3b/a475/198a/6521/2443/c42fc847-12ab-4262-819d-0f87de33ae6d_B404.01.0001.00001_transfer-7059beb4-0a92-4f3b-a475-198a65212443.7z,
ebe3460f-6224-48c5-8238-b3b803992c7f,B,UPLOADED,AIP,3849672867,/api/v2/location/11a1c5ca-cb7e-448e-9ece-57f671e94057/,ebe3/460f/6224/48c5/8238/b3b8/0399/2c7f/5e5cc067-dc7c-422f-aa4c-ffe08d25ae62_D009.17.0007.0007.00001_transfer-ebe3460f-6224-48c5-8238-b3b803992c7f.7z,"Boulder Jazz Dance Workshop Oral History, 2018"
c9bdf185-ceaf-49e3-8755-fc29ca9529f9,A,UPLOADED,AIP,14877,/api/v2/location/11a1c5ca-cb7e-448e-9ece-57f671e94057/,c9bd/f185/ceaf/49e3/8755/fc29/ca95/29f9/f55b19b5-1279-470e-817d-1228353ac909_D022.02.0001.0010.00003_transfer-c9bdf185-ceaf-49e3-8755-fc29ca9529f9.7z,
4872f05e-c432-463c-bede-cbbbc8bdf0d8,B,UPLOADED,AIP,16316431,/api/v2/location/11a1c5ca-cb7e-448e-9ece-57f671e94057/,4872/f05e/c432/463c/bede/cbbb/c8bd/f0d8/f55b19b5-1279-470e-817d-1228353ac909_D022.02.0001.0010.00002_transfer-4872f05e-c432-463c-bede-cbbbc8bdf0d8.7z,"""Les Sylphides"" Soloists, "
8697ad40-6ff4-4c91-b918-afa8a3cc08c8,B,UPLOADED,AIP,12060472,/api/v2/location/11a1c5ca-cb7e-448e-9ece-57f671e94057/,8697/ad40/6ff4/4c91/b918/afa8/a3cc/08c8/f55b19b5-1279-470e-817d-1228353ac909_D022.03.0001.0011.00003_transfer-8697ad40-6ff4-4c91-b918-afa8a3cc08c8.7z,Freidann Parker Modern Dance Photoshoot 2
71c692f8-f8e1-4483-8b52-f79e7c2682b9,A,UPLOADED,AIP,122703531,/api/v2/location/11a1c5ca-cb7e-448e-9ece-57f671e94057/,71c6/92f8/f8e1/4483/8b52/f79e/7c26/82b9/4e01ca3f-804f-42dd-9a83-1a7f993a9357_D084.02.0001.0006.00001_transfer-71c692f8-f8e1-4483-8b52-f79e7c2682b9.7z,
52f5db13-f929-4ab2-af51-b9e496737644,A,UPLOADED,AIP,122703608,/api/v2/location/11a1c5ca-cb7e-448e-9ece-57f671e94057/,52f5/db13/f929/4ab2/af51/b9e4/9673/7644/4e01ca3f-804f-42dd-9a83-1a7f993a9357_D084.02.0001.0006.00001_transfer-52f5db13-f929-4ab2-af51-b9e496737644.7z,
a8875b96-fe03-4cd9-be7d-0ce68abc8f70,A,UPLOADED,AIP,25438421,/api/v2/location/11a1c5ca-cb7e-448e-9ece-57f671e94057/,a887/5b96/fe03/4cd9/be7d/0ce6/8abc/8f70/3adf0e8d-62a5-4227-baef-4c6109ce4fb7_D002.01.0001.0032.00001_transfer-a8875b96-fe03-4cd9-be7d-0ce68abc8f70.7z,
4f244555-8957-46ff-a6bd-201f2936288b,A,UPLOADED,AIP,25439909,/api/v2/location/11a1c5ca-cb7e-448e-9ece-57f671e94057/,4f24/4555/8957/46ff/a6bd/201f/2936/288b/3adf0e8d-62a5-4227-baef-4c6109ce4fb7_D002.01.0001.0032.00001_transfer-4f244555-8957-46ff-a6bd-201f2936288b.7z,
736837ab-e4bc-42ce-96b2-e58116510622,B,UPLOADED,AIP,4341067,/api/v2/location/11a1c5ca-cb7e-448e-9ece-57f671e94057/,7368/37ab/e4bc/42ce/96b2/e581/1651/0622/17246c64-6344-44a9-a903-057524b3ec2e_M123.03.0038.0007.00001_transfer-736837ab-e4bc-42ce-96b2-e58116510622.7z,Justin W. Brierly
3ffe1d29-c589-4b4e-8807-4563db571f8c,B,UPLOADED,AIP,338476322,/api/v2/location/11a1c5ca-cb7e-448e-9ece-57f671e94057/,3ffe/1d29/c589/4b4e/8807/4563/db57/1f8c/5e5cc067-dc7c-422f-aa4c-ffe08d25ae62_D009.02.0006.0009.00001.00003_transfer-3ffe1d29-c589-4b4e-8807-4563db571f8c.7z,"Jane Slusarski-Harris Highlight Reel, 2015"
fa700229-140e-451f-92eb-d9c767eab1fb,B,UPLOADED,AIP,347768214,/api/v2/location/11a1c5ca-cb7e-448e-9ece-57f671e94057/,fa70/0229/140e/451f/92eb/d9c7/67ea/b1fb/5e5cc067-dc7c-422f-aa4c-ffe08d25ae62_D009.02.0006.0008.00001.00003_transfer-fa700229-140e-451f-92eb-d9c767eab1fb.7z,"Noel Hefty Highlight Reel, 2014"
df02b4c0-66bf-4757-b161-d715a343d863,B,UPLOADED,AIP,356538194,/api/v2/location/11a1c5ca-cb7e-448e-9ece-57f671e94057/,df02/b4c0/66bf/4757/b161/d715/a343/d863/5e5cc067-dc7c-422f-aa4c-ffe08d25ae62_D009.02.0006.0008.00001.00004_transfer-df02b4c0-66bf-4757-b161-d715a343d863.7z,"Howard Sayette Highlight Reel, 2014"
d5222eaa-e903-4306-a633-79a1e1777d49,B,UPLOADED,AIP,329507702,/api/v2/location/11a1c5ca-cb7e-448e-9ece-57f671e94057/,d522/2eaa/e903/4306/a633/79a1/e177/7d49/5e5cc067-dc7c-422f-aa4c-ffe08d25ae62_D009.02.0006.0008.00001.00002_transfer-d5222eaa-e903-4306-a633-79a1e1777d49.7z,Rita Flores de Wallace Highlight Reel
75e0f205-ca6d-4db4-9af9-a79f3f6a42df,B,UPLOADED,AIP,320570020,/api/v2/location/11a1c5ca-cb7e-448e-9ece-57f671e94057/,75e0/f205/ca6d/4db4/9af9/a79f/3f6a/42df/5e5cc067-dc7c-422f-aa4c-ffe08d25ae62_D009.02.0006.0009.00001.00004_transfer-75e0f205-ca6d-4db4-9af9-a79f3f6a42df.7z,"Nancy Smith Highlight Reel, 2015"
5b86f510-3300-4147-ad14-17116fcdb2d6,B,UPLOADED,AIP,2978085977,/api/v2/location/11a1c5ca-cb7e-448e-9ece-57f671e94057/,5b86/f510/3300/4147/ad14/1711/6fcd/b2d6/b68a0bbf-0cf8-4b4c-95e2-307306c1cbe1_D115.0001.00001_transfer-5b86f510-3300-4147-ad14-17116fcdb2d6.7z,"Denishawn Asian Tour Annotated Photo Album, 1925-1926"
7b8c7c9d-4457-46a3-9546-833c9d8b39a5,B,UPLOADED,AIP,1121917790,/api/v2/location/11a1c5ca-cb7e-448e-9ece-57f671e94057/,7b8c/7c9d/4457/46a3/9546/833c/9d8b/39a5/b68a0bbf-0cf8-4b4c-95e2-307306c1cbe1_D115.0001.00001_transfer-7b8c7c9d-4457-46a3-9546-833c9d8b39a5.7z,"Denishawn Asian Tour Annotated Photo Album, 1925-1926"
cd6d8865-f1fb-4016-ae3a-f41810e5affa,B,UPLOADED,AIP,213767545,/api/v2/location/11a1c5ca-cb7e-448e-9ece-57f671e94057/,cd6d/8865/f1fb/4016/ae3a/f418/10e5/affa/a5efb5d1-0484-429c-95a5-15c12ff40ca0_B002.01.0097.0001_transfer-cd6d8865-f1fb-4016-ae3a-f41810e5affa.7z,"JCRS Patient #1 Ernest Leffler, 1905"
d8bbf8a3-1adc-40c8-ada6-c939fa975db3,B,UPLOADED,AIP,277050377,/api/v2/location/11a1c5ca-cb7e-448e-9ece-57f671e94057/,d8bb/f8a3/1adc/40c8/ada6/c939/fa97/5db3/a5efb5d1-0484-429c-95a5-15c12ff40ca0_B002.01.0097.0003_transfer-d8bbf8a3-1adc-40c8-ada6-c939fa975db3.7z,"JCRS Patient #3 Sam Rothchild, "
5f43d401-a7e4-455e-8dc7-64ec5ddaf499,B,UPLOADED,AIP,473423090,/api/v2/location/11a1c5ca-cb7e-448e-9ece-57f671e94057/,5f43/d401/a7e4/455e/8dc7/64ec/5dda/f499/a5efb5d1-0484-429c-95a5-15c12ff40ca0_B002.01.0097.0002_transfer-5f43d401-a7e4-455e-8dc7-64ec5ddaf499.7z,"JCRS Patient #2 Max Albert, 1904-1905"
dd10c9e6-82f9-4c35-a9ec-dcaa43efef92,A,UPLOADED,AIP,70542425,/api/v2/location/11a1c5ca-cb7e-448e-9ece-57f671e94057/,dd10/c9e6/82f9/4c35/a9ec/dcaa/43ef/ef92/a5efb5d1-0484-429c-95a5-15c12ff40ca0_B002.01.0097.0001_transfer-dd10c9e6-82f9-4c35-a9ec-dcaa43efef92.7z,
8ab506c4-615d-4009-80d8-55bd07eb992c,A,UPLOADED,AIP,1852727534,/api/v2/location/11a1c5ca-cb7e-448e-9ece-57f671e94057/,8ab5/06c4/615d/4009/80d8/55bd/07eb/992c/b3d37f84-82b7-4f0c-8bd6-b5f8cc190d7e_B416.01.00001_transfer-8ab506c4-615d-4009-80d8-55bd07eb992c.7z,
8974ac1f-c84f-4970-ac94-e747a796ae10,A,UPLOADED,AIP,213768699,/api/v2/location/11a1c5ca-cb7e-448e-9ece-57f671e94057/,8974/ac1f/c84f/4970/ac94/e747/a796/ae10/a5efb5d1-0484-429c-95a5-15c12ff40ca0_B002.01.0097.0001_transfer-8974ac1f-c84f-4970-ac94-e747a796ae10.7z,
3a13c9b9-941e-4468-b802-b22aae69ee02,A,UPLOADED,AIP,213768577,/api/v2/location/11a1c5ca-cb7e-448e-9ece-57f671e94057/,3a13/c9b9/941e/4468/b802/b22a/ae69/ee02/a5efb5d1-0484-429c-95a5-15c12ff40ca0_B002.01.0097.0001_transfer-3a13c9b9-941e-4468-b802-b22aae69ee02.7z,
9a40eb53-e51a-46b9-94ba-bf23690e4291,A,UPLOADED,AIP,213767571,/api/v2/location/11a1c5ca-cb7e-448e-9ece-57f671e94057/,9a40/eb53/e51a/46b9/94ba/bf23/690e/4291/a5efb5d1-0484-429c-95a5-15c12ff40ca0_B002.01.0097.0001_transfer-9a40eb53-e51a-46b9-94ba-bf23690e4291.7z,
faac4f54-254c-425c-9762-96297fefe3e3,A,UPLOADED,AIP,213767705,/api/v2/location/11a1c5ca-cb7e-448e-9ece-57f671e94057/,faac/4f54/254c/425c/9762/9629/7fef/e3e3/a5efb5d1-0484-429c-95a5-15c12ff40ca0_B002.01.0097.0001_transfer-faac4f54-254c-425c-9762-96297fefe3e3.7z,
f1959cfc-efc4-4711-854b-04800ea161a1,A,UPLOADED,AIP,213768558,/api/v2/location/11a1c5ca-cb7e-448e-9ece-57f671e94057/,f195/9cfc/efc4/4711/854b/0480/0ea1/61a1/a5efb5d1-0484-429c-95a5-15c12ff40ca0_B002.01.0097.0001_transfer-f1959cfc-efc4-4711-854b-04800ea161a1.7z,
041b547a-80d4-46aa-8603-734fe15142ce,B,UPLOADED,AIP,5010592,/api/v2/location/11a1c5ca-cb7e-448e-9ece-57f671e94057/,041b/547a/80d4/46aa/8603/734f/e151/42ce/019d3890-7863-46a8-9d39-108a6ee489e1_clarion_19700302_vol74no52_transfer-041b547a-80d4-46aa-8603-734fe15142ce.7z,"Clarion, vol. 74, no. 52, 1970 March 2"
5a424260-4d07-48f4-b0ec-d5f6d0568409,B,UPLOADED,AIP,5183478,/api/v2/location/11a1c5ca-cb7e-448e-9ece-57f671e94057/,5a42/4260/4d07/48f4/b0ec/d5f6/d056/8409/019d3890-7863-46a8-9d39-108a6ee489e1_clarion_19700213_vol74no45_transfer-5a424260-4d07-48f4-b0ec-d5f6d0568409.7z,"Clarion, vol. 74, no. 45, 1970 February 13"
f12bcd8d-eeaa-4843-93a1-63118fb93e92,B,UPLOADED,AIP,5111010,/api/v2/location/11a1c5ca-cb7e-448e-9ece-57f671e94057/,f12b/cd8d/eeaa/4843/93a1/6311/8fb9/3e92/019d3890-7863-46a8-9d39-108a6ee489e1_clarion_19700216_vol74no46_transfer-f12bcd8d-eeaa-4843-93a1-63118fb93e92.7z,"Clarion, vol. 74, no. 46, 1970 February 16"
b9f0c825-8fd7-4177-8074-a087225d692c,B,UPLOADED,AIP,5168539,/api/v2/location/11a1c5ca-cb7e-448e-9ece-57f671e94057/,b9f0/c825/8fd7/4177/8074/a087/225d/692c/019d3890-7863-46a8-9d39-108a6ee489e1_clarion_19700121_vol74no36_transfer-b9f0c825-8fd7-4177-8074-a087225d692c.7z,"Clarion, vol. 74, no. 36, 1970 January 21"
5b3cd379-29a1-426f-b45a-cde1871971d0,B,UPLOADED,AIP,4707521,/api/v2/location/11a1c5ca-cb7e-448e-9ece-57f671e94057/,5b3c/d379/29a1/426f/b45a/cde1/8719/71d0/019d3890-7863-46a8-9d39-108a6ee489e1_clarion_19691114_vol74no23_transfer-5b3cd379-29a1-426f-b45a-cde1871971d0.7z,"Clarion, vol. 74, no. 23, 1969 November 14"
b4de1c2a-966c-401e-a92e-971b1b4ed162,B,UPLOADED,AIP,12808152,/api/v2/location/11a1c5ca-cb7e-448e-9ece-57f671e94057/,b4de/1c2a/966c/401e/a92e/971b/1b4e/d162/019d3890-7863-46a8-9d39-108a6ee489e1_clarion_19431203_vol48no10_transfer-b4de1c2a-966c-401e-a92e-971b1b4ed162.7z,"Clarion, vol. 48, no. 10, 1943 December 3"
ace774d5-1064-4155-8926-a9a2fe6229e9,B,UPLOADED,AIP,13052133,/api/v2/location/11a1c5ca-cb7e-448e-9ece-57f671e94057/,ace7/74d5/1064/4155/8926/a9a2/fe62/29e9/019d3890-7863-46a8-9d39-108a6ee489e1_clarion_19440114_vol48no11_transfer-ace774d5-1064-4155-8926-a9a2fe6229e9.7z,"Clarion, vol. 48, no. 11, 1944 January 14"
51068719-c9d6-46e6-924a-8f96d7505f80,B,UPLOADED,AIP,12469030,/api/v2/location/11a1c5ca-cb7e-448e-9ece-57f671e94057/,5106/8719/c9d6/46e6/924a/8f96/d750/5f80/019d3890-7863-46a8-9d39-108a6ee489e1_clarion_19440602_vol48no28_transfer-51068719-c9d6-46e6-924a-8f96d7505f80.7z,"Clarion, vol. 48, no. 28, 1944 June 2"
898ebad6-5d35-4455-9eba-08f9fc6c61c7,B,UPLOADED,AIP,12639160,/api/v2/location/11a1c5ca-cb7e-448e-9ece-57f671e94057/,898e/bad6/5d35/4455/9eba/08f9/fc6c/61c7/019d3890-7863-46a8-9d39-108a6ee489e1_clarion_19431022_vol48no4_transfer-898ebad6-5d35-4455-9eba-08f9fc6c61c7.7z,"Clarion, vol. 48, no. 4, 1943 October 22"
eb7d8abd-323a-413c-bf95-0488410303b0,B,UPLOADED,AIP,13147526,/api/v2/location/11a1c5ca-cb7e-448e-9ece-57f671e94057/,eb7d/8abd/323a/413c/bf95/0488/4103/03b0/019d3890-7863-46a8-9d39-108a6ee489e1_clarion_19440128_vol48no13_transfer-eb7d8abd-323a-413c-bf95-0488410303b0.7z,"Clarion, vol. 48, no. 13, 1944 January 28"
a737fd52-b41f-48b2-8d6d-2a0403c5dd85,B,UPLOADED,AIP,12483475,/api/v2/location/11a1c5ca-cb7e-448e-9ece-57f671e94057/,a737/fd52/b41f/48b2/8d6d/2a04/03c5/dd85/019d3890-7863-46a8-9d39-108a6ee489e1_clarion_19431008_vol48no2_transfer-a737fd52-b41f-48b2-8d6d-2a0403c5dd85.7z,"Clarion, vol. 48, no. 2, 1943 October 8"
06000d43-0ef5-4d48-9527-8c6631f02e0e,B,UPLOADED,AIP,13183691,/api/v2/location/11a1c5ca-cb7e-448e-9ece-57f671e94057/,0600/0d43/0ef5/4d48/9527/8c66/31f0/2e0e/019d3890-7863-46a8-9d39-108a6ee489e1_clarion_19440421_vol48no22_transfer-06000d43-0ef5-4d48-9527-8c6631f02e0e.7z,"Clarion, vol. 48, no. 22, 1944 April 21"
341b2f57-0a79-49e9-bbff-d1c74db1b30c,B,UPLOADED,AIP,13066714,/api/v2/location/11a1c5ca-cb7e-448e-9ece-57f671e94057/,341b/2f57/0a79/49e9/bbff/d1c7/4db1/b30c/019d3890-7863-46a8-9d39-108a6ee489e1_clarion_19431124_vol48no9_transfer-341b2f57-0a79-49e9-bbff-d1c74db1b30c.7z,"Clarion, vol. 48, no. 9, 1943 November 24"
59549075-6e58-4b17-8952-f0eb2396f5df,B,UPLOADED,AIP,12273072,/api/v2/location/11a1c5ca-cb7e-448e-9ece-57f671e94057/,5954/9075/6e58/4b17/8952/f0eb/2396/f5df/019d3890-7863-46a8-9d39-108a6ee489e1_clarion_19440519_vol48no26_transfer-59549075-6e58-4b17-8952-f0eb2396f5df.7z,"Clarion, vol. 48, no. 26, 1944 May 19"
7042dbce-e28c-4629-b19e-f1331e7bd309,B,UPLOADED,AIP,13018945,/api/v2/location/11a1c5ca-cb7e-448e-9ece-57f671e94057/,7042/dbce/e28c/4629/b19e/f133/1e7b/d309/019d3890-7863-46a8-9d39-108a6ee489e1_clarion_19431105_vol48no6_transfer-7042dbce-e28c-4629-b19e-f1331e7bd309.7z,"Clarion, vol. 48, no. 6, 1943 November 5"
14bbb531-18f4-4bbe-8c12-812af9b1bbe9,B,UPLOADED,AIP,13101116,/api/v2/location/11a1c5ca-cb7e-448e-9ece-57f671e94057/,14bb/b531/18f4/4bbe/8c12/812a/f9b1/bbe9/019d3890-7863-46a8-9d39-108a6ee489e1_clarion_19440414_vol48no21_transfer-14bbb531-18f4-4bbe-8c12-812af9b1bbe9.7z,"Clarion, vol. 48, no. 21, 1944 April 14"
67c677ef-bf86-494f-8980-63020d955959,B,UPLOADED,AIP,12594426,/api/v2/location/11a1c5ca-cb7e-448e-9ece-57f671e94057/,67c6/77ef/bf86/494f/8980/6302/0d95/5959/019d3890-7863-46a8-9d39-108a6ee489e1_clarion_19440211_vol48no15_transfer-67c677ef-bf86-494f-8980-63020d955959.7z,"Clarion, vol. 48, no. 15, 1944 February 11"
5d55793b-5908-458e-b7c9-00b66c84b590,B,UPLOADED,AIP,12963934,/api/v2/location/11a1c5ca-cb7e-448e-9ece-57f671e94057/,5d55/793b/5908/458e/b7c9/00b6/6c84/b590/019d3890-7863-46a8-9d39-108a6ee489e1_clarion_19431119_vol48no8_transfer-5d55793b-5908-458e-b7c9-00b66c84b590.7z,"Clarion, vol. 48, no. 8, 1943 November 19"
0973db57-f741-453a-83d5-e1fa9df8e18d,B,UPLOADED,AIP,13125832,/api/v2/location/11a1c5ca-cb7e-448e-9ece-57f671e94057/,0973/db57/f741/453a/83d5/e1fa/9df8/e18d/019d3890-7863-46a8-9d39-108a6ee489e1_clarion_19431015_vol48no3_transfer-0973db57-f741-453a-83d5-e1fa9df8e18d.7z,"Clarion, vol. 48, no. 3, 1943 October 15"
cd1371f5-fb25-400c-b37e-e3be797d501d,B,UPLOADED,AIP,12141061,/api/v2/location/11a1c5ca-cb7e-448e-9ece-57f671e94057/,cd13/71f5/fb25/400c/b37e/e3be/797d/501d/019d3890-7863-46a8-9d39-108a6ee489e1_clarion_19440505_vol48no24_transfer-cd1371f5-fb25-400c-b37e-e3be797d501d.7z,"Clarion, vol. 48, no. 24, 1944 May 5"
93676ed6-1625-4efd-8817-f4ad968960f5,B,UPLOADED,AIP,13189646,/api/v2/location/11a1c5ca-cb7e-448e-9ece-57f671e94057/,9367/6ed6/1625/4efd/8817/f4ad/9689/60f5/019d3890-7863-46a8-9d39-108a6ee489e1_clarion_19431001_vol48no1_transfer-93676ed6-1625-4efd-8817-f4ad968960f5.7z,"Clarion, vol. 48, no. 1, 1943 October 1"
c2ff6c87-04ae-49f5-942f-c6343f21408d,B,UPLOADED,AIP,12937545,/api/v2/location/11a1c5ca-cb7e-448e-9ece-57f671e94057/,c2ff/6c87/04ae/49f5/942f/c634/3f21/408d/019d3890-7863-46a8-9d39-108a6ee489e1_clarion_19440406_vol48no20_transfer-c2ff6c87-04ae-49f5-942f-c6343f21408d.7z,"Clarion, vol. 48, no. 20, 1944 April 6"
7f44958a-6908-4796-a5b1-f4cf6555616b,B,UPLOADED,AIP,12780720,/api/v2/location/11a1c5ca-cb7e-448e-9ece-57f671e94057/,7f44/958a/6908/4796/a5b1/f4cf/6555/616b/019d3890-7863-46a8-9d39-108a6ee489e1_clarion_19440428_vol48no23_transfer-7f44958a-6908-4796-a5b1-f4cf6555616b.7z,"Clarion, vol. 48, no. 23, 1944 April 28"
46c88b85-c349-45f7-ab3a-2144a74afdf6,B,UPLOADED,AIP,13264913,/api/v2/location/11a1c5ca-cb7e-448e-9ece-57f671e94057/,46c8/8b85/c349/45f7/ab3a/2144/a74a/fdf6/019d3890-7863-46a8-9d39-108a6ee489e1_clarion_19440225_vol48no17_transfer-46c88b85-c349-45f7-ab3a-2144a74afdf6.7z,"Clarion, vol. 48, no 17, 1944 February 25"
75eab033-afbd-4979-9aa0-37500649f207,B,UPLOADED,AIP,13244117,/api/v2/location/11a1c5ca-cb7e-448e-9ece-57f671e94057/,75ea/b033/afbd/4979/9aa0/3750/0649/f207/019d3890-7863-46a8-9d39-108a6ee489e1_clarion_19431029_vol48no5_transfer-75eab033-afbd-4979-9aa0-37500649f207.7z,"Clarion, vol. 48, no. 5, 1943 October 29"
1ca65a25-9553-41e8-a5ec-03e90ddd6e73,B,UPLOADED,AIP,11712638,/api/v2/location/11a1c5ca-cb7e-448e-9ece-57f671e94057/,1ca6/5a25/9553/41e8/a5ec/03e9/0ddd/6e73/019d3890-7863-46a8-9d39-108a6ee489e1_clarion_19440526_vol48no27_transfer-1ca65a25-9553-41e8-a5ec-03e90ddd6e73.7z,"Clarion, vol. 48, no. 27, 1944 May 26"
e94046ff-19a1-4b55-9938-691edca7714c,B,UPLOADED,AIP,13025039,/api/v2/location/11a1c5ca-cb7e-448e-9ece-57f671e94057/,e940/46ff/19a1/4b55/9938/691e/dca7/714c/019d3890-7863-46a8-9d39-108a6ee489e1_clarion_19440121_vol48no12_transfer-e94046ff-19a1-4b55-9938-691edca7714c.7z,"Clarion, vol. 48, no. 12, 1944 January 21"
c870056e-6f5e-4e9b-ba63-a0e9039115d5,B,UPLOADED,AIP,12800154,/api/v2/location/11a1c5ca-cb7e-448e-9ece-57f671e94057/,c870/056e/6f5e/4e9b/ba63/a0e9/0391/15d5/019d3890-7863-46a8-9d39-108a6ee489e1_clarion_19440204_vol48no14_transfer-c870056e-6f5e-4e9b-ba63-a0e9039115d5.7z,"Clarion, vol. 48, no. 14, 1944 February 4"
a3440fcf-6d98-41be-ba3c-38f9812fdd52,B,UPLOADED,AIP,12923791,/api/v2/location/11a1c5ca-cb7e-448e-9ece-57f671e94057/,a344/0fcf/6d98/41be/ba3c/38f9/812f/dd52/019d3890-7863-46a8-9d39-108a6ee489e1_clarion_19440512_vol48no25_transfer-a3440fcf-6d98-41be-ba3c-38f9812fdd52.7z,"Clarion, vol. 48, no. 25, 1944 May 12"
b4acee50-6e4d-4c22-9f9b-033b6a31e2f8,B,UPLOADED,AIP,25424009,/api/v2/location/11a1c5ca-cb7e-448e-9ece-57f671e94057/,b4ac/ee50/6e4d/4c22/9f9b/033b/6a31/e2f8/019d3890-7863-46a8-9d39-108a6ee489e1_clarion_19431112_vol48no7_transfer-b4acee50-6e4d-4c22-9f9b-033b6a31e2f8.7z,"Clarion, vol. 48, no. 7, 1943 November 12"
4534ff27-632f-40d4-9baf-b357ae551f85,B,UPLOADED,AIP,13565484,/api/v2/location/11a1c5ca-cb7e-448e-9ece-57f671e94057/,4534/ff27/632f/40d4/9baf/b357/ae55/1f85/019d3890-7863-46a8-9d39-108a6ee489e1_clarion_19440310_vol48no19_transfer-4534ff27-632f-40d4-9baf-b357ae551f85.7z,"Clarion, vol. 48, no. 19, 1944 March 10"
ff11556b-07d1-4f4a-b5d5-c1939cb472ac,B,UPLOADED,AIP,13301687,/api/v2/location/11a1c5ca-cb7e-448e-9ece-57f671e94057/,ff11/556b/07d1/4f4a/b5d5/c193/9cb4/72ac/019d3890-7863-46a8-9d39-108a6ee489e1_clarion_19440218_vol48no16_transfer-ff11556b-07d1-4f4a-b5d5-c1939cb472ac.7z,"Clarion, vol. 48, no. 16, 1944 February 18"
be8bd9a0-57f2-43ea-8054-c6cf400109a8,B,UPLOADED,AIP,25901602,/api/v2/location/11a1c5ca-cb7e-448e-9ece-57f671e94057/,be8b/d9a0/57f2/43ea/8054/c6cf/4001/09a8/019d3890-7863-46a8-9d39-108a6ee489e1_clarion_19541112_vol31no8_transfer-be8bd9a0-57f2-43ea-8054-c6cf400109a8.7z,"Clarion, vol. 31, no. 8, 1954 November 12"
2556c432-0e23-42ab-8e86-c81fb08b3f77,B,UPLOADED,AIP,26816988,/api/v2/location/11a1c5ca-cb7e-448e-9ece-57f671e94057/,2556/c432/0e23/42ab/8e86/c81f/b08b/3f77/019d3890-7863-46a8-9d39-108a6ee489e1_clarion_19550513_vol31no28_transfer-2556c432-0e23-42ab-8e86-c81fb08b3f77.7z,"Clarion, vol. 31, no. 28, 1955 May 13"
0895f63a-de87-4aec-a7dd-165835e65d16,B,UPLOADED,AIP,18993948,/api/v2/location/11a1c5ca-cb7e-448e-9ece-57f671e94057/,0895/f63a/de87/4aec/a7dd/1658/35e6/5d16/019d3890-7863-46a8-9d39-108a6ee489e1_clarion_19550218_vol31no18_transfer-0895f63a-de87-4aec-a7dd-165835e65d16.7z,"Clarion, vol. 31, no. 18, 1955 February 18"
31680b8a-df37-4bf9-9814-3e700b0f2ea3,B,UPLOADED,AIP,24793160,/api/v2/location/11a1c5ca-cb7e-448e-9ece-57f671e94057/,3168/0b8a/df37/4bf9/9814/3e70/0b0f/2ea3/019d3890-7863-46a8-9d39-108a6ee489e1_clarion_19550211_vol31no17_transfer-31680b8a-df37-4bf9-9814-3e700b0f2ea3.7z,"Clarion, vol. 31, no. 17, 1955 February 11"
7ddc2791-5090-416e-9bcb-907b3547dc7b,B,UPLOADED,AIP,34546498,/api/v2/location/11a1c5ca-cb7e-448e-9ece-57f671e94057/,7ddc/2791/5090/416e/9bcb/907b/3547/dc7b/019d3890-7863-46a8-9d39-108a6ee489e1_clarion_19550121_vol31no14_transfer-7ddc2791-5090-416e-9bcb-907b3547dc7b.7z,"Clarion, vol. 31, no. 14, 1955 January 21"
e48fccba-a7ae-486f-b997-177b1342bc94,B,UPLOADED,AIP,34796704,/api/v2/location/11a1c5ca-cb7e-448e-9ece-57f671e94057/,e48f/ccba/a7ae/486f/b997/177b/1342/bc94/019d3890-7863-46a8-9d39-108a6ee489e1_clarion_19541022_vol31no5_transfer-e48fccba-a7ae-486f-b997-177b1342bc94.7z,"Clarion, vol. 31, no. 5, 1954 October 22"
d5718da5-9f67-4be9-9c81-238278798205,B,UPLOADED,AIP,11385513,/api/v2/location/11a1c5ca-cb7e-448e-9ece-57f671e94057/,d571/8da5/9f67/4be9/9c81/2382/7879/8205/019d3890-7863-46a8-9d39-108a6ee489e1_clarion_19541008_vol31no3_transfer-d5718da5-9f67-4be9-9c81-238278798205.7z,"Clarion, vol. 31, no. 3, 1954 October 8"
85fb8cce-d2eb-493c-918b-cf07b1dbf923,B,UPLOADED,AIP,25607014,/api/v2/location/11a1c5ca-cb7e-448e-9ece-57f671e94057/,85fb/8cce/d2eb/493c/918b/cf07/b1db/f923/019d3890-7863-46a8-9d39-108a6ee489e1_clarion_19550527_vol31no30_transfer-85fb8cce-d2eb-493c-918b-cf07b1dbf923.7z,"Clarion, vol. 31, no. 30, 1955 May 27"
adae9dbe-226e-4792-8106-fd0d90b422c0,B,UPLOADED,AIP,26451335,/api/v2/location/11a1c5ca-cb7e-448e-9ece-57f671e94057/,adae/9dbe/226e/4792/8106/fd0d/90b4/22c0/019d3890-7863-46a8-9d39-108a6ee489e1_clarion_19550114_vol31no13_transfer-adae9dbe-226e-4792-8106-fd0d90b422c0.7z,"Clarion, vol. 31, no. 13, 1955 January 14"
5517e1af-c231-4170-ae65-51ae6fbe1d3d,B,UPLOADED,AIP,27202345,/api/v2/location/11a1c5ca-cb7e-448e-9ece-57f671e94057/,5517/e1af/c231/4170/ae65/51ae/6fbe/1d3d/019d3890-7863-46a8-9d39-108a6ee489e1_clarion_19541119_vol31no9_transfer-5517e1af-c231-4170-ae65-51ae6fbe1d3d.7z,"Clarion, vol. 31, no. 9, 1954 November 19"
f3946397-99b0-4c60-be46-45455b624e21,B,UPLOADED,AIP,35273762,/api/v2/location/11a1c5ca-cb7e-448e-9ece-57f671e94057/,f394/6397/99b0/4c60/be46/4545/5b62/4e21/019d3890-7863-46a8-9d39-108a6ee489e1_clarion_19541029_vol31no6_transfer-f3946397-99b0-4c60-be46-45455b624e21.7z,"Clarion, vol. 31, no. 6, 1954 October 29"
978cd864-ef5d-4398-89c6-dd6b358ffffa,B,UPLOADED,AIP,25952531,/api/v2/location/11a1c5ca-cb7e-448e-9ece-57f671e94057/,978c/d864/ef5d/4398/89c6/dd6b/358f/fffa/019d3890-7863-46a8-9d39-108a6ee489e1_clarion_19550520_vol31no29_transfer-978cd864-ef5d-4398-89c6-dd6b358ffffa.7z,"Clarion, vol. 31, no. 29, 1955 May 20"
69305036-5602-443c-a993-41fdfefb94db,B,UPLOADED,AIP,26986287,/api/v2/location/11a1c5ca-cb7e-448e-9ece-57f671e94057/,6930/5036/5602/443c/a993/41fd/fefb/94db/019d3890-7863-46a8-9d39-108a6ee489e1_clarion_19550422_vol31no25_transfer-69305036-5602-443c-a993-41fdfefb94db.7z,"Clarion, vol. 31, no. 25, 1955 April 22"
c88c10f9-d412-46cd-a6c3-eff050b44257,B,UPLOADED,AIP,26615833,/api/v2/location/11a1c5ca-cb7e-448e-9ece-57f671e94057/,c88c/10f9/d412/46cd/a6c3/eff0/50b4/4257/019d3890-7863-46a8-9d39-108a6ee489e1_clarion_19550225_vol31no19_transfer-c88c10f9-d412-46cd-a6c3-eff050b44257.7z,"Clarion, vol. 31, no. 19, 1955 February 25"
d7c19597-5651-4a08-817f-fd98952ff98c,B,UPLOADED,AIP,5109843,/api/v2/location/11a1c5ca-cb7e-448e-9ece-57f671e94057/,d7c1/9597/5651/4a08/817f/fd98/952f/f98c/019d3890-7863-46a8-9d39-108a6ee489e1_clarion_19771024_vol82no27_transfer-d7c19597-5651-4a08-817f-fd98952ff98c.7z,"Clarion, vol. 82, no. 27, 1977 October 24"
ffe89047-4aa2-4066-ae92-449e4cdf7e17,B,UPLOADED,AIP,18699256,/api/v2/location/11a1c5ca-cb7e-448e-9ece-57f671e94057/,ffe8/9047/4aa2/4066/ae92/449e/4cdf/7e17/019d3890-7863-46a8-9d39-108a6ee489e1_clarion_19550107_vol31no12_transfer-ffe89047-4aa2-4066-ae92-449e4cdf7e17.7z,"Clarion, vol. 31, no. 12, 1955 January 7"
bd94390a-48ff-40c7-9307-93cc14622a77,B,UPLOADED,AIP,24940660,/api/v2/location/11a1c5ca-cb7e-448e-9ece-57f671e94057/,bd94/390a/48ff/40c7/9307/93cc/1462/2a77/019d3890-7863-46a8-9d39-108a6ee489e1_clarion_19550401_vol31no22_transfer-bd94390a-48ff-40c7-9307-93cc14622a77.7z,"Clarion, vol. 31, no. 22, 1955 April 1"
b3dbcc43-4bc0-4895-ae3e-8b14c5935e3e,B,UPLOADED,AIP,22507647,/api/v2/location/11a1c5ca-cb7e-448e-9ece-57f671e94057/,b3db/cc43/4bc0/4895/ae3e/8b14/c593/5e3e/019d3890-7863-46a8-9d39-108a6ee489e1_clarion_19540920_vol31no1_transfer-b3dbcc43-4bc0-4895-ae3e-8b14c5935e3e.7z,"Clarion, vol. 31, no. 1, 1954 September 20"
dbce22d7-6be0-4e49-a56d-16b948e509bb,A,UPLOADED,AIP,1121956913,/api/v2/location/11a1c5ca-cb7e-448e-9ece-57f671e94057/,dbce/22d7/6be0/4e49/a56d/16b9/48e5/09bb/b68a0bbf-0cf8-4b4c-95e2-307306c1cbe1_D115.0001.00001_transfer-dbce22d7-6be0-4e49-a56d-16b948e509bb.7z,
b8f148de-57ae-4a0c-b351-106ff6cdd643,A,UPLOADED,AIP,1121956870,/api/v2/location/11a1c5ca-cb7e-448e-9ece-57f671e94057/,b8f1/48de/57ae/4a0c/b351/106f/f6cd/d643/b68a0bbf-0cf8-4b4c-95e2-307306c1cbe1_D115.0001.00001_transfer-b8f148de-57ae-4a0c-b351-106ff6cdd643.7z,
d18a90c6-0514-4682-833c-3bb5b7087524,A,UPLOADED,AIP,1121956902,/api/v2/location/11a1c5ca-cb7e-448e-9ece-57f671e94057/,d18a/90c6/0514/4682/833c/3bb5/b708/7524/b68a0bbf-0cf8-4b4c-95e2-307306c1cbe1_D115.0001.00001_transfer-d18a90c6-0514-4682-833c-3bb5b7087524.7z,
fa607551-e990-457e-a6a8-9e4c71f1c4bb,A,UPLOADED,AIP,1121956773,/api/v2/location/11a1c5ca-cb7e-448e-9ece-57f671e94057/,fa60/7551/e990/457e/a6a8/9e4c/71f1/c4bb/b68a0bbf-0cf8-4b4c-95e2-307306c1cbe1_D115.0001.00001_transfer-fa607551-e990-457e-a6a8-9e4c71f1c4bb.7z,
16bc5ca8-6a7d-4d69-a2ba-6e8218f614dc,A,UPLOADED,AIP,1121956771,/api/v2/location/11a1c5ca-cb7e-448e-9ece-57f671e94057/,16bc/5ca8/6a7d/4d69/a2ba/6e82/18f6/14dc/b68a0bbf-0cf8-4b4c-95e2-307306c1cbe1_D115.0001.00001_transfer-16bc5ca8-6a7d-4d69-a2ba-6e8218f614dc.7z,
ea8a31a5-c7a1-48cf-a420-bbcdeeefb477,B,UPLOADED,AIP,28180604,/api/v2/location/11a1c5ca-cb7e-448e-9ece-57f671e94057/,ea8a/31a5/c7a1/48cf/a420/bbcd/eeef/b477/3adf0e8d-62a5-4227-baef-4c6109ce4fb7_D002.01.0001.0100.00002_transfer-ea8a31a5-c7a1-48cf-a420-bbcdeeefb477.7z,"Bench Quartet, 1991"
c81c46e6-7628-4568-9c4d-845d4de7a2c3,B,UPLOADED,AIP,22240553,/api/v2/location/11a1c5ca-cb7e-448e-9ece-57f671e94057/,c81c/46e6/7628/4568/9c4d/845d/4de7/a2c3/3adf0e8d-62a5-4227-baef-4c6109ce4fb7_D002.01.0001.0100.00001_transfer-c81c46e6-7628-4568-9c4d-845d4de7a2c3.7z,Kim Robards
3fbe3247-4945-4a0a-b4ec-4d05d03846f8,B,UPLOADED,AIP,44323427,/api/v2/location/11a1c5ca-cb7e-448e-9ece-57f671e94057/,3fbe/3247/4945/4a0a/b4ec/4d05/d038/46f8/019d3890-7863-46a8-9d39-108a6ee489e1_clarion_19541203_vol31no11_transfer-3fbe3247-4945-4a0a-b4ec-4d05d03846f8.7z,"Clarion, vol. 31, no. 11, 1954 December 3"
25a95678-d6b8-448f-8500-4650498e28ee,B,UPLOADED,AIP,34875186,/api/v2/location/11a1c5ca-cb7e-448e-9ece-57f671e94057/,25a9/5678/d6b8/448f/8500/4650/498e/28ee/019d3890-7863-46a8-9d39-108a6ee489e1_clarion_19550311_vol31no21_transfer-25a95678-d6b8-448f-8500-4650498e28ee.7z,"Clarion, vol. 31, no. 21, 1955 March 11"
0bd7ff77-5ad6-434e-b970-30dc3ea1f4e8,B,UPLOADED,AIP,25671318,/api/v2/location/11a1c5ca-cb7e-448e-9ece-57f671e94057/,0bd7/ff77/5ad6/434e/b970/30dc/3ea1/f4e8/019d3890-7863-46a8-9d39-108a6ee489e1_clarion_19541001_vol31no2_transfer-0bd7ff77-5ad6-434e-b970-30dc3ea1f4e8.7z,"Clarion, vol. 31, no. 2, 1954 October 1"
b1e84626-86a6-4170-a447-5e1dc22e989d,B,UPLOADED,AIP,36700215,/api/v2/location/11a1c5ca-cb7e-448e-9ece-57f671e94057/,b1e8/4626/86a6/4170/a447/5e1d/c22e/989d/019d3890-7863-46a8-9d39-108a6ee489e1_clarion_19550506_vol31no27_transfer-b1e84626-86a6-4170-a447-5e1dc22e989d.7z,"Clarion, vol. 31, no. 27, 1955 May 6"
0992794b-f914-4cc4-9942-2828d1427270,B,UPLOADED,AIP,25709056,/api/v2/location/11a1c5ca-cb7e-448e-9ece-57f671e94057/,0992/794b/f914/4cc4/9942/2828/d142/7270/019d3890-7863-46a8-9d39-108a6ee489e1_clarion_19550204_vol31no16_transfer-0992794b-f914-4cc4-9942-2828d1427270.7z,"Clarion, vol. 31, no. 16, 1955 February 4"
91e1b6f3-835f-4a28-98e2-871a69d9e137,B,UPLOADED,AIP,26510367,/api/v2/location/11a1c5ca-cb7e-448e-9ece-57f671e94057/,91e1/b6f3/835f/4a28/98e2/871a/69d9/e137/019d3890-7863-46a8-9d39-108a6ee489e1_clarion_19550128_vol31no15_transfer-91e1b6f3-835f-4a28-98e2-871a69d9e137.7z,"Clarion, vol. 31, no. 15, 1955 January 28"
7619d0b3-5cc0-43a1-8ea6-25b3b0aa6e67,B,UPLOADED,AIP,34249185,/api/v2/location/11a1c5ca-cb7e-448e-9ece-57f671e94057/,7619/d0b3/5cc0/43a1/8ea6/25b3/b0aa/6e67/019d3890-7863-46a8-9d39-108a6ee489e1_clarion_19541105_vol31no7_transfer-7619d0b3-5cc0-43a1-8ea6-25b3b0aa6e67.7z,"Clarion, vol. 31, no. 7, 1954 November 5"
abc62c30-cb8a-4fcf-825f-934695d36044,B,UPLOADED,AIP,28401433,/api/v2/location/11a1c5ca-cb7e-448e-9ece-57f671e94057/,abc6/2c30/cb8a/4fcf/825f/9346/95d3/6044/019d3890-7863-46a8-9d39-108a6ee489e1_clarion_19550415_vol31no24_transfer-abc62c30-cb8a-4fcf-825f-934695d36044.7z,"Clarion, vol. 31, no. 24, 1955 April 15"
9c1c5429-929d-46c1-a863-d32f474e62b3,B,UPLOADED,AIP,26621870,/api/v2/location/11a1c5ca-cb7e-448e-9ece-57f671e94057/,9c1c/5429/929d/46c1/a863/d32f/474e/62b3/019d3890-7863-46a8-9d39-108a6ee489e1_clarion_19541015_vol31no4_transfer-9c1c5429-929d-46c1-a863-d32f474e62b3.7z,"Clarion, vol. 31, no. 4, 1954 October 15"
59ee2227-451d-467d-9562-c2a6d653c585,B,UPLOADED,AIP,25915034,/api/v2/location/11a1c5ca-cb7e-448e-9ece-57f671e94057/,59ee/2227/451d/467d/9562/c2a6/d653/c585/019d3890-7863-46a8-9d39-108a6ee489e1_clarion_19550429_vol31no26_transfer-59ee2227-451d-467d-9562-c2a6d653c585.7z,"Clarion, vol. 31, no. 26, 1955 April 29"
f3352086-f025-4a1d-8f95-5192d0471a80,B,UPLOADED,AIP,34836966,/api/v2/location/11a1c5ca-cb7e-448e-9ece-57f671e94057/,f335/2086/f025/4a1d/8f95/5192/d047/1a80/019d3890-7863-46a8-9d39-108a6ee489e1_clarion_19550408_vol31no23_transfer-f3352086-f025-4a1d-8f95-5192d0471a80.7z,"Clarion, vol. 31, no 23, 1955 April 8"
130f44e3-2b0f-4b26-8b2c-31994dd0e97f,B,UPLOADED,AIP,25849431,/api/v2/location/11a1c5ca-cb7e-448e-9ece-57f671e94057/,130f/44e3/2b0f/4b26/8b2c/3199/4dd0/e97f/019d3890-7863-46a8-9d39-108a6ee489e1_clarion_19550603_vol31no31_transfer-130f44e3-2b0f-4b26-8b2c-31994dd0e97f.7z,"Clarion, vol. 31, no. 31, 1955 June 3"
32b1f629-2245-4acb-ab5a-e79d54a70afd,A,UPLOADED,AIP,589349,/api/v2/location/11a1c5ca-cb7e-448e-9ece-57f671e94057/,32b1/f629/2245/4acb/ab5a/e79d/54a7/0afd/a5efb5d1-0484-429c-95a5-15c12ff40ca0_B002.01.0098.0012.00003_transfer-32b1f629-2245-4acb-ab5a-e79d54a70afd.7z,
4722b007-504a-44c5-8f94-859c2a5218ed,A,UPLOADED,AIP,35223825,/api/v2/location/11a1c5ca-cb7e-448e-9ece-57f671e94057/,4722/b007/504a/44c5/8f94/859c/2a52/18ed/45a3e004-133a-4508-911d-6c93139cdb75_B106.03.0015.0001.00001_transfer-4722b007-504a-44c5-8f94-859c2a5218ed.7z,
a82d4534-c884-4d0b-bfbb-123bcbf06b18,A,UPLOADED,AIP,35220647,/api/v2/location/11a1c5ca-cb7e-448e-9ece-57f671e94057/,a82d/4534/c884/4d0b/bfbb/123b/cbf0/6b18/45a3e004-133a-4508-911d-6c93139cdb75_B106.03.0015.0001.00001_transfer-a82d4534-c884-4d0b-bfbb-123bcbf06b18.7z,
85f26025-174d-43da-b585-3d382c3a2b44,A,UPLOADED,AIP,35221948,/api/v2/location/11a1c5ca-cb7e-448e-9ece-57f671e94057/,85f2/6025/174d/43da/b585/3d38/2c3a/2b44/45a3e004-133a-4508-911d-6c93139cdb75_B106.03.0015.0001.00001_transfer-85f26025-174d-43da-b585-3d382c3a2b44.7z,
aaedb545-fba8-42be-b6d8-405109898cf4,A,UPLOADED,AIP,35222683,/api/v2/location/11a1c5ca-cb7e-448e-9ece-57f671e94057/,aaed/b545/fba8/42be/b6d8/4051/0989/8cf4/45a3e004-133a-4508-911d-6c93139cdb75_B106.03.0015.0001.00001_transfer-aaedb545-fba8-42be-b6d8-405109898cf4.7z,
ec7d9606-7b8b-4aa3-988c-5f82a84e8c24,A,UPLOADED,AIP,35217473,/api/v2/location/11a1c5ca-cb7e-448e-9ece-57f671e94057/,ec7d/9606/7b8b/4aa3/988c/5f82/a84e/8c24/45a3e004-133a-4508-911d-6c93139cdb75_B106.03.0015.0001.00001_transfer-ec7d9606-7b8b-4aa3-988c-5f82a84e8c24.7z,
352c1d98-d2d8-429b-87b2-d21e1bb5c823,A,UPLOADED,AIP,35222844,/api/v2/location/11a1c5ca-cb7e-448e-9ece-57f671e94057/,352c/1d98/d2d8/429b/87b2/d21e/1bb5/c823/45a3e004-133a-4508-911d-6c93139cdb75_B106.03.0015.0001.00001_transfer-352c1d98-d2d8-429b-87b2-d21e1bb5c823.7z,
f94c7dc7-81a5-4aa6-8031-b400de2173f4,A,UPLOADED,AIP,35216650,/api/v2/location/11a1c5ca-cb7e-448e-9ece-57f671e94057/,f94c/7dc7/81a5/4aa6/8031/b400/de21/73f4/45a3e004-133a-4508-911d-6c93139cdb75_B106.03.0015.0001.00001_transfer-f94c7dc7-81a5-4aa6-8031-b400de2173f4.7z,
38ac79a5-5e67-419d-b6ca-1e11f14de0d3,A,UPLOADED,AIP,35223616,/api/v2/location/11a1c5ca-cb7e-448e-9ece-57f671e94057/,38ac/79a5/5e67/419d/b6ca/1e11/f14d/e0d3/45a3e004-133a-4508-911d-6c93139cdb75_B106.03.0015.0001.00001_transfer-38ac79a5-5e67-419d-b6ca-1e11f14de0d3.7z,
433af75b-ee41-4d33-8d7d-0a583533fb93,A,UPLOADED,AIP,35216696,/api/v2/location/11a1c5ca-cb7e-448e-9ece-57f671e94057/,433a/f75b/ee41/4d33/8d7d/0a58/3533/fb93/45a3e004-133a-4508-911d-6c93139cdb75_B106.03.0015.0001.00001_transfer-433af75b-ee41-4d33-8d7d-0a583533fb93.7z,
3a7b93c4-8bdb-41a4-9801-54ec96471db1,A,UPLOADED,AIP,35223516,/api/v2/location/11a1c5ca-cb7e-448e-9ece-57f671e94057/,3a7b/93c4/8bdb/41a4/9801/54ec/9647/1db1/45a3e004-133a-4508-911d-6c93139cdb75_B106.03.0015.0001.00001_transfer-3a7b93c4-8bdb-41a4-9801-54ec96471db1.7z,
7684271e-8049-4529-be0d-7068860d45c7,A,UPLOADED,AIP,35218698,/api/v2/location/11a1c5ca-cb7e-448e-9ece-57f671e94057/,7684/271e/8049/4529/be0d/7068/860d/45c7/45a3e004-133a-4508-911d-6c93139cdb75_B106.03.0015.0001.00001_transfer-7684271e-8049-4529-be0d-7068860d45c7.7z,
5389207c-1457-41df-9001-cd4528098fb1,A,UPLOADED,AIP,35220066,/api/v2/location/11a1c5ca-cb7e-448e-9ece-57f671e94057/,5389/207c/1457/41df/9001/cd45/2809/8fb1/45a3e004-133a-4508-911d-6c93139cdb75_B106.03.0015.0001.00001_transfer-5389207c-1457-41df-9001-cd4528098fb1.7z,
55d0e757-3dc8-4141-8f3d-d544dd8b4512,A,UPLOADED,AIP,9949829,/api/v2/location/11a1c5ca-cb7e-448e-9ece-57f671e94057/,55d0/e757/3dc8/4141/8f3d/d544/dd8b/4512/17246c64-6344-44a9-a903-057524b3ec2e_M123.02.0395.0031.00001_transfer-55d0e757-3dc8-4141-8f3d-d544dd8b4512.7z,
1befd1e3-e401-48f2-911c-3f8c6dc4dba7,A,UPLOADED,AIP,9949876,/api/v2/location/11a1c5ca-cb7e-448e-9ece-57f671e94057/,1bef/d1e3/e401/48f2/911c/3f8c/6dc4/dba7/17246c64-6344-44a9-a903-057524b3ec2e_M123.02.0395.0031.00001_transfer-1befd1e3-e401-48f2-911c-3f8c6dc4dba7.7z,
2bad3f97-5d12-4079-912e-b0d62585ebe9,A,UPLOADED,AIP,35222053,/api/v2/location/11a1c5ca-cb7e-448e-9ece-57f671e94057/,2bad/3f97/5d12/4079/912e/b0d6/2585/ebe9/45a3e004-133a-4508-911d-6c93139cdb75_B106.03.0015.0001.00001_transfer-2bad3f97-5d12-4079-912e-b0d62585ebe9.7z,
f6e7cee3-462b-44d2-a00d-4ccd35923c0c,A,UPLOADED,AIP,2389827241,/api/v2/location/11a1c5ca-cb7e-448e-9ece-57f671e94057/,f6e7/cee3/462b/44d2/a00d/4ccd/3592/3c0c/5e5cc067-dc7c-422f-aa4c-ffe08d25ae62_D009.20.0007.0024.00001_transfer-f6e7cee3-462b-44d2-a00d-4ccd35923c0c.7z,
0866f1ae-7a83-4259-8179-8c0c541c92c5,B,UPLOADED,AIP,56679495,/api/v2/location/11a1c5ca-cb7e-448e-9ece-57f671e94057/,0866/f1ae/7a83/4259/8179/8c0c/541c/92c5/66266aca-3403-49b5-bae6-ac30dc3fe5eb_U201.01.0012.0024.00005_transfer-0866f1ae-7a83-4259-8179-8c0c541c92c5.7z,University%20of%20Denver%20Buildings%20-%20Aspen%20Hall%2C%20between%201950-2008
6f131299-de04-443d-8594-d6d01012124a,A,UPLOADED,AIP,346425873,/api/v2/location/11a1c5ca-cb7e-448e-9ece-57f671e94057/,6f13/1299/de04/443d/8594/d6d0/1012/124a/a5efb5d1-0484-429c-95a5-15c12ff40ca0_B002.01.0097.0008_transfer-6f131299-de04-443d-8594-d6d01012124a.7z,
a4268470-8f70-4236-bc84-71185653a2f6,B,UPLOADED,AIP,399212731,/api/v2/location/11a1c5ca-cb7e-448e-9ece-57f671e94057/,a426/8470/8f70/4236/bc84/7118/5653/a2f6/a5efb5d1-0484-429c-95a5-15c12ff40ca0_B002.01.0097.0011_transfer-a4268470-8f70-4236-bc84-71185653a2f6.7z,"JCRS Patient #15 Hyman Liberman, 1904-1910"
d2d3330c-5cca-45c3-8bc9-750b581f126c,B,UPLOADED,AIP,522578151,/api/v2/location/11a1c5ca-cb7e-448e-9ece-57f671e94057/,d2d3/330c/5cca/45c3/8bc9/750b/581f/126c/a5efb5d1-0484-429c-95a5-15c12ff40ca0_B002.05.01.0387.0003.00001_transfer-d2d3330c-5cca-45c3-8bc9-750b581f126c.7z,Volume%201%20Number%202%2C%20March%201907
bb86c51f-d6af-47fc-8a77-2b1c3ee135bd,B,UPLOADED,AIP,2314217964,/api/v2/location/11a1c5ca-cb7e-448e-9ece-57f671e94057/,bb86/c51f/d6af/47fc/8a77/2b1c/3ee1/35bd/a5efb5d1-0484-429c-95a5-15c12ff40ca0_B002.05.01.0387.0001_transfer-bb86c51f-d6af-47fc-8a77-2b1c3ee135bd.7z,First%20Annual%20Report%2C%20
9da7556a-c167-4f48-a20b-a5853353a717,B,UPLOADED,AIP,1392512502,/api/v2/location/11a1c5ca-cb7e-448e-9ece-57f671e94057/,9da7/556a/c167/4f48/a20b/a585/3353/a717/a5efb5d1-0484-429c-95a5-15c12ff40ca0_B002.05.01.0387.0002_transfer-9da7556a-c167-4f48-a20b-a5853353a717.7z,Second%20Annual%20Report%2C%20
51862865-0848-4592-8b31-fd2acfc7168e,B,UPLOADED,AIP,1350593152,/api/v2/location/11a1c5ca-cb7e-448e-9ece-57f671e94057/,5186/2865/0848/4592/8b31/fd2a/cfc7/168e/a5efb5d1-0484-429c-95a5-15c12ff40ca0_B002.05.01.0387.0003.00004_transfer-51862865-0848-4592-8b31-fd2acfc7168e.7z,"Sanatorium Volume 1 Number 5, September 1907"
b5d7cb62-beb1-4959-a6af-3c34ae75450d,B,UPLOADED,AIP,1456893092,/api/v2/location/11a1c5ca-cb7e-448e-9ece-57f671e94057/,b5d7/cb62/beb1/4959/a6af/3c34/ae75/450d/a5efb5d1-0484-429c-95a5-15c12ff40ca0_B002.05.01.0387.0003.00003_transfer-b5d7cb62-beb1-4959-a6af-3c34ae75450d.7z,"Sanatorium Volume 1 Number 4, July 1907"
46d3d2ef-5f32-40ea-9b55-0e88256654b1,B,UPLOADED,AIP,946517095,/api/v2/location/11a1c5ca-cb7e-448e-9ece-57f671e94057/,46d3/d2ef/5f32/40ea/9b55/0e88/2566/54b1/a5efb5d1-0484-429c-95a5-15c12ff40ca0_B002.05.01.0387.0003.00005_transfer-46d3d2ef-5f32-40ea-9b55-0e88256654b1.7z,Volume%201%20Number%206%2C%20November%201907
05653d8f-b218-4ae7-a59f-90cc6313cc73,B,UPLOADED,AIP,942218476,/api/v2/location/11a1c5ca-cb7e-448e-9ece-57f671e94057/,0565/3d8f/b218/4ae7/a59f/90cc/6313/cc73/a5efb5d1-0484-429c-95a5-15c12ff40ca0_B002.05.01.0387.0003.00002_transfer-05653d8f-b218-4ae7-a59f-90cc6313cc73.7z,Volume%201%20Number%203%2C%20May%201907
fd541faa-a2c8-4f5d-bf39-ac1e79e1bd1c,B,UPLOADED,AIP,522578603,/api/v2/location/11a1c5ca-cb7e-448e-9ece-57f671e94057/,fd54/1faa/a2c8/4f5d/bf39/ac1e/79e1/bd1c/a5efb5d1-0484-429c-95a5-15c12ff40ca0_B002.05.01.0387.0003.00001_transfer-fd541faa-a2c8-4f5d-bf39-ac1e79e1bd1c.7z,Sanatorium%20Volume%201%20Number%202%2C%20March%201907
d3f64f5c-c79f-4731-b7f8-e508641a5941,B,UPLOADED,AIP,1202989919,/api/v2/location/11a1c5ca-cb7e-448e-9ece-57f671e94057/,d3f6/4f5c/c79f/4731/b7f8/e508/641a/5941/a5efb5d1-0484-429c-95a5-15c12ff40ca0_B002.01.0097.0013_transfer-d3f64f5c-c79f-4731-b7f8-e508641a5941.7z,"JCRS Patient #18 Barney Goldberg, 1904-1909"
5ced2757-e40f-470e-a6db-b0e14e05860a,B,UPLOADED,AIP,277194386,/api/v2/location/11a1c5ca-cb7e-448e-9ece-57f671e94057/,5ced/2757/e40f/470e/a6db/b0e1/4e05/860a/a5efb5d1-0484-429c-95a5-15c12ff40ca0_B002.01.0097.0130_transfer-5ced2757-e40f-470e-a6db-b0e14e05860a.7z,"JCRS Patient #210 Joseph Zabrovsky, "
54ec64a1-6659-4937-8527-70461ceae14a,B,UPLOADED,AIP,1438253490,/api/v2/location/11a1c5ca-cb7e-448e-9ece-57f671e94057/,54ec/64a1/6659/4937/8527/7046/1cea/e14a/a5efb5d1-0484-429c-95a5-15c12ff40ca0_B002.01.0098.0016_transfer-54ec64a1-6659-4937-8527-70461ceae14a.7z,"JCRS Patient #350 Anna Holmstock, "
bb3c791d-42f0-4e5b-a47f-149990063b13,B,UPLOADED,AIP,280330173,/api/v2/location/11a1c5ca-cb7e-448e-9ece-57f671e94057/,bb3c/791d/42f0/4e5b/a47f/1499/9006/3b13/a5efb5d1-0484-429c-95a5-15c12ff40ca0_B002.01.0098.0052_transfer-bb3c791d-42f0-4e5b-a47f-149990063b13.7z,JCRS%20Patient%20%23399%20Joseph%20Goldstein%2C%20
0127d7dc-37b5-445a-a6a0-53fef1536f29,B,UPLOADED,AIP,90635814,/api/v2/location/11a1c5ca-cb7e-448e-9ece-57f671e94057/,0127/d7dc/37b5/445a/a6a0/53fe/f153/6f29/a5efb5d1-0484-429c-95a5-15c12ff40ca0_B002.01.0098.0145_transfer-0127d7dc-37b5-445a-a6a0-53fef1536f29.7z,"JCRS Patient #533 Gus Hornstein, "
6bf5f719-5cd6-417b-9b7f-9e761243410e,B,UPLOADED,AIP,204511115,/api/v2/location/11a1c5ca-cb7e-448e-9ece-57f671e94057/,6bf5/f719/5cd6/417b/9b7f/9e76/1243/410e/a5efb5d1-0484-429c-95a5-15c12ff40ca0_B002.01.0098.0008_transfer-6bf5f719-5cd6-417b-9b7f-9e761243410e.7z,"JCRS Patient #339 Meyer Rimland, "
d509b8c5-ae4e-4133-9246-425e36a3c3ff,B,UPLOADED,AIP,414680973,/api/v2/location/11a1c5ca-cb7e-448e-9ece-57f671e94057/,d509/b8c5/ae4e/4133/9246/425e/36a3/c3ff/a5efb5d1-0484-429c-95a5-15c12ff40ca0_B002.01.0098.0082_transfer-d509b8c5-ae4e-4133-9246-425e36a3c3ff.7z,"JCRS Patient #436 Gus Hornstein, "
78f1ca83-b195-48d2-9175-d0b647bc8ca1,B,UPLOADED,AIP,445655801,/api/v2/location/11a1c5ca-cb7e-448e-9ece-57f671e94057/,78f1/ca83/b195/48d2/9175/d0b6/47bc/8ca1/a5efb5d1-0484-429c-95a5-15c12ff40ca0_B002.01.0098.0156_transfer-78f1ca83-b195-48d2-9175-d0b647bc8ca1.7z,"JCRS Patient #548 Harry A. Rose, "
b07d92c1-faf3-4467-a19b-fd1bc4cc1dcb,B,UPLOADED,AIP,4419166959,/api/v2/location/11a1c5ca-cb7e-448e-9ece-57f671e94057/,b07d/92c1/faf3/4467/a19b/fd1b/c4cc/1dcb/a5efb5d1-0484-429c-95a5-15c12ff40ca0_B002.01.0098.0102_transfer-b07d92c1-faf3-4467-a19b-fd1bc4cc1dcb.7z,"JCRS Patient #463 Jacob Meltzer, "
0382f8c4-138c-4fbd-939a-363957e4ab6d,B,UPLOADED,AIP,511516104,/api/v2/location/11a1c5ca-cb7e-448e-9ece-57f671e94057/,0382/f8c4/138c/4fbd/939a/3639/57e4/ab6d/a5efb5d1-0484-429c-95a5-15c12ff40ca0_B002.01.0098.0039_transfer-0382f8c4-138c-4fbd-939a-363957e4ab6d.7z,"JCRS Patient #383 Samuel Sher, "
c7893630-2917-4fbe-b1af-cd95ba769391,B,UPLOADED,AIP,2305761653,/api/v2/location/11a1c5ca-cb7e-448e-9ece-57f671e94057/,c789/3630/2917/4fbe/b1af/cd95/ba76/9391/a5efb5d1-0484-429c-95a5-15c12ff40ca0_B002.01.0098.0121_transfer-c7893630-2917-4fbe-b1af-cd95ba769391.7z,"JCRS Patient #489 Israel Bartkusky, "
d9ea6035-5116-4f1b-a97a-6d782edd11a7,B,UPLOADED,AIP,286608257,/api/v2/location/11a1c5ca-cb7e-448e-9ece-57f671e94057/,d9ea/6035/5116/4f1b/a97a/6d78/2edd/11a7/a5efb5d1-0484-429c-95a5-15c12ff40ca0_B002.01.0098.0160_transfer-d9ea6035-5116-4f1b-a97a-6d782edd11a7.7z,"JCRS Patient #552 Shera Bednowitz, "
ff7cd4e4-876a-4927-8cd4-26cdc6eeb862,B,UPLOADED,AIP,179188892,/api/v2/location/11a1c5ca-cb7e-448e-9ece-57f671e94057/,ff7c/d4e4/876a/4927/8cd4/26cd/c6ee/b862/a5efb5d1-0484-429c-95a5-15c12ff40ca0_B002.01.0098.0096_transfer-ff7cd4e4-876a-4927-8cd4-26cdc6eeb862.7z,"JCRS Patient #456 William Kohn, "
f19f44aa-3209-4044-bd18-867a90ebad6e,B,UPLOADED,AIP,89298841,/api/v2/location/11a1c5ca-cb7e-448e-9ece-57f671e94057/,f19f/44aa/3209/4044/bd18/867a/90eb/ad6e/a5efb5d1-0484-429c-95a5-15c12ff40ca0_B002.01.0098.0015_transfer-f19f44aa-3209-4044-bd18-867a90ebad6e.7z,JCRS%20Patient%20%23349%20Jacob%20Gleeman%2C%20
2ab1ec16-b1d9-42f3-9d7a-5fc98d6a5024,B,UPLOADED,AIP,1486069010,/api/v2/location/11a1c5ca-cb7e-448e-9ece-57f671e94057/,2ab1/ec16/b1d9/42f3/9d7a/5fc9/8d6a/5024/a5efb5d1-0484-429c-95a5-15c12ff40ca0_B002.01.0098.0071_transfer-2ab1ec16-b1d9-42f3-9d7a-5fc98d6a5024.7z,"JCRS Patient #422 Sam Fisher, "
944bdded-7aa1-439b-b392-028ae476fedd,B,UPLOADED,AIP,975413716,/api/v2/location/11a1c5ca-cb7e-448e-9ece-57f671e94057/,944b/dded/7aa1/439b/b392/028a/e476/fedd/a5efb5d1-0484-429c-95a5-15c12ff40ca0_B002.01.0098.0118_transfer-944bdded-7aa1-439b-b392-028ae476fedd.7z,"JCRS Patient #486 Henry Stelnick, "
ce183166-deb9-4708-9766-28106251208c,B,UPLOADED,AIP,1004526543,/api/v2/location/11a1c5ca-cb7e-448e-9ece-57f671e94057/,ce18/3166/deb9/4708/9766/2810/6251/208c/a5efb5d1-0484-429c-95a5-15c12ff40ca0_B002.01.0098.0136_transfer-ce183166-deb9-4708-9766-28106251208c.7z,"JCRS Patient #520 Max Burstiner, "
9bf54307-a0ad-43ec-9d6c-2eabefb7e6de,B,UPLOADED,AIP,299233175,/api/v2/location/11a1c5ca-cb7e-448e-9ece-57f671e94057/,9bf5/4307/a0ad/43ec/9d6c/2eab/efb7/e6de/a5efb5d1-0484-429c-95a5-15c12ff40ca0_B002.01.0098.0006_transfer-9bf54307-a0ad-43ec-9d6c-2eabefb7e6de.7z,"JCRS Patient #337 Morris Elowitz, "
b4d0a7fd-ab3c-40de-b39a-f493758099f5,B,UPLOADED,AIP,482368267,/api/v2/location/11a1c5ca-cb7e-448e-9ece-57f671e94057/,b4d0/a7fd/ab3c/40de/b39a/f493/7580/99f5/a5efb5d1-0484-429c-95a5-15c12ff40ca0_B002.01.0098.0137_transfer-b4d0a7fd-ab3c-40de-b39a-f493758099f5.7z,"JCRS Patient #521 Isadore Sparber, "
50d17320-1445-4a3c-918e-b5c6b09d9f5c,B,UPLOADED,AIP,439325302,/api/v2/location/11a1c5ca-cb7e-448e-9ece-57f671e94057/,50d1/7320/1445/4a3c/918e/b5c6/b09d/9f5c/a5efb5d1-0484-429c-95a5-15c12ff40ca0_B002.01.0098.0088_transfer-50d17320-1445-4a3c-918e-b5c6b09d9f5c.7z,"JCRS Patient #444 Sam Simon, "
7691c7fb-830b-4d60-8f3f-07288fad56db,B,UPLOADED,AIP,254533386,/api/v2/location/11a1c5ca-cb7e-448e-9ece-57f671e94057/,7691/c7fb/830b/4d60/8f3f/0728/8fad/56db/a5efb5d1-0484-429c-95a5-15c12ff40ca0_B002.01.0098.0140_transfer-7691c7fb-830b-4d60-8f3f-07288fad56db.7z,"JCRS Patient #527 Jake Newman, "
cdbea889-82b8-41c3-8acf-315b8e4c7225,B,UPLOADED,AIP,283224207,/api/v2/location/11a1c5ca-cb7e-448e-9ece-57f671e94057/,cdbe/a889/82b8/41c3/8acf/315b/8e4c/7225/a5efb5d1-0484-429c-95a5-15c12ff40ca0_B002.01.0098.0166_transfer-cdbea889-82b8-41c3-8acf-315b8e4c7225.7z,"JCRS Patient #558 Gabriel Bernard, "
2edbe4ae-789c-4e44-a4aa-70e005e308b2,B,UPLOADED,AIP,388677289,/api/v2/location/11a1c5ca-cb7e-448e-9ece-57f671e94057/,2edb/e4ae/789c/4e44/a4aa/70e0/05e3/08b2/a5efb5d1-0484-429c-95a5-15c12ff40ca0_B002.01.0098.0073_transfer-2edbe4ae-789c-4e44-a4aa-70e005e308b2.7z,"JCRS Patient #424 Ruben Specks, "
68aa68d3-c57c-45d7-a85e-379dec67c2cc,B,UPLOADED,AIP,592874004,/api/v2/location/11a1c5ca-cb7e-448e-9ece-57f671e94057/,68aa/68d3/c57c/45d7/a85e/379d/ec67/c2cc/a5efb5d1-0484-429c-95a5-15c12ff40ca0_B002.01.0098.0074_transfer-68aa68d3-c57c-45d7-a85e-379dec67c2cc.7z,"JCRS Patient #425 Arnold Kaletsky, "
4c58ce2f-1d08-4629-9a26-7766a3f830b3,B,UPLOADED,AIP,43896619,/api/v2/location/11a1c5ca-cb7e-448e-9ece-57f671e94057/,4c58/ce2f/1d08/4629/9a26/7766/a3f8/30b3/a5efb5d1-0484-429c-95a5-15c12ff40ca0_B002.01.0098.0023_transfer-4c58ce2f-1d08-4629-9a26-7766a3f830b3.7z,JCRS Patient #360 (App. Missing)
f196f200-693c-43dd-9585-b0b13b2416ca,B,UPLOADED,AIP,1036294173,/api/v2/location/11a1c5ca-cb7e-448e-9ece-57f671e94057/,f196/f200/693c/43dd/9585/b0b1/3b24/16ca/a5efb5d1-0484-429c-95a5-15c12ff40ca0_B002.01.0098.0057_transfer-f196f200-693c-43dd-9585-b0b13b2416ca.7z,JCRS%20Patient%20%23406%20Isidor%20Jacoby%2C%20
ea5768d2-d6a7-45ec-8778-006e549d3f81,B,UPLOADED,AIP,541189555,/api/v2/location/11a1c5ca-cb7e-448e-9ece-57f671e94057/,ea57/68d2/d6a7/45ec/8778/006e/549d/3f81/a5efb5d1-0484-429c-95a5-15c12ff40ca0_B002.01.0098.0150_transfer-ea5768d2-d6a7-45ec-8778-006e549d3f81.7z,"JCRS Patient #538 Max Schoener, "
88701a8d-f9c1-4cea-9b89-04ba6cde7912,B,UPLOADED,AIP,1186314476,/api/v2/location/11a1c5ca-cb7e-448e-9ece-57f671e94057/,8870/1a8d/f9c1/4cea/9b89/04ba/6cde/7912/a5efb5d1-0484-429c-95a5-15c12ff40ca0_B002.01.0098.0122_transfer-88701a8d-f9c1-4cea-9b89-04ba6cde7912.7z,"JCRS Patient #490 Clara Brandwait, "
a8296bc8-f1a8-462e-8a07-ef8bb8432cfa,B,UPLOADED,AIP,92332605,/api/v2/location/11a1c5ca-cb7e-448e-9ece-57f671e94057/,a829/6bc8/f1a8/462e/8a07/ef8b/b843/2cfa/a5efb5d1-0484-429c-95a5-15c12ff40ca0_B002.01.0098.0011_transfer-a8296bc8-f1a8-462e-8a07-ef8bb8432cfa.7z,JCRS%20Patient%20%23343%20Harry%20Battock%2C%20
56ba0aa8-eb45-4bc0-b0f9-e22f5acdc894,B,UPLOADED,AIP,246678764,/api/v2/location/11a1c5ca-cb7e-448e-9ece-57f671e94057/,56ba/0aa8/eb45/4bc0/b0f9/e22f/5acd/c894/a5efb5d1-0484-429c-95a5-15c12ff40ca0_B002.01.0098.0095_transfer-56ba0aa8-eb45-4bc0-b0f9-e22f5acdc894.7z,"JCRS Patient #455 Morris Belfor, "
488e590e-7ff7-4931-96f9-7c67081b21b9,B,UPLOADED,AIP,1490553677,/api/v2/location/11a1c5ca-cb7e-448e-9ece-57f671e94057/,488e/590e/7ff7/4931/96f9/7c67/081b/21b9/a5efb5d1-0484-429c-95a5-15c12ff40ca0_B002.01.0098.0108_transfer-488e590e-7ff7-4931-96f9-7c67081b21b9.7z,JCRS%20Patient%20%23470%20Isidore%20Miller%2C%20
09ac1946-d342-402d-a0b4-aec9dd86670b,B,UPLOADED,AIP,1654455530,/api/v2/location/11a1c5ca-cb7e-448e-9ece-57f671e94057/,09ac/1946/d342/402d/a0b4/aec9/dd86/670b/a5efb5d1-0484-429c-95a5-15c12ff40ca0_B002.01.0098.0012_transfer-09ac1946-d342-402d-a0b4-aec9dd86670b.7z,JCRS%20Patient%20%23344%20Sam%20Dworkin%2C%20
04205ff8-71bc-4feb-9509-413a344dce6e,B,UPLOADED,AIP,426504706,/api/v2/location/11a1c5ca-cb7e-448e-9ece-57f671e94057/,0420/5ff8/71bc/4feb/9509/413a/344d/ce6e/a5efb5d1-0484-429c-95a5-15c12ff40ca0_B002.01.0098.0153_transfer-04205ff8-71bc-4feb-9509-413a344dce6e.7z,"JCRS Patient #541 Herman William Kauber, "
770c16c9-9854-450e-af10-8dceee59e3fc,B,UPLOADED,AIP,211485267,/api/v2/location/11a1c5ca-cb7e-448e-9ece-57f671e94057/,770c/16c9/9854/450e/af10/8dce/ee59/e3fc/a5efb5d1-0484-429c-95a5-15c12ff40ca0_B002.01.0098.0036_transfer-770c16c9-9854-450e-af10-8dceee59e3fc.7z,"JCRS Patient #378 Rosie Berg, "
895e998d-bdcc-4740-8f17-80a78c085bbb,B,UPLOADED,AIP,598617333,/api/v2/location/11a1c5ca-cb7e-448e-9ece-57f671e94057/,895e/998d/bdcc/4740/8f17/80a7/8c08/5bbb/a5efb5d1-0484-429c-95a5-15c12ff40ca0_B002.01.0098.0162_transfer-895e998d-bdcc-4740-8f17-80a78c085bbb.7z,"JCRS Patient #554 John Cogan, "
5f4030ab-c4df-4f30-bcc7-66170d146b37,B,UPLOADED,AIP,1642514615,/api/v2/location/11a1c5ca-cb7e-448e-9ece-57f671e94057/,5f40/30ab/c4df/4f30/bcc7/6617/0d14/6b37/a5efb5d1-0484-429c-95a5-15c12ff40ca0_B002.01.0098.0035_transfer-5f4030ab-c4df-4f30-bcc7-66170d146b37.7z,"JCRS Patient #375 Joseph Pfefferbleith, "
cabf79f5-db2d-4dfc-a35f-11bb2d6796cf,B,UPLOADED,AIP,1196243631,/api/v2/location/11a1c5ca-cb7e-448e-9ece-57f671e94057/,cabf/79f5/db2d/4dfc/a35f/11bb/2d67/96cf/a5efb5d1-0484-429c-95a5-15c12ff40ca0_B002.01.0098.0128_transfer-cabf79f5-db2d-4dfc-a35f-11bb2d6796cf.7z,"JCRS Patient #504 Joseph Cohen, "
f86c49ab-15b9-40ba-888b-e2f32fe7f220,B,UPLOADED,AIP,190447276,/api/v2/location/11a1c5ca-cb7e-448e-9ece-57f671e94057/,f86c/49ab/15b9/40ba/888b/e2f3/2fe7/f220/a5efb5d1-0484-429c-95a5-15c12ff40ca0_B002.01.0098.0018_transfer-f86c49ab-15b9-40ba-888b-e2f32fe7f220.7z,"JCRS Patient #354 Aaron Shapiro, "
0a4781b9-2b96-4bb1-bb95-ce57134d0d8b,B,UPLOADED,AIP,90755388,/api/v2/location/11a1c5ca-cb7e-448e-9ece-57f671e94057/,0a47/81b9/2b96/4bb1/bb95/ce57/134d/0d8b/a5efb5d1-0484-429c-95a5-15c12ff40ca0_B002.01.0098.0098_transfer-0a4781b9-2b96-4bb1-bb95-ce57134d0d8b.7z,JCRS%20Patient%20%23458%20Samuel%20Rome%2C%201907-1911
3ec72cbf-ef7e-4c9c-bfa1-107c9922b6a8,B,UPLOADED,AIP,427083516,/api/v2/location/11a1c5ca-cb7e-448e-9ece-57f671e94057/,3ec7/2cbf/ef7e/4c9c/bfa1/107c/9922/b6a8/a5efb5d1-0484-429c-95a5-15c12ff40ca0_B002.01.0098.0148_transfer-3ec72cbf-ef7e-4c9c-bfa1-107c9922b6a8.7z,"JCRS Patient #536 Joseph Cooper, "
0d1e201f-6b9b-4647-8603-edb8bea7a501,B,UPLOADED,AIP,1004919933,/api/v2/location/11a1c5ca-cb7e-448e-9ece-57f671e94057/,0d1e/201f/6b9b/4647/8603/edb8/bea7/a501/a5efb5d1-0484-429c-95a5-15c12ff40ca0_B002.01.0098.0090_transfer-0d1e201f-6b9b-4647-8603-edb8bea7a501.7z,"JCRS Patient #447 Jacob Raffalowitz, "
2128c732-ded4-4b55-9161-32951b4c30d9,B,UPLOADED,AIP,202899654,/api/v2/location/11a1c5ca-cb7e-448e-9ece-57f671e94057/,2128/c732/ded4/4b55/9161/3295/1b4c/30d9/a5efb5d1-0484-429c-95a5-15c12ff40ca0_B002.01.0098.0028_transfer-2128c732-ded4-4b55-9161-32951b4c30d9.7z,"JCRS Patient #366 Julia Levin, "
84bb7d2c-198f-4603-b4ff-182f19e2afbd,B,UPLOADED,AIP,1870235163,/api/v2/location/11a1c5ca-cb7e-448e-9ece-57f671e94057/,84bb/7d2c/198f/4603/b4ff/182f/19e2/afbd/a5efb5d1-0484-429c-95a5-15c12ff40ca0_B002.01.0098.0149_transfer-84bb7d2c-198f-4603-b4ff-182f19e2afbd.7z,"JCRS Patient #537 Sam Kibrick, "
2bd495da-8d90-45e1-a533-0b682784b091,B,UPLOADED,AIP,556557133,/api/v2/location/11a1c5ca-cb7e-448e-9ece-57f671e94057/,2bd4/95da/8d90/45e1/a533/0b68/2784/b091/a5efb5d1-0484-429c-95a5-15c12ff40ca0_B002.01.0098.0106_transfer-2bd495da-8d90-45e1-a533-0b682784b091.7z,"JCRS Patient #467 Frank Rosenfeld, "
3d9ec30a-c01d-4573-b937-598b61f77282,B,UPLOADED,AIP,90443383,/api/v2/location/11a1c5ca-cb7e-448e-9ece-57f671e94057/,3d9e/c30a/c01d/4573/b937/598b/61f7/7282/a5efb5d1-0484-429c-95a5-15c12ff40ca0_B002.01.0098.0066_transfer-3d9ec30a-c01d-4573-b937-598b61f77282.7z,JCRS%20Patient%20%23417%20Rosy%20Klemansky%2C%20
818e6988-1d72-4d4d-aa9c-af0b5ecd9ee7,B,UPLOADED,AIP,1467005493,/api/v2/location/11a1c5ca-cb7e-448e-9ece-57f671e94057/,818e/6988/1d72/4d4d/aa9c/af0b/5ecd/9ee7/a5efb5d1-0484-429c-95a5-15c12ff40ca0_B002.01.0098.0009_transfer-818e6988-1d72-4d4d-aa9c-af0b5ecd9ee7.7z,"JCRS Patient #340 Max Bieler, "
724ec7cd-2a9a-4123-94ad-1331993d0078,B,UPLOADED,AIP,2143114872,/api/v2/location/11a1c5ca-cb7e-448e-9ece-57f671e94057/,724e/c7cd/2a9a/4123/94ad/1331/993d/0078/a5efb5d1-0484-429c-95a5-15c12ff40ca0_B002.01.0098.0127_transfer-724ec7cd-2a9a-4123-94ad-1331993d0078.7z,"JCRS Patient #500 Nathan Frazinsky, "
69a70efc-2bd7-4607-bcfe-5601dfd5555e,B,UPLOADED,AIP,484524111,/api/v2/location/11a1c5ca-cb7e-448e-9ece-57f671e94057/,69a7/0efc/2bd7/4607/bcfe/5601/dfd5/555e/a5efb5d1-0484-429c-95a5-15c12ff40ca0_B002.01.0098.0157_transfer-69a70efc-2bd7-4607-bcfe-5601dfd5555e.7z,"JCRS Patient #549 Samuel Grotte, "
b5f4fa8c-85e7-4f96-98d1-a5a267603eed,B,UPLOADED,AIP,1574986875,/api/v2/location/11a1c5ca-cb7e-448e-9ece-57f671e94057/,b5f4/fa8c/85e7/4f96/98d1/a5a2/6760/3eed/a5efb5d1-0484-429c-95a5-15c12ff40ca0_B002.01.0098.0091_transfer-b5f4fa8c-85e7-4f96-98d1-a5a267603eed.7z,"JCRS Patient #449 Abraham Goldstein, "
d1dee850-fc5a-4eac-8a37-f7c6e660f83b,B,UPLOADED,AIP,96091538,/api/v2/location/11a1c5ca-cb7e-448e-9ece-57f671e94057/,d1de/e850/fc5a/4eac/8a37/f7c6/e660/f83b/a5efb5d1-0484-429c-95a5-15c12ff40ca0_B002.01.0098.0099_transfer-d1dee850-fc5a-4eac-8a37-f7c6e660f83b.7z,"JCRS Patient #459 Alexander Jameson, "
bbbfb60c-75d3-4635-b071-6db2de8db6d7,B,UPLOADED,AIP,762572704,/api/v2/location/11a1c5ca-cb7e-448e-9ece-57f671e94057/,bbbf/b60c/75d3/4635/b071/6db2/de8d/b6d7/a5efb5d1-0484-429c-95a5-15c12ff40ca0_B002.01.0098.0094_transfer-bbbfb60c-75d3-4635-b071-6db2de8db6d7.7z,"JCRS Patient #454 Nechame Sherman, "
31279504-986f-4058-bd19-ae54f3dafadd,B,UPLOADED,AIP,1280042483,/api/v2/location/11a1c5ca-cb7e-448e-9ece-57f671e94057/,3127/9504/986f/4058/bd19/ae54/f3da/fadd/a5efb5d1-0484-429c-95a5-15c12ff40ca0_B002.01.0098.0032_transfer-31279504-986f-4058-bd19-ae54f3dafadd.7z,"JCRS Patient #372 Sam Weingart, "
22bb93ab-14f3-4ecc-a4cf-38a858cd9776,B,UPLOADED,AIP,48181723,/api/v2/location/11a1c5ca-cb7e-448e-9ece-57f671e94057/,22bb/93ab/14f3/4ecc/a4cf/38a8/58cd/9776/a5efb5d1-0484-429c-95a5-15c12ff40ca0_B002.01.0098.0080_transfer-22bb93ab-14f3-4ecc-a4cf-38a858cd9776.7z,JCRS%20Patient%20%23434%20Joseph%20Braverman%2C%20
98aaaa5d-a10d-4927-823c-37ea45c14026,B,UPLOADED,AIP,82685091,/api/v2/location/11a1c5ca-cb7e-448e-9ece-57f671e94057/,98aa/aa5d/a10d/4927/823c/37ea/45c1/4026/a5efb5d1-0484-429c-95a5-15c12ff40ca0_B002.01.0098.0139_transfer-98aaaa5d-a10d-4927-823c-37ea45c14026.7z,JCRS%20Patient%20%23526%20Abraham%20Barr%2C%20
ae671dfe-6a05-4f1b-97dd-3945a3ce64f9,B,UPLOADED,AIP,3261106927,/api/v2/location/11a1c5ca-cb7e-448e-9ece-57f671e94057/,ae67/1dfe/6a05/4f1b/97dd/3945/a3ce/64f9/a5efb5d1-0484-429c-95a5-15c12ff40ca0_B002.01.0098.0109_transfer-ae671dfe-6a05-4f1b-97dd-3945a3ce64f9.7z,"JCRS Patient #471 Joseph Levine, "
3cc92f95-9aed-4f2f-83e0-799e638e2aaf,B,UPLOADED,AIP,1558346974,/api/v2/location/11a1c5ca-cb7e-448e-9ece-57f671e94057/,3cc9/2f95/9aed/4f2f/83e0/799e/638e/2aaf/a5efb5d1-0484-429c-95a5-15c12ff40ca0_B002.01.0098.0135_transfer-3cc92f95-9aed-4f2f-83e0-799e638e2aaf.7z,"JCRS Patient #519 Max Berman, "
47d571ff-9ddf-4810-aca8-00e301719f73,B,UPLOADED,AIP,73119571,/api/v2/location/11a1c5ca-cb7e-448e-9ece-57f671e94057/,47d5/71ff/9ddf/4810/aca8/00e3/0171/9f73/a5efb5d1-0484-429c-95a5-15c12ff40ca0_B002.01.0098.0092_transfer-47d571ff-9ddf-4810-aca8-00e301719f73.7z,JCRS%20Patient%20%23452%20Rosa%20Schoenberg%2C%20
d82e0e01-f2c5-43c4-b5b2-91e7e356b4a2,B,UPLOADED,AIP,259799901,/api/v2/location/11a1c5ca-cb7e-448e-9ece-57f671e94057/,d82e/0e01/f2c5/43c4/b5b2/91e7/e356/b4a2/a5efb5d1-0484-429c-95a5-15c12ff40ca0_B002.01.0098.0144_transfer-d82e0e01-f2c5-43c4-b5b2-91e7e356b4a2.7z,"JCRS Patient #532 Philip Kahan, "
95bca1e1-b13c-477d-97e8-cb4fd1178bea,B,UPLOADED,AIP,1007185101,/api/v2/location/11a1c5ca-cb7e-448e-9ece-57f671e94057/,95bc/a1e1/b13c/477d/97e8/cb4f/d117/8bea/a5efb5d1-0484-429c-95a5-15c12ff40ca0_B002.01.0098.0155_transfer-95bca1e1-b13c-477d-97e8-cb4fd1178bea.7z,"JCRS Patient #546 Samuel J. Dresner, "
f0f12978-244c-42d4-a0ad-ec48c6f3e72b,B,UPLOADED,AIP,47648616,/api/v2/location/11a1c5ca-cb7e-448e-9ece-57f671e94057/,f0f1/2978/244c/42d4/a0ad/ec48/c6f3/e72b/a5efb5d1-0484-429c-95a5-15c12ff40ca0_B002.01.0098.0049_transfer-f0f12978-244c-42d4-a0ad-ec48c6f3e72b.7z,JCRS%20Patient%20%23395%20Morris%20Dresso%2C%20
2a3fc8b0-0917-42fc-9e7e-2db416cbde43,B,UPLOADED,AIP,286105869,/api/v2/location/11a1c5ca-cb7e-448e-9ece-57f671e94057/,2a3f/c8b0/0917/42fc/9e7e/2db4/16cb/de43/a5efb5d1-0484-429c-95a5-15c12ff40ca0_B002.01.0098.0022_transfer-2a3fc8b0-0917-42fc-9e7e-2db416cbde43.7z,JCRS%20Patient%20%23359%20Max%20Bieler%2C%20
ebcd75f1-de3d-47a8-88ec-391ea76d7ce0,B,UPLOADED,AIP,507622339,/api/v2/location/11a1c5ca-cb7e-448e-9ece-57f671e94057/,ebcd/75f1/de3d/47a8/88ec/391e/a76d/7ce0/a5efb5d1-0484-429c-95a5-15c12ff40ca0_B002.01.0098.0050_transfer-ebcd75f1-de3d-47a8-88ec-391ea76d7ce0.7z,"JCRS Patient #396 Morris Manne, "
f0691b73-b1d6-4f9a-9339-0edd948c85fd,B,UPLOADED,AIP,408586539,/api/v2/location/11a1c5ca-cb7e-448e-9ece-57f671e94057/,f069/1b73/b1d6/4f9a/9339/0edd/948c/85fd/a5efb5d1-0484-429c-95a5-15c12ff40ca0_B002.01.0098.0062_transfer-f0691b73-b1d6-4f9a-9339-0edd948c85fd.7z,"JCRS Patient #412 Emily Heyman, "
983cf9fe-4eca-4521-91bf-06ac87450670,B,UPLOADED,AIP,179998326,/api/v2/location/11a1c5ca-cb7e-448e-9ece-57f671e94057/,983c/f9fe/4eca/4521/91bf/06ac/8745/0670/a5efb5d1-0484-429c-95a5-15c12ff40ca0_B002.01.0098.0070_transfer-983cf9fe-4eca-4521-91bf-06ac87450670.7z,"JCRS Patient #421 Abe Gutnick, "
bb837126-6710-434a-83a4-95400b0f9bd3,B,UPLOADED,AIP,318870235,/api/v2/location/11a1c5ca-cb7e-448e-9ece-57f671e94057/,bb83/7126/6710/434a/83a4/9540/0b0f/9bd3/a5efb5d1-0484-429c-95a5-15c12ff40ca0_B002.01.0098.0163_transfer-bb837126-6710-434a-83a4-95400b0f9bd3.7z,"JCRS Patient #555 William Epstein, "
d89d0165-20df-4ba6-ac5c-84dcbd124e86,B,UPLOADED,AIP,229155204,/api/v2/location/11a1c5ca-cb7e-448e-9ece-57f671e94057/,d89d/0165/20df/4ba6/ac5c/84dc/bd12/4e86/a5efb5d1-0484-429c-95a5-15c12ff40ca0_B002.01.0098.0068_transfer-d89d0165-20df-4ba6-ac5c-84dcbd124e86.7z,"JCRS Patient #419 Frank Shoob, "
467756d9-27cd-455c-86e0-2c33917b8148,B,UPLOADED,AIP,2959174290,/api/v2/location/11a1c5ca-cb7e-448e-9ece-57f671e94057/,4677/56d9/27cd/455c/86e0/2c33/917b/8148/a5efb5d1-0484-429c-95a5-15c12ff40ca0_B002.01.0098.0051_transfer-467756d9-27cd-455c-86e0-2c33917b8148.7z,"JCRS Patient #398 Mary Gordon, "
5c8e1238-f7d5-4693-a426-0cc4072d1566,B,UPLOADED,AIP,311476586,/api/v2/location/11a1c5ca-cb7e-448e-9ece-57f671e94057/,5c8e/1238/f7d5/4693/a426/0cc4/072d/1566/a5efb5d1-0484-429c-95a5-15c12ff40ca0_B002.01.0098.0044_transfer-5c8e1238-f7d5-4693-a426-0cc4072d1566.7z,"JCRS Patient #389 Nathan Gatoff, "
e8b0dd5e-7bbe-4945-95b7-8480f9fc9df4,B,UPLOADED,AIP,93598242,/api/v2/location/11a1c5ca-cb7e-448e-9ece-57f671e94057/,e8b0/dd5e/7bbe/4945/95b7/8480/f9fc/9df4/a5efb5d1-0484-429c-95a5-15c12ff40ca0_B002.01.0098.0146_transfer-e8b0dd5e-7bbe-4945-95b7-8480f9fc9df4.7z,"JCRS Patient #534 Beckie Capalowitz, "
13e54c7d-3ba3-4e76-8247-ba48b5d01c8c,B,UPLOADED,AIP,353071394,/api/v2/location/11a1c5ca-cb7e-448e-9ece-57f671e94057/,13e5/4c7d/3ba3/4e76/8247/ba48/b5d0/1c8c/a5efb5d1-0484-429c-95a5-15c12ff40ca0_B002.01.0098.0132_transfer-13e54c7d-3ba3-4e76-8247-ba48b5d01c8c.7z,"JCRS Patient #513 Bennie Black, "
acb87734-4721-49d9-b6b0-dead4b6d2b24,B,UPLOADED,AIP,1930993948,/api/v2/location/11a1c5ca-cb7e-448e-9ece-57f671e94057/,acb8/7734/4721/49d9/b6b0/dead/4b6d/2b24/a5efb5d1-0484-429c-95a5-15c12ff40ca0_B002.01.0098.0010_transfer-acb87734-4721-49d9-b6b0-dead4b6d2b24.7z,"JCRS Patient #341 William Weinberger, "
ce6bc9be-891b-4e3d-b15b-6eb470d70439,B,UPLOADED,AIP,56336000,/api/v2/location/11a1c5ca-cb7e-448e-9ece-57f671e94057/,ce6b/c9be/891b/4e3d/b15b/6eb4/70d7/0439/a5efb5d1-0484-429c-95a5-15c12ff40ca0_B002.01.0098.0065_transfer-ce6bc9be-891b-4e3d-b15b-6eb470d70439.7z,JCRS%20Patient%20%23416%20Meyer%20Cohen%2C%20
9669903c-4922-434a-a2e0-ba69558e942d,A,UPLOADED,AIP,1134686,/api/v2/location/11a1c5ca-cb7e-448e-9ece-57f671e94057/,9669/903c/4922/434a/a2e0/ba69/558e/942d/a5efb5d1-0484-429c-95a5-15c12ff40ca0_B002.16.0202.00001_transfer-9669903c-4922-434a-a2e0-ba69558e942d.7z,
e94dc866-e7cd-4dca-b5a9-3bb42eaf4685,A,UPLOADED,AIP,1134465,/api/v2/location/11a1c5ca-cb7e-448e-9ece-57f671e94057/,e94d/c866/e7cd/4dca/b5a9/3bb4/2eaf/4685/a5efb5d1-0484-429c-95a5-15c12ff40ca0_B002.16.0202.00001_transfer-e94dc866-e7cd-4dca-b5a9-3bb42eaf4685.7z,
ff38d0f3-1e39-4ea2-9468-de767139d90c,B,UPLOADED,AIP,12507923,/api/v2/location/11a1c5ca-cb7e-448e-9ece-57f671e94057/,ff38/d0f3/1e39/4ea2/9468/de76/7139/d90c/58b416aa-2646-469c-8077-b0fd4a3e4049_U138.0008.0016.00001_transfer-ff38d0f3-1e39-4ea2-9468-de767139d90c.7z,University%20of%20Denver%20Commencement%20Program%20%28August%202015%29%2C%202015%20August%2014
d17de3f6-63dd-415b-abaf-b154a075a05d,B,UPLOADED,AIP,12508051,/api/v2/location/11a1c5ca-cb7e-448e-9ece-57f671e94057/,d17d/e3f6/63dd/415b/abaf/b154/a075/a05d/58b416aa-2646-469c-8077-b0fd4a3e4049_U138.0008.0016.00001_transfer-d17de3f6-63dd-415b-abaf-b154a075a05d.7z,University%20of%20Denver%20Commencement%20Program%20%28August%202015%29%2C%202015%20August%2014
824a27de-5c33-490d-8118-285c2b23e8b9,A,UPLOADED,AIP,374965791,/api/v2/location/11a1c5ca-cb7e-448e-9ece-57f671e94057/,824a/27de/5c33/490d/8118/285c/2b23/e8b9/6ac1df78-ed58-4101-992b-352ece2759fe_whs-c035_transfer-824a27de-5c33-490d-8118-285c2b23e8b9.7z,
ea504758-060a-4952-8df8-3719472a2a2f,A,UPLOADED,AIP,118095557490,/api/v2/location/11a1c5ca-cb7e-448e-9ece-57f671e94057/,ea50/4758/060a/4952/8df8/3719/472a/2a2f/5e5cc067-dc7c-422f-aa4c-ffe08d25ae62_D009.21.0007.0032.00001_transfer-ea504758-060a-4952-8df8-3719472a2a2f.7z,
efcc3400-4cb9-4a79-9b1f-d36bf7a092fe,A,UPLOADED,AIP,367844649,/api/v2/location/11a1c5ca-cb7e-448e-9ece-57f671e94057/,efcc/3400/4cb9/4a79/9b1f/d36b/f7a0/92fe/a5efb5d1-0484-429c-95a5-15c12ff40ca0_D044.01.0002.00001_transfer-efcc3400-4cb9-4a79-9b1f-d36bf7a092fe.7z,
9d436f11-8164-4803-bce5-ed4a8666951a,A,UPLOADED,AIP,367844520,/api/v2/location/11a1c5ca-cb7e-448e-9ece-57f671e94057/,9d43/6f11/8164/4803/bce5/ed4a/8666/951a/66266aca-3403-49b5-bae6-ac30dc3fe5eb_D044.01.0002.00001_transfer-9d436f11-8164-4803-bce5-ed4a8666951a.7z,
216142ef-e66a-4c94-a863-9563cb923d25,A,UPLOADED,AIP,367844527,/api/v2/location/11a1c5ca-cb7e-448e-9ece-57f671e94057/,2161/42ef/e66a/4c94/a863/9563/cb92/3d25/66266aca-3403-49b5-bae6-ac30dc3fe5eb_D044.01.0002.00001_transfer-216142ef-e66a-4c94-a863-9563cb923d25.7z,
04e1ff0a-c60c-478b-9582-93d65bb894c7,B,UPLOADED,AIP,1010645360,/api/v2/location/11a1c5ca-cb7e-448e-9ece-57f671e94057/,04e1/ff0a/c60c/478b/9582/93d6/5bb8/94c7/a5efb5d1-0484-429c-95a5-15c12ff40ca0_B002.01.0098.0004_transfer-04e1ff0a-c60c-478b-9582-93d65bb894c7.7z,"JCRS Patient #334 Benjamin Samowitz, "
736736cd-68c4-43f3-a215-436e2d4bc3f8,B,UPLOADED,AIP,2642283574,/api/v2/location/11a1c5ca-cb7e-448e-9ece-57f671e94057/,7367/36cd/68c4/43f3/a215/436e/2d4b/c3f8/a5efb5d1-0484-429c-95a5-15c12ff40ca0_B002.01.0098.0002_transfer-736736cd-68c4-43f3-a215-436e2d4bc3f8.7z,"JCRS Patient #332 Hyman Schwartz, "
2ce11e7f-a376-418b-82c1-31204c589bb3,B,UPLOADED,AIP,390597372,/api/v2/location/11a1c5ca-cb7e-448e-9ece-57f671e94057/,2ce1/1e7f/a376/418b/82c1/3120/4c58/9bb3/a5efb5d1-0484-429c-95a5-15c12ff40ca0_B002.01.0098.0007_transfer-2ce11e7f-a376-418b-82c1-31204c589bb3.7z,"JCRS Patient #338 Samuel Pomerantz, "
30404fe9-b00e-4a19-b058-2aaf3ea34107,B,UPLOADED,AIP,633873253,/api/v2/location/11a1c5ca-cb7e-448e-9ece-57f671e94057/,3040/4fe9/b00e/4a19/b058/2aaf/3ea3/4107/a5efb5d1-0484-429c-95a5-15c12ff40ca0_B002.01.0098.0005_transfer-30404fe9-b00e-4a19-b058-2aaf3ea34107.7z,"JCRS Patient #335 Max Ratner, "
4b692ceb-fd42-4de7-aa18-062793ea0242,B,UPLOADED,AIP,878241806,/api/v2/location/11a1c5ca-cb7e-448e-9ece-57f671e94057/,4b69/2ceb/fd42/4de7/aa18/0627/93ea/0242/a5efb5d1-0484-429c-95a5-15c12ff40ca0_B002.01.0098.0001_transfer-4b692ceb-fd42-4de7-aa18-062793ea0242.7z,"JCRS Patient #331 Sarah Silverman, "
92212061-0b33-4a97-83bb-9cf7960e103a,B,UPLOADED,AIP,1713668276,/api/v2/location/11a1c5ca-cb7e-448e-9ece-57f671e94057/,9221/2061/0b33/4a97/83bb/9cf7/960e/103a/a5efb5d1-0484-429c-95a5-15c12ff40ca0_B002.01.0098.0003_transfer-92212061-0b33-4a97-83bb-9cf7960e103a.7z,"JCRS Patient #333 Samuel Krawitz, "
aee25855-d3e9-4d8a-b829-93b6f15d24a1,B,UPLOADED,AIP,385031140,/api/v2/location/11a1c5ca-cb7e-448e-9ece-57f671e94057/,aee2/5855/d3e9/4d8a/b829/93b6/f15d/24a1/a5efb5d1-0484-429c-95a5-15c12ff40ca0_B002.01.0098.0013_transfer-aee25855-d3e9-4d8a-b829-93b6f15d24a1.7z,"JCRS Patient #345 Sam Rothchild, "
b9457984-6aba-4ab0-9a62-01a5318ba81c,B,UPLOADED,AIP,92332820,/api/v2/location/11a1c5ca-cb7e-448e-9ece-57f671e94057/,b945/7984/6aba/4ab0/9a62/01a5/318b/a81c/a5efb5d1-0484-429c-95a5-15c12ff40ca0_B002.01.0098.0011_transfer-b9457984-6aba-4ab0-9a62-01a5318ba81c.7z,JCRS%20Patient%20%23343%20Harry%20Battock%2C%20
d047b4be-e642-4246-8cf9-c4267f2d7ef9,B,UPLOADED,AIP,648159344,/api/v2/location/11a1c5ca-cb7e-448e-9ece-57f671e94057/,d047/b4be/e642/4246/8cf9/c426/7f2d/7ef9/a5efb5d1-0484-429c-95a5-15c12ff40ca0_B002.01.0098.0020_transfer-d047b4be-e642-4246-8cf9-c4267f2d7ef9.7z,"JCRS Patient #356 Barnett Schnitzer, "
c2423731-2ee5-4260-8966-0da551042817,B,UPLOADED,AIP,829327157,/api/v2/location/11a1c5ca-cb7e-448e-9ece-57f671e94057/,c242/3731/2ee5/4260/8966/0da5/5104/2817/a5efb5d1-0484-429c-95a5-15c12ff40ca0_B002.01.0098.0014_transfer-c2423731-2ee5-4260-8966-0da551042817.7z,"JCRS Patient #347 Sarah Chavin, "
49543c65-822f-498f-bb04-c4f2f4c4a0c8,B,UPLOADED,AIP,1527817246,/api/v2/location/11a1c5ca-cb7e-448e-9ece-57f671e94057/,4954/3c65/822f/498f/bb04/c4f2/f4c4/a0c8/a5efb5d1-0484-429c-95a5-15c12ff40ca0_B002.01.0098.0017_transfer-49543c65-822f-498f-bb04-c4f2f4c4a0c8.7z,"JCRS Patient #351 Morris Goldman, "
216fadba-0c82-4e93-a180-741191fef99e,B,UPLOADED,AIP,371196529,/api/v2/location/11a1c5ca-cb7e-448e-9ece-57f671e94057/,216f/adba/0c82/4e93/a180/7411/91fe/f99e/a5efb5d1-0484-429c-95a5-15c12ff40ca0_B002.01.0098.0019_transfer-216fadba-0c82-4e93-a180-741191fef99e.7z,"JCRS Patient #355 Isadore Cantor, "
2fbd366e-7c2d-47f7-a952-857be3614d31,B,UPLOADED,AIP,1846519395,/api/v2/location/11a1c5ca-cb7e-448e-9ece-57f671e94057/,2fbd/366e/7c2d/47f7/a952/857b/e361/4d31/a5efb5d1-0484-429c-95a5-15c12ff40ca0_B002.01.0098.0029_transfer-2fbd366e-7c2d-47f7-a952-857be3614d31.7z,"JCRS Patient #367 David Leikind, "
836688d8-7b84-464d-b819-e4aba0486be5,B,UPLOADED,AIP,197146575,/api/v2/location/11a1c5ca-cb7e-448e-9ece-57f671e94057/,8366/88d8/7b84/464d/b819/e4ab/a048/6be5/a5efb5d1-0484-429c-95a5-15c12ff40ca0_B002.01.0098.0030_transfer-836688d8-7b84-464d-b819-e4aba0486be5.7z,"JCRS Patient #370 Medel Zabyezshinsky, "
d76d6727-65b9-4329-86fc-db55c5ea6cbd,B,UPLOADED,AIP,2898700221,/api/v2/location/11a1c5ca-cb7e-448e-9ece-57f671e94057/,d76d/6727/65b9/4329/86fc/db55/c5ea/6cbd/a5efb5d1-0484-429c-95a5-15c12ff40ca0_B002.01.0098.0021_transfer-d76d6727-65b9-4329-86fc-db55c5ea6cbd.7z,"JCRS Patient #358 Max Siegle, "
040db48a-2aa5-4744-b088-b816dd605c7b,B,UPLOADED,AIP,602944756,/api/v2/location/11a1c5ca-cb7e-448e-9ece-57f671e94057/,040d/b48a/2aa5/4744/b088/b816/dd60/5c7b/a5efb5d1-0484-429c-95a5-15c12ff40ca0_B002.01.0098.0026_transfer-040db48a-2aa5-4744-b088-b816dd605c7b.7z,"JCRS Patient #364 Ben Auerbach, "
c1744674-63aa-4355-9a40-2bd397bd40c4,B,UPLOADED,AIP,654197009,/api/v2/location/11a1c5ca-cb7e-448e-9ece-57f671e94057/,c174/4674/63aa/4355/9a40/2bd3/97bd/40c4/a5efb5d1-0484-429c-95a5-15c12ff40ca0_B002.01.0098.0024_transfer-c1744674-63aa-4355-9a40-2bd397bd40c4.7z,"JCRS Patient #362 Morris Kirtchick, "
49235d14-6bb5-4300-854a-65f113733650,B,UPLOADED,AIP,192675003,/api/v2/location/11a1c5ca-cb7e-448e-9ece-57f671e94057/,4923/5d14/6bb5/4300/854a/65f1/1373/3650/a5efb5d1-0484-429c-95a5-15c12ff40ca0_B002.01.0098.0027_transfer-49235d14-6bb5-4300-854a-65f113733650.7z,"JCRS Patient #365 Carrie Scheiderer, "
75feebf0-283c-4d47-935c-c6f9f46f577b,B,UPLOADED,AIP,286105790,/api/v2/location/11a1c5ca-cb7e-448e-9ece-57f671e94057/,75fe/ebf0/283c/4d47/935c/c6f9/f46f/577b/a5efb5d1-0484-429c-95a5-15c12ff40ca0_B002.01.0098.0022_transfer-75feebf0-283c-4d47-935c-c6f9f46f577b.7z,JCRS%20Patient%20%23359%20Max%20Bieler%2C%20
a14cfaae-1bf6-4a4c-8b43-cf197ba6aabc,B,UPLOADED,AIP,2203940565,/api/v2/location/11a1c5ca-cb7e-448e-9ece-57f671e94057/,a14c/faae/1bf6/4a4c/8b43/cf19/7ba6/aabc/a5efb5d1-0484-429c-95a5-15c12ff40ca0_B002.01.0098.0025_transfer-a14cfaae-1bf6-4a4c-8b43-cf197ba6aabc.7z,"JCRS Patient #363 Yetta Bernick, 1906-1907, "
c134e8db-e380-44bc-819d-56d7a615fa0f,B,UPLOADED,AIP,208698249,/api/v2/location/11a1c5ca-cb7e-448e-9ece-57f671e94057/,c134/e8db/e380/44bc/819d/56d7/a615/fa0f/a5efb5d1-0484-429c-95a5-15c12ff40ca0_B002.01.0098.0033_transfer-c134e8db-e380-44bc-819d-56d7a615fa0f.7z,"JCRS Patient #373 Medel Zabyezshinsky, "
8235ef4c-6501-4279-95ca-8009c17363b3,B,UPLOADED,AIP,584192596,/api/v2/location/11a1c5ca-cb7e-448e-9ece-57f671e94057/,8235/ef4c/6501/4279/95ca/8009/c173/63b3/a5efb5d1-0484-429c-95a5-15c12ff40ca0_B002.01.0098.0031_transfer-8235ef4c-6501-4279-95ca-8009c17363b3.7z,"JCRS Patient #371 Sam Simon, "
eaeb2515-ac66-4e80-abf0-d68f0cbef24b,B,UPLOADED,AIP,1393656869,/api/v2/location/11a1c5ca-cb7e-448e-9ece-57f671e94057/,eaeb/2515/ac66/4e80/abf0/d68f/0cbe/f24b/a5efb5d1-0484-429c-95a5-15c12ff40ca0_B002.01.0098.0040_transfer-eaeb2515-ac66-4e80-abf0-d68f0cbef24b.7z,"JCRS Patient #384 Rosie Sever, "
4baee031-16fa-4571-8a10-20dadeedb78b,B,UPLOADED,AIP,1825118839,/api/v2/location/11a1c5ca-cb7e-448e-9ece-57f671e94057/,4bae/e031/16fa/4571/8a10/20da/deed/b78b/a5efb5d1-0484-429c-95a5-15c12ff40ca0_B002.01.0098.0034_transfer-4baee031-16fa-4571-8a10-20dadeedb78b.7z,"JCRS Patient #374 Isadore Edelstein, "
1ca718a0-e227-4075-8348-7b41285e8006,B,UPLOADED,AIP,1593015885,/api/v2/location/11a1c5ca-cb7e-448e-9ece-57f671e94057/,1ca7/18a0/e227/4075/8348/7b41/285e/8006/a5efb5d1-0484-429c-95a5-15c12ff40ca0_B002.01.0098.0038_transfer-1ca718a0-e227-4075-8348-7b41285e8006.7z,"JCRS Patient #381 Harry Johnson, "
4d20db50-110a-450a-bde9-ffb181d11b0b,B,UPLOADED,AIP,1279089998,/api/v2/location/11a1c5ca-cb7e-448e-9ece-57f671e94057/,4d20/db50/110a/450a/bde9/ffb1/81d1/1b0b/a5efb5d1-0484-429c-95a5-15c12ff40ca0_B002.01.0098.0037_transfer-4d20db50-110a-450a-bde9-ffb181d11b0b.7z,"JCRS Patient #379 Bessie Cohen, "
a5c66d94-0dda-49b2-a889-a2aae1fe4852,B,UPLOADED,AIP,302419736,/api/v2/location/11a1c5ca-cb7e-448e-9ece-57f671e94057/,a5c6/6d94/0dda/49b2/a889/a2aa/e1fe/4852/a5efb5d1-0484-429c-95a5-15c12ff40ca0_B002.01.0098.0048_transfer-a5c66d94-0dda-49b2-a889-a2aae1fe4852.7z,"JCRS Patient #393 Abe Gutnick, "
86680c57-027a-41ce-9985-9da20975bf5b,B,UPLOADED,AIP,1007622640,/api/v2/location/11a1c5ca-cb7e-448e-9ece-57f671e94057/,8668/0c57/027a/41ce/9985/9da2/0975/bf5b/a5efb5d1-0484-429c-95a5-15c12ff40ca0_B002.01.0098.0046_transfer-86680c57-027a-41ce-9985-9da20975bf5b.7z,"JCRS Patient #391 Mayer Javitz, "
f3162310-6806-4a40-a680-4aa01cf9e4d4,B,UPLOADED,AIP,267704663,/api/v2/location/11a1c5ca-cb7e-448e-9ece-57f671e94057/,f316/2310/6806/4a40/a680/4aa0/1cf9/e4d4/a5efb5d1-0484-429c-95a5-15c12ff40ca0_B002.01.0098.0041_transfer-f3162310-6806-4a40-a680-4aa01cf9e4d4.7z,"JCRS Patient #386 Joseph Geveltman, "
67d995e9-c1cc-4f5e-8a55-a423b3cb93b1,B,UPLOADED,AIP,4007298999,/api/v2/location/11a1c5ca-cb7e-448e-9ece-57f671e94057/,67d9/95e9/c1cc/4f5e/8a55/a423/b3cb/93b1/a5efb5d1-0484-429c-95a5-15c12ff40ca0_B002.01.0098.0043_transfer-67d995e9-c1cc-4f5e-8a55-a423b3cb93b1.7z,"JCRS Patient #388 Minna Koner, "
80d1bb68-1dfe-4898-9b9d-dcafa857812e,B,UPLOADED,AIP,303738578,/api/v2/location/11a1c5ca-cb7e-448e-9ece-57f671e94057/,80d1/bb68/1dfe/4898/9b9d/dcaf/a857/812e/a5efb5d1-0484-429c-95a5-15c12ff40ca0_B002.01.0098.0047_transfer-80d1bb68-1dfe-4898-9b9d-dcafa857812e.7z,"JCRS Patient #392 Morris Shlesinger, "
6862d119-c777-41b2-bb9e-100376c0989d,B,UPLOADED,AIP,178636991,/api/v2/location/11a1c5ca-cb7e-448e-9ece-57f671e94057/,6862/d119/c777/41b2/bb9e/1003/76c0/989d/a5efb5d1-0484-429c-95a5-15c12ff40ca0_B002.01.0098.0042_transfer-6862d119-c777-41b2-bb9e-100376c0989d.7z,"JCRS Patient #387 Louis Cohen, "
95031db4-9b2b-4ed3-8af0-3a9efec3b4f2,B,UPLOADED,AIP,2697918411,/api/v2/location/11a1c5ca-cb7e-448e-9ece-57f671e94057/,9503/1db4/9b2b/4ed3/8af0/3a9e/fec3/b4f2/a5efb5d1-0484-429c-95a5-15c12ff40ca0_B002.01.0098.0045_transfer-95031db4-9b2b-4ed3-8af0-3a9efec3b4f2.7z,"JCRS Patient #390 Isaac Manes, "
137f19bc-5003-4a42-9166-ca0337233a2b,B,UPLOADED,AIP,280331181,/api/v2/location/11a1c5ca-cb7e-448e-9ece-57f671e94057/,137f/19bc/5003/4a42/9166/ca03/3723/3a2b/a5efb5d1-0484-429c-95a5-15c12ff40ca0_B002.01.0098.0052_transfer-137f19bc-5003-4a42-9166-ca0337233a2b.7z,JCRS%20Patient%20%23399%20Joseph%20Goldstein%2C%20
fb9860e2-df35-4664-bb11-7f26c071e18d,B,UPLOADED,AIP,136859678,/api/v2/location/11a1c5ca-cb7e-448e-9ece-57f671e94057/,fb98/60e2/df35/4664/bb11/7f26/c071/e18d/a5efb5d1-0484-429c-95a5-15c12ff40ca0_B002.01.0098.0053_transfer-fb9860e2-df35-4664-bb11-7f26c071e18d.7z,"JCRS Patient #400 George Parsowith, "
55a0ce5a-60c1-4234-90de-522460a4bcfc,B,UPLOADED,AIP,1036293636,/api/v2/location/11a1c5ca-cb7e-448e-9ece-57f671e94057/,55a0/ce5a/60c1/4234/90de/5224/60a4/bcfc/a5efb5d1-0484-429c-95a5-15c12ff40ca0_B002.01.0098.0057_transfer-55a0ce5a-60c1-4234-90de-522460a4bcfc.7z,JCRS%20Patient%20%23406%20Isidor%20Jacoby%2C%20
525183a3-3b1e-4826-976f-4febf6f854b1,B,UPLOADED,AIP,388641922,/api/v2/location/11a1c5ca-cb7e-448e-9ece-57f671e94057/,5251/83a3/3b1e/4826/976f/4feb/f6f8/54b1/a5efb5d1-0484-429c-95a5-15c12ff40ca0_B002.01.0098.0058_transfer-525183a3-3b1e-4826-976f-4febf6f854b1.7z,"JCRS Patient #407 Barney Kokush, "
905d1614-b67a-46fa-857e-3d42307dcf7f,B,UPLOADED,AIP,604656439,/api/v2/location/11a1c5ca-cb7e-448e-9ece-57f671e94057/,905d/1614/b67a/46fa/857e/3d42/307d/cf7f/a5efb5d1-0484-429c-95a5-15c12ff40ca0_B002.01.0098.0056_transfer-905d1614-b67a-46fa-857e-3d42307dcf7f.7z,"JCRS Patient #405 Sam Benyes, "
472eec42-b498-4afa-bb15-a56d2fa88269,B,UPLOADED,AIP,323815834,/api/v2/location/11a1c5ca-cb7e-448e-9ece-57f671e94057/,472e/ec42/b498/4afa/bb15/a56d/2fa8/8269/a5efb5d1-0484-429c-95a5-15c12ff40ca0_B002.01.0098.0059_transfer-472eec42-b498-4afa-bb15-a56d2fa88269.7z,"JCRS Patient #409 Annie Abel, "
7f54c1f5-8784-4b2c-89cd-1e25e1e355f4,B,UPLOADED,AIP,379985660,/api/v2/location/11a1c5ca-cb7e-448e-9ece-57f671e94057/,7f54/c1f5/8784/4b2c/89cd/1e25/e1e3/55f4/a5efb5d1-0484-429c-95a5-15c12ff40ca0_B002.01.0098.0055_transfer-7f54c1f5-8784-4b2c-89cd-1e25e1e355f4.7z,"JCRS Patient #402 Dora Fox, "
46bb6e8b-82cf-4c9a-bd9d-9ba2d4783fd2,B,UPLOADED,AIP,335662735,/api/v2/location/11a1c5ca-cb7e-448e-9ece-57f671e94057/,46bb/6e8b/82cf/4c9a/bd9d/9ba2/d478/3fd2/a5efb5d1-0484-429c-95a5-15c12ff40ca0_B002.01.0098.0054_transfer-46bb6e8b-82cf-4c9a-bd9d-9ba2d4783fd2.7z,"JCRS Patient #401 Isidor Diamond, "
09169ea4-1374-4b1c-bec7-262875d0ad56,B,UPLOADED,AIP,278359612,/api/v2/location/11a1c5ca-cb7e-448e-9ece-57f671e94057/,0916/9ea4/1374/4b1c/bec7/2628/75d0/ad56/a5efb5d1-0484-429c-95a5-15c12ff40ca0_B002.01.0098.0067_transfer-09169ea4-1374-4b1c-bec7-262875d0ad56.7z,"JCRS Patient #418 Israel Shnider, "
ab7fc14d-b47b-46fd-9c5f-9071ff84d0ab,B,UPLOADED,AIP,94309179,/api/v2/location/11a1c5ca-cb7e-448e-9ece-57f671e94057/,ab7f/c14d/b47b/46fd/9c5f/9071/ff84/d0ab/a5efb5d1-0484-429c-95a5-15c12ff40ca0_B002.01.0098.0061_transfer-ab7fc14d-b47b-46fd-9c5f-9071ff84d0ab.7z,"JCRS Patient #411 Adolph Spitzer, "
dfaec3aa-2e5c-440d-bcc7-4589d75780b9,B,UPLOADED,AIP,903994704,/api/v2/location/11a1c5ca-cb7e-448e-9ece-57f671e94057/,dfae/c3aa/2e5c/440d/bcc7/4589/d757/80b9/a5efb5d1-0484-429c-95a5-15c12ff40ca0_B002.01.0098.0064_transfer-dfaec3aa-2e5c-440d-bcc7-4589d75780b9.7z,"JCRS Patient #414 Ellias Rosenblatt, "
6559ed7b-e665-430c-addb-2f4a67c2a6eb,B,UPLOADED,AIP,42458697,/api/v2/location/11a1c5ca-cb7e-448e-9ece-57f671e94057/,6559/ed7b/e665/430c/addb/2f4a/67c2/a6eb/a5efb5d1-0484-429c-95a5-15c12ff40ca0_B002.01.0098.0069_transfer-6559ed7b-e665-430c-addb-2f4a67c2a6eb.7z,JCRS Patient #420 Unknown
1fabf290-461e-4e91-8677-aaf29bab81ca,B,UPLOADED,AIP,940810792,/api/v2/location/11a1c5ca-cb7e-448e-9ece-57f671e94057/,1fab/f290/461e/4e91/8677/aaf2/9bab/81ca/a5efb5d1-0484-429c-95a5-15c12ff40ca0_B002.01.0098.0060_transfer-1fabf290-461e-4e91-8677-aaf29bab81ca.7z,"JCRS Patient #410 Isaac Goldstein, "
756855c7-9eaf-405f-9555-ff54e030d9b8,B,UPLOADED,AIP,734398372,/api/v2/location/11a1c5ca-cb7e-448e-9ece-57f671e94057/,7568/55c7/9eaf/405f/9555/ff54/e030/d9b8/a5efb5d1-0484-429c-95a5-15c12ff40ca0_B002.01.0098.0063_transfer-756855c7-9eaf-405f-9555-ff54e030d9b8.7z,"JCRS Patient #413 Jacob Friedner, "
851baf02-5e67-4527-a8bb-2d978355f0bf,B,UPLOADED,AIP,956423949,/api/v2/location/11a1c5ca-cb7e-448e-9ece-57f671e94057/,851b/af02/5e67/4527/a8bb/2d97/8355/f0bf/a5efb5d1-0484-429c-95a5-15c12ff40ca0_B002.01.0098.0079_transfer-851baf02-5e67-4527-a8bb-2d978355f0bf.7z,"JCRS Patient #431 Joseph Geveltman, "
fcdf2cce-0c9d-48ef-b3e3-637197294183,B,UPLOADED,AIP,369989979,/api/v2/location/11a1c5ca-cb7e-448e-9ece-57f671e94057/,fcdf/2cce/0c9d/48ef/b3e3/6371/9729/4183/a5efb5d1-0484-429c-95a5-15c12ff40ca0_B002.01.0098.0076_transfer-fcdf2cce-0c9d-48ef-b3e3-637197294183.7z,"JCRS Patient #427 Nathan Waldman, "
d4dcb588-862a-4a2a-a9af-fe9cd8c91fc2,B,UPLOADED,AIP,287056842,/api/v2/location/11a1c5ca-cb7e-448e-9ece-57f671e94057/,d4dc/b588/862a/4a2a/a9af/fe9c/d8c9/1fc2/a5efb5d1-0484-429c-95a5-15c12ff40ca0_B002.01.0098.0072_transfer-d4dcb588-862a-4a2a-a9af-fe9cd8c91fc2.7z,"JCRS Patient #423 Abe Maller, "
d39e771f-7445-4109-b4cc-45a81b390db1,B,UPLOADED,AIP,406659785,/api/v2/location/11a1c5ca-cb7e-448e-9ece-57f671e94057/,d39e/771f/7445/4109/b4cc/45a8/1b39/0db1/a5efb5d1-0484-429c-95a5-15c12ff40ca0_B002.01.0098.0078_transfer-d39e771f-7445-4109-b4cc-45a81b390db1.7z,"JCRS Patient #430 Morris Schlessinger, "
19bf7dd5-d982-4b64-8562-3f9135273760,B,UPLOADED,AIP,224108569,/api/v2/location/11a1c5ca-cb7e-448e-9ece-57f671e94057/,19bf/7dd5/d982/4b64/8562/3f91/3527/3760/a5efb5d1-0484-429c-95a5-15c12ff40ca0_B002.01.0098.0075_transfer-19bf7dd5-d982-4b64-8562-3f9135273760.7z,"JCRS Patient #426 Ruth Litchman, "
1b8dbfaf-5c8d-4a65-8c11-6c47514c678a,B,UPLOADED,AIP,1403642710,/api/v2/location/11a1c5ca-cb7e-448e-9ece-57f671e94057/,1b8d/bfaf/5c8d/4a65/8c11/6c47/514c/678a/a5efb5d1-0484-429c-95a5-15c12ff40ca0_B002.01.0098.0077_transfer-1b8dbfaf-5c8d-4a65-8c11-6c47514c678a.7z,"JCRS Patient #428 Morris Dresso, "
a437fa8f-dded-4f9e-8732-c07dc807e2bc,B,UPLOADED,AIP,422435960,/api/v2/location/11a1c5ca-cb7e-448e-9ece-57f671e94057/,a437/fa8f/dded/4f9e/8732/c07d/c807/e2bc/a5efb5d1-0484-429c-95a5-15c12ff40ca0_B002.01.0098.0084_transfer-a437fa8f-dded-4f9e-8732-c07dc807e2bc.7z,"JCRS Patient #439 Max Miller, "
f4eeda17-e184-469b-b72b-554a941aca25,B,UPLOADED,AIP,276819339,/api/v2/location/11a1c5ca-cb7e-448e-9ece-57f671e94057/,f4ee/da17/e184/469b/b72b/554a/941a/ca25/a5efb5d1-0484-429c-95a5-15c12ff40ca0_B002.01.0098.0085_transfer-f4eeda17-e184-469b-b72b-554a941aca25.7z,"JCRS Patient #440 Lena Levinson, "
f1dd1cc1-5afc-4558-bed7-73a2d3402586,B,UPLOADED,AIP,1427414125,/api/v2/location/11a1c5ca-cb7e-448e-9ece-57f671e94057/,f1dd/1cc1/5afc/4558/bed7/73a2/d340/2586/a5efb5d1-0484-429c-95a5-15c12ff40ca0_B002.01.0098.0083_transfer-f1dd1cc1-5afc-4558-bed7-73a2d3402586.7z,"JCRS Patient #437 Samuel Miller, "
a44e2a49-4a8b-4b53-a1b7-534a4c550d25,B,UPLOADED,AIP,1567251564,/api/v2/location/11a1c5ca-cb7e-448e-9ece-57f671e94057/,a44e/2a49/4a8b/4b53/a1b7/534a/4c55/0d25/a5efb5d1-0484-429c-95a5-15c12ff40ca0_B002.01.0098.0089_transfer-a44e2a49-4a8b-4b53-a1b7-534a4c550d25.7z,"JCRS Patient #445 Mayer Javitz, "
a26c09f8-b143-4dec-908b-f2bccbb7be4c,B,UPLOADED,AIP,97700440,/api/v2/location/11a1c5ca-cb7e-448e-9ece-57f671e94057/,a26c/09f8/b143/4dec/908b/f2bc/cbb7/be4c/a5efb5d1-0484-429c-95a5-15c12ff40ca0_B002.01.0098.0087_transfer-a26c09f8-b143-4dec-908b-f2bccbb7be4c.7z,"JCRS Patient #443 Isidor Prelinker, "
bf1ca6e4-a691-42d6-b8d7-52c818ff7c5e,B,UPLOADED,AIP,467189221,/api/v2/location/11a1c5ca-cb7e-448e-9ece-57f671e94057/,bf1c/a6e4/a691/42d6/b8d7/52c8/18ff/7c5e/a5efb5d1-0484-429c-95a5-15c12ff40ca0_B002.01.0098.0086_transfer-bf1ca6e4-a691-42d6-b8d7-52c818ff7c5e.7z,"JCRS Patient #441 Nathan Greenside, "
542378df-2df2-4cdd-91b3-3600d883a44a,B,UPLOADED,AIP,177321804,/api/v2/location/11a1c5ca-cb7e-448e-9ece-57f671e94057/,5423/78df/2df2/4cdd/91b3/3600/d883/a44a/a5efb5d1-0484-429c-95a5-15c12ff40ca0_B002.01.0098.0098_transfer-542378df-2df2-4cdd-91b3-3600d883a44a.7z,JCRS%20Patient%20%23458%20Samuel%20Rome%2C%201907-1911
c49b6fe7-e082-4acf-918c-2acc56174546,B,UPLOADED,AIP,604975349,/api/v2/location/11a1c5ca-cb7e-448e-9ece-57f671e94057/,c49b/6fe7/e082/4acf/918c/2acc/5617/4546/a5efb5d1-0484-429c-95a5-15c12ff40ca0_B002.01.0098.0097_transfer-c49b6fe7-e082-4acf-918c-2acc56174546.7z,"JCRS Patient #457 Sarah Barnholtz, "
949fc144-fbe1-4131-91f9-5e3bf7aae73b,B,UPLOADED,AIP,733101495,/api/v2/location/11a1c5ca-cb7e-448e-9ece-57f671e94057/,949f/c144/fbe1/4131/91f9/5e3b/f7aa/e73b/a5efb5d1-0484-429c-95a5-15c12ff40ca0_B002.01.0098.0093_transfer-949fc144-fbe1-4131-91f9-5e3bf7aae73b.7z,"JCRS Patient #453 Herman William Kauber, "
f8fefc60-ff9f-480c-a276-d38367af4a77,B,UPLOADED,AIP,909045968,/api/v2/location/11a1c5ca-cb7e-448e-9ece-57f671e94057/,f8fe/fc60/ff9f/480c/a276/d383/67af/4a77/a5efb5d1-0484-429c-95a5-15c12ff40ca0_B002.01.0098.0100_transfer-f8fefc60-ff9f-480c-a276-d38367af4a77.7z,"JCRS Patient #461 Samuel Cohen, "
d6865652-208b-4db9-8126-9b120e806262,B,UPLOADED,AIP,800782836,/api/v2/location/11a1c5ca-cb7e-448e-9ece-57f671e94057/,d686/5652/208b/4db9/8126/9b12/0e80/6262/a5efb5d1-0484-429c-95a5-15c12ff40ca0_B002.01.0098.0103_transfer-d6865652-208b-4db9-8126-9b120e806262.7z,"JCRS Patient #464 Esther Plastock, "
0275130d-2e2f-4223-8a6e-5a83359a0d3e,B,UPLOADED,AIP,882772512,/api/v2/location/11a1c5ca-cb7e-448e-9ece-57f671e94057/,0275/130d/2e2f/4223/8a6e/5a83/359a/0d3e/a5efb5d1-0484-429c-95a5-15c12ff40ca0_B002.01.0098.0101_transfer-0275130d-2e2f-4223-8a6e-5a83359a0d3e.7z,"JCRS Patient #462 Myer Matros, "
500e0503-9f3a-4e74-9f8b-5ef4c66a06da,B,UPLOADED,AIP,961570198,/api/v2/location/11a1c5ca-cb7e-448e-9ece-57f671e94057/,500e/0503/9f3a/4e74/9f8b/5ef4/c66a/06da/a5efb5d1-0484-429c-95a5-15c12ff40ca0_B002.01.0098.0107_transfer-500e0503-9f3a-4e74-9f8b-5ef4c66a06da.7z,"JCRS Patient #468 Nathan Gatoff, "
a722bbf8-37f0-4c2c-b3ab-48e86b7abdc0,B,UPLOADED,AIP,700844978,/api/v2/location/11a1c5ca-cb7e-448e-9ece-57f671e94057/,a722/bbf8/37f0/4c2c/b3ab/48e8/6b7a/bdc0/a5efb5d1-0484-429c-95a5-15c12ff40ca0_B002.01.0098.0110_transfer-a722bbf8-37f0-4c2c-b3ab-48e86b7abdc0.7z,"JCRS Patient #472 Fannie Friedman, "
aee54f31-cbf6-440c-8bdc-aeb0d24b80d1,B,UPLOADED,AIP,1449318494,/api/v2/location/11a1c5ca-cb7e-448e-9ece-57f671e94057/,aee5/4f31/cbf6/440c/8bdc/aeb0/d24b/80d1/a5efb5d1-0484-429c-95a5-15c12ff40ca0_B002.01.0098.0105_transfer-aee54f31-cbf6-440c-8bdc-aeb0d24b80d1.7z,"JCRS Patient #466 John Bilech, "
ed8dd076-8148-4fea-a751-ec63072ee224,B,UPLOADED,AIP,663629739,/api/v2/location/11a1c5ca-cb7e-448e-9ece-57f671e94057/,ed8d/d076/8148/4fea/a751/ec63/072e/e224/a5efb5d1-0484-429c-95a5-15c12ff40ca0_B002.01.0098.0015_transfer-ed8dd076-8148-4fea-a751-ec63072ee224.7z,JCRS%20Patient%20%23349%20Jacob%20Gleeman%2C%20
f78cee37-f1df-44cc-9b8d-1ebf983bbe45,B,UPLOADED,AIP,633920991,/api/v2/location/11a1c5ca-cb7e-448e-9ece-57f671e94057/,f78c/ee37/f1df/44cc/9b8d/1ebf/983b/be45/a5efb5d1-0484-429c-95a5-15c12ff40ca0_B002.01.0098.0011_transfer-f78cee37-f1df-44cc-9b8d-1ebf983bbe45.7z,JCRS%20Patient%20%23343%20Harry%20Battock%2C%20
7bdba063-deeb-462a-be3c-4f4d9b8985e5,B,UPLOADED,AIP,414283664,/api/v2/location/11a1c5ca-cb7e-448e-9ece-57f671e94057/,7bdb/a063/deeb/462a/be3c/4f4d/9b89/85e5/a5efb5d1-0484-429c-95a5-15c12ff40ca0_B002.01.0098.0049_transfer-7bdba063-deeb-462a-be3c-4f4d9b8985e5.7z,JCRS%20Patient%20%23395%20Morris%20Dresso%2C%20
cb53f8af-675f-4c9b-bb87-bd29db32b99e,B,UPLOADED,AIP,134462670,/api/v2/location/11a1c5ca-cb7e-448e-9ece-57f671e94057/,cb53/f8af/675f/4c9b/bb87/bd29/db32/b99e/a5efb5d1-0484-429c-95a5-15c12ff40ca0_B002.01.0098.0066_transfer-cb53f8af-675f-4c9b-bb87-bd29db32b99e.7z,"JCRS Patient #417 Rosy Klemansky, "
4bc3dfdc-e955-491a-92a1-54272ca6e8bd,B,UPLOADED,AIP,177324407,/api/v2/location/11a1c5ca-cb7e-448e-9ece-57f671e94057/,4bc3/dfdc/e955/491a/92a1/5427/2ca6/e8bd/a5efb5d1-0484-429c-95a5-15c12ff40ca0_B002.01.0098.0098_transfer-4bc3dfdc-e955-491a-92a1-54272ca6e8bd.7z,"JCRS Patient #458 Samuel Rome, 1907-1911"
5995a0e7-a1fd-49cd-8bcd-1ccf71cbf9ab,B,UPLOADED,AIP,246485826,/api/v2/location/11a1c5ca-cb7e-448e-9ece-57f671e94057/,5995/a0e7/a1fd/49cd/8bcd/1ccf/71cb/f9ab/a5efb5d1-0484-429c-95a5-15c12ff40ca0_B002.01.0098.0092_transfer-5995a0e7-a1fd-49cd-8bcd-1ccf71cbf9ab.7z,JCRS%20Patient%20%23452%20Rosa%20Schoenberg%2C%20
cff5bb1c-5d3c-4bb5-b74f-1d95cc3e719b,B,UPLOADED,AIP,256626595,/api/v2/location/11a1c5ca-cb7e-448e-9ece-57f671e94057/,cff5/bb1c/5d3c/4bb5/b74f/1d95/cc3e/719b/a5efb5d1-0484-429c-95a5-15c12ff40ca0_B002.01.0098.0111_transfer-cff5bb1c-5d3c-4bb5-b74f-1d95cc3e719b.7z,"JCRS Patient #475 Annie Sharp, "
c5ce8cd0-f98a-4798-b8c0-6548e6c75897,B,UPLOADED,AIP,1566784375,/api/v2/location/11a1c5ca-cb7e-448e-9ece-57f671e94057/,c5ce/8cd0/f98a/4798/b8c0/6548/e6c7/5897/a5efb5d1-0484-429c-95a5-15c12ff40ca0_B002.01.0098.0112_transfer-c5ce8cd0-f98a-4798-b8c0-6548e6c75897.7z,"JCRS Patient #476 Mose Rothenberg, "
5d08f552-7429-488c-b086-56e9ad0b4417,B,UPLOADED,AIP,284912299,/api/v2/location/11a1c5ca-cb7e-448e-9ece-57f671e94057/,5d08/f552/7429/488c/b086/56e9/ad0b/4417/a5efb5d1-0484-429c-95a5-15c12ff40ca0_B002.01.0098.0115_transfer-5d08f552-7429-488c-b086-56e9ad0b4417.7z,"JCRS Patient #481 Joseph Hart, "
b5afb6ea-8a15-4785-b155-528fdcd61dfa,B,UPLOADED,AIP,199274968,/api/v2/location/11a1c5ca-cb7e-448e-9ece-57f671e94057/,b5af/b6ea/8a15/4785/b155/528f/dcd6/1dfa/a5efb5d1-0484-429c-95a5-15c12ff40ca0_B002.01.0098.0117_transfer-b5afb6ea-8a15-4785-b155-528fdcd61dfa.7z,"JCRS Patient #485 Joseph Braverman, "
946e5896-f765-4f7f-b813-a854fe23e075,B,UPLOADED,AIP,1281068501,/api/v2/location/11a1c5ca-cb7e-448e-9ece-57f671e94057/,946e/5896/f765/4f7f/b813/a854/fe23/e075/a5efb5d1-0484-429c-95a5-15c12ff40ca0_B002.01.0098.0119_transfer-946e5896-f765-4f7f-b813-a854fe23e075.7z,"JCRS Patient #487 Yetta Ravitz, "
fcdcdfc0-9099-4772-90f7-2dc5597b95bb,B,UPLOADED,AIP,409536469,/api/v2/location/11a1c5ca-cb7e-448e-9ece-57f671e94057/,fcdc/dfc0/9099/4772/90f7/2dc5/597b/95bb/a5efb5d1-0484-429c-95a5-15c12ff40ca0_B002.01.0098.0116_transfer-fcdcdfc0-9099-4772-90f7-2dc5597b95bb.7z,"JCRS Patient #482 Sam Goldberg, "
3ec7398d-68fb-4840-b526-c40ff4044c5d,B,UPLOADED,AIP,529014932,/api/v2/location/11a1c5ca-cb7e-448e-9ece-57f671e94057/,3ec7/398d/68fb/4840/b526/c40f/f404/4c5d/a5efb5d1-0484-429c-95a5-15c12ff40ca0_B002.01.0098.0120_transfer-3ec7398d-68fb-4840-b526-c40ff4044c5d.7z,"JCRS Patient #488 Charles Rose, "
2cbef043-5805-46b4-8028-6c6c6d3c7378,B,UPLOADED,AIP,545993321,/api/v2/location/11a1c5ca-cb7e-448e-9ece-57f671e94057/,2cbe/f043/5805/46b4/8028/6c6c/6d3c/7378/a5efb5d1-0484-429c-95a5-15c12ff40ca0_B002.01.0098.0124_transfer-2cbef043-5805-46b4-8028-6c6c6d3c7378.7z,"JCRS Patient #496 Isadore Sparber, "
a1ca8e89-823b-4857-b7d5-f51fa71ded46,B,UPLOADED,AIP,651485230,/api/v2/location/11a1c5ca-cb7e-448e-9ece-57f671e94057/,a1ca/8e89/823b/4857/b7d5/f51f/a71d/ed46/a5efb5d1-0484-429c-95a5-15c12ff40ca0_B002.01.0098.0123_transfer-a1ca8e89-823b-4857-b7d5-f51fa71ded46.7z,"JCRS Patient #494 David Kammin, "
8dad6ac0-08ac-479f-9a9b-b03a8c327bbc,B,UPLOADED,AIP,1338481878,/api/v2/location/11a1c5ca-cb7e-448e-9ece-57f671e94057/,8dad/6ac0/08ac/479f/9a9b/b03a/8c32/7bbc/a5efb5d1-0484-429c-95a5-15c12ff40ca0_B002.01.0098.0125_transfer-8dad6ac0-08ac-479f-9a9b-b03a8c327bbc.7z,"JCRS Patient #498 Sam Katz, "
e79548d7-3b35-4b8a-93a4-cbbe02c43929,B,UPLOADED,AIP,2615538327,/api/v2/location/11a1c5ca-cb7e-448e-9ece-57f671e94057/,e795/48d7/3b35/4b8a/93a4/cbbe/02c4/3929/a5efb5d1-0484-429c-95a5-15c12ff40ca0_B002.01.0098.0129_transfer-e79548d7-3b35-4b8a-93a4-cbbe02c43929.7z,"JCRS Patient #507 William Eremin, "
0add8544-9f72-4750-8084-b2bff17f931d,B,UPLOADED,AIP,1287719526,/api/v2/location/11a1c5ca-cb7e-448e-9ece-57f671e94057/,0add/8544/9f72/4750/8084/b2bf/f17f/931d/a5efb5d1-0484-429c-95a5-15c12ff40ca0_B002.01.0098.0126_transfer-0add8544-9f72-4750-8084-b2bff17f931d.7z,"JCRS Patient #499 Harry Sukernick, "
ea9353ff-37c6-4c69-be80-de080987b74e,B,UPLOADED,AIP,1185210624,/api/v2/location/11a1c5ca-cb7e-448e-9ece-57f671e94057/,ea93/53ff/37c6/4c69/be80/de08/0987/b74e/a5efb5d1-0484-429c-95a5-15c12ff40ca0_B002.01.0098.0130_transfer-ea9353ff-37c6-4c69-be80-de080987b74e.7z,"JCRS Patient #509 Max Haskin, "
769463a2-5753-416b-bdd2-820590390279,B,UPLOADED,AIP,2301456583,/api/v2/location/11a1c5ca-cb7e-448e-9ece-57f671e94057/,7694/63a2/5753/416b/bdd2/8205/9039/0279/a5efb5d1-0484-429c-95a5-15c12ff40ca0_B002.01.0098.0133_transfer-769463a2-5753-416b-bdd2-820590390279.7z,"JCRS Patient #514 Isadore Tradler, "
df681b14-da86-4677-88bf-f2e6652aabf3,B,UPLOADED,AIP,1984318712,/api/v2/location/11a1c5ca-cb7e-448e-9ece-57f671e94057/,df68/1b14/da86/4677/88bf/f2e6/652a/abf3/a5efb5d1-0484-429c-95a5-15c12ff40ca0_B002.01.0098.0134_transfer-df681b14-da86-4677-88bf-f2e6652aabf3.7z,"JCRS Patient #517 Harry Friedman, "
a2f490c5-a865-42bc-bd71-6ae51f266e5f,B,UPLOADED,AIP,347592070,/api/v2/location/11a1c5ca-cb7e-448e-9ece-57f671e94057/,a2f4/90c5/a865/42bc/bd71/6ae5/1f26/6e5f/a5efb5d1-0484-429c-95a5-15c12ff40ca0_B002.01.0098.0131_transfer-a2f490c5-a865-42bc-bd71-6ae51f266e5f.7z,"JCRS Patient #511 Alexander Reveles, "
a6b47888-9d1f-493a-a6ba-04d12ceab6e8,B,UPLOADED,AIP,1804979318,/api/v2/location/11a1c5ca-cb7e-448e-9ece-57f671e94057/,a6b4/7888/9d1f/493a/a6ba/04d1/2cea/b6e8/a5efb5d1-0484-429c-95a5-15c12ff40ca0_B002.01.0098.0138_transfer-a6b47888-9d1f-493a-a6ba-04d12ceab6e8.7z,"JCRS Patient #522 Jacob Newman, "
cfe32c27-7abc-4618-b84d-328ba0477a46,B,UPLOADED,AIP,2141467971,/api/v2/location/11a1c5ca-cb7e-448e-9ece-57f671e94057/,cfe3/2c27/7abc/4618/b84d/328b/a047/7a46/a5efb5d1-0484-429c-95a5-15c12ff40ca0_B002.01.0098.0141_transfer-cfe32c27-7abc-4618-b84d-328ba0477a46.7z,"JCRS Patient #528 Abraham Prager, "
ba01d5af-4f24-4eca-a2ed-c06df2e2cb7a,B,UPLOADED,AIP,605561407,/api/v2/location/11a1c5ca-cb7e-448e-9ece-57f671e94057/,ba01/d5af/4f24/4eca/a2ed/c06d/f2e2/cb7a/a5efb5d1-0484-429c-95a5-15c12ff40ca0_B002.01.0098.0142_transfer-ba01d5af-4f24-4eca-a2ed-c06df2e2cb7a.7z,"JCRS Patient #529 Frank Rosenfeld, "
0675be43-936a-42d4-9bc2-f52e3d76f940,B,UPLOADED,AIP,427273904,/api/v2/location/11a1c5ca-cb7e-448e-9ece-57f671e94057/,0675/be43/936a/42d4/9bc2/f52e/3d76/f940/a5efb5d1-0484-429c-95a5-15c12ff40ca0_B002.01.0098.0143_transfer-0675be43-936a-42d4-9bc2-f52e3d76f940.7z,"JCRS Patient #531 Sarah Pitchinoc, "
7ed37d26-84ea-42f3-b4ff-a68c4ec0e39e,B,UPLOADED,AIP,103428604,/api/v2/location/11a1c5ca-cb7e-448e-9ece-57f671e94057/,7ed3/7d26/84ea/42f3/b4ff/a68c/4ec0/e39e/a5efb5d1-0484-429c-95a5-15c12ff40ca0_B002.01.0098.0147_transfer-7ed37d26-84ea-42f3-b4ff-a68c4ec0e39e.7z,"JCRS Patient #535 Yetta Ginsberg, "
f403cacd-e753-49d0-971b-417421d609ef,B,UPLOADED,AIP,776603241,/api/v2/location/11a1c5ca-cb7e-448e-9ece-57f671e94057/,f403/cacd/e753/49d0/971b/4174/21d6/09ef/a5efb5d1-0484-429c-95a5-15c12ff40ca0_B002.01.0098.0159_transfer-f403cacd-e753-49d0-971b-417421d609ef.7z,"JCRS Patient #551 Ray Macht, "
b7952511-6284-4e01-9b8e-8845a4d4c859,B,UPLOADED,AIP,1027908692,/api/v2/location/11a1c5ca-cb7e-448e-9ece-57f671e94057/,b795/2511/6284/4e01/9b8e/8845/a4d4/c859/a5efb5d1-0484-429c-95a5-15c12ff40ca0_B002.01.0098.0151_transfer-b7952511-6284-4e01-9b8e-8845a4d4c859.7z,"JCRS Patient #539 Meyer Lederman, "
ea230a6d-d97a-4229-8048-08f894499d67,B,UPLOADED,AIP,366528243,/api/v2/location/11a1c5ca-cb7e-448e-9ece-57f671e94057/,ea23/0a6d/d97a/4229/8048/08f8/9449/9d67/a5efb5d1-0484-429c-95a5-15c12ff40ca0_B002.01.0098.0154_transfer-ea230a6d-d97a-4229-8048-08f894499d67.7z,"JCRS Patient #545 Gussie Leventhal, "
4c64f6fe-fdc7-402e-8e20-79642865aa84,B,UPLOADED,AIP,823622625,/api/v2/location/11a1c5ca-cb7e-448e-9ece-57f671e94057/,4c64/f6fe/fdc7/402e/8e20/7964/2865/aa84/a5efb5d1-0484-429c-95a5-15c12ff40ca0_B002.01.0098.0158_transfer-4c64f6fe-fdc7-402e-8e20-79642865aa84.7z,"JCRS Patient #550 Rebecca Goldman, "
b16fd4cd-8d7f-4b81-b29d-520fa834ba75,B,UPLOADED,AIP,196553400,/api/v2/location/11a1c5ca-cb7e-448e-9ece-57f671e94057/,b16f/d4cd/8d7f/4b81/b29d/520f/a834/ba75/a5efb5d1-0484-429c-95a5-15c12ff40ca0_B002.01.0098.0152_transfer-b16fd4cd-8d7f-4b81-b29d-520fa834ba75.7z,"JCRS Patient #540 Annie Ross, "
ed42323e-29df-4e59-b5ec-9af422ca0da5,B,UPLOADED,AIP,91532146,/api/v2/location/11a1c5ca-cb7e-448e-9ece-57f671e94057/,ed42/323e/29df/4e59/b5ec/9af4/22ca/0da5/a5efb5d1-0484-429c-95a5-15c12ff40ca0_B002.01.0098.0170_transfer-ed42323e-29df-4e59-b5ec-9af422ca0da5.7z,"JCRS Patient #480 Herman William Kauber, "
e587b50a-c781-46a7-b4f0-e691affc6877,B,UPLOADED,AIP,511600059,/api/v2/location/11a1c5ca-cb7e-448e-9ece-57f671e94057/,e587/b50a/c781/46a7/b4f0/e691/affc/6877/a5efb5d1-0484-429c-95a5-15c12ff40ca0_B002.01.0098.0161_transfer-e587b50a-c781-46a7-b4f0-e691affc6877.7z,"JCRS Patient #553 Ben B. Horwich, "
7559b226-efca-4e8d-8b3e-d910db918258,B,UPLOADED,AIP,256236567,/api/v2/location/11a1c5ca-cb7e-448e-9ece-57f671e94057/,7559/b226/efca/4e8d/8b3e/d910/db91/8258/a5efb5d1-0484-429c-95a5-15c12ff40ca0_B002.01.0098.0165_transfer-7559b226-efca-4e8d-8b3e-d910db918258.7z,"JCRS Patient #557 Max Miller, "
65046453-e2ae-4cdd-a9d7-0e7430f12b76,B,UPLOADED,AIP,292015278,/api/v2/location/11a1c5ca-cb7e-448e-9ece-57f671e94057/,6504/6453/e2ae/4cdd/a9d7/0e74/30f1/2b76/a5efb5d1-0484-429c-95a5-15c12ff40ca0_B002.01.0098.0171_transfer-65046453-e2ae-4cdd-a9d7-0e7430f12b76.7z,"JCRS Patient #357 Frank Rosenfeld, "
7dd2e23c-a3ab-4650-8a82-c0989fa54bfc,B,UPLOADED,AIP,525127798,/api/v2/location/11a1c5ca-cb7e-448e-9ece-57f671e94057/,7dd2/e23c/a3ab/4650/8a82/c098/9fa5/4bfc/a5efb5d1-0484-429c-95a5-15c12ff40ca0_B002.01.0098.0168_transfer-7dd2e23c-a3ab-4650-8a82-c0989fa54bfc.7z,"JCRS Patient #561 Sam Millman, "
38fea5f9-5cef-4a6c-a454-51327a10c48c,B,UPLOADED,AIP,467175968,/api/v2/location/11a1c5ca-cb7e-448e-9ece-57f671e94057/,38fe/a5f9/5cef/4a6c/a454/5132/7a10/c48c/a5efb5d1-0484-429c-95a5-15c12ff40ca0_B002.01.0098.0164_transfer-38fea5f9-5cef-4a6c-a454-51327a10c48c.7z,"JCRS Patient #556 Joseph Braverman, "
0e8f8014-d38b-430a-a469-8f7deea42ca9,B,UPLOADED,AIP,1209061823,/api/v2/location/11a1c5ca-cb7e-448e-9ece-57f671e94057/,0e8f/8014/d38b/430a/a469/8f7d/eea4/2ca9/a5efb5d1-0484-429c-95a5-15c12ff40ca0_B002.01.0098.0167_transfer-0e8f8014-d38b-430a-a469-8f7deea42ca9.7z,"JCRS Patient #560 Meyer Taxin, "
e020c3b0-c5bf-4d08-abf5-25b81592f6ca,B,UPLOADED,AIP,380974445,/api/v2/location/11a1c5ca-cb7e-448e-9ece-57f671e94057/,e020/c3b0/c5bf/4d08/abf5/25b8/1592/f6ca/a5efb5d1-0484-429c-95a5-15c12ff40ca0_B002.01.0098.0169_transfer-e020c3b0-c5bf-4d08-abf5-25b81592f6ca.7z,JCRS%20Patient%20%23563%20Esther%20Saunders%2C%20
a0254bad-9426-4ef6-a4bb-861c1cd3e52d,A,UPLOADED,AIP,31875585,/api/v2/location/11a1c5ca-cb7e-448e-9ece-57f671e94057/,a025/4bad/9426/4ef6/a4bb/861c/1cd3/e52d/66266aca-3403-49b5-bae6-ac30dc3fe5eb_M123.03.0084.0003.00003_transfer-a0254bad-9426-4ef6-a4bb-861c1cd3e52d.7z,
e564cf11-2eff-4f64-b0c6-b131d29bfdaa,A,UPLOADED,AIP,31875241,/api/v2/location/11a1c5ca-cb7e-448e-9ece-57f671e94057/,e564/cf11/2eff/4f64/b0c6/b131/d29b/fdaa/66266aca-3403-49b5-bae6-ac30dc3fe5eb_M123.03.0084.0003.00003_transfer-e564cf11-2eff-4f64-b0c6-b131d29bfdaa.7z,
b28ea1ce-6e0f-4cc6-ac07-48aabd69fabc,A,UPLOADED,AIP,45343574,/api/v2/location/11a1c5ca-cb7e-448e-9ece-57f671e94057/,b28e/a1ce/6e0f/4cc6/ac07/48aa/bd69/fabc/66266aca-3403-49b5-bae6-ac30dc3fe5eb_B002.01.0098.0100_transfer-b28ea1ce-6e0f-4cc6-ac07-48aabd69fabc.7z,
6f38535b-04fe-4b9c-b9ae-37e47573167a,A,UPLOADED,AIP,28110583,/api/v2/location/11a1c5ca-cb7e-448e-9ece-57f671e94057/,6f38/535b/04fe/4b9c/b9ae/37e4/7573/167a/66266aca-3403-49b5-bae6-ac30dc3fe5eb_M123.03.0084.0003.00005_transfer-6f38535b-04fe-4b9c-b9ae-37e47573167a.7z,
9022ac43-a85e-4231-92ac-5383e067f7bb,A,UPLOADED,AIP,28113607,/api/v2/location/11a1c5ca-cb7e-448e-9ece-57f671e94057/,9022/ac43/a85e/4231/92ac/5383/e067/f7bb/66266aca-3403-49b5-bae6-ac30dc3fe5eb_M123.03.0084.0003.00005_transfer-9022ac43-a85e-4231-92ac-5383e067f7bb.7z,
8967f6b2-ae98-4ce2-a0fb-8e603cf8691b,A,UPLOADED,AIP,26939434,/api/v2/location/11a1c5ca-cb7e-448e-9ece-57f671e94057/,8967/f6b2/ae98/4ce2/a0fb/8e60/3cf8/691b/66266aca-3403-49b5-bae6-ac30dc3fe5eb_M123.03.0084.0003.00004_transfer-8967f6b2-ae98-4ce2-a0fb-8e603cf8691b.7z,
9cd68d68-41a6-47e6-acd5-b9528f61ba4f,A,UPLOADED,AIP,28115823,/api/v2/location/11a1c5ca-cb7e-448e-9ece-57f671e94057/,9cd6/8d68/41a6/47e6/acd5/b952/8f61/ba4f/66266aca-3403-49b5-bae6-ac30dc3fe5eb_M123.03.0084.0003.00005_transfer-9cd68d68-41a6-47e6-acd5-b9528f61ba4f.7z,
b800ea38-37ec-4c78-8941-68224ecc9fff,A,UPLOADED,AIP,26937167,/api/v2/location/11a1c5ca-cb7e-448e-9ece-57f671e94057/,b800/ea38/37ec/4c78/8941/6822/4ecc/9fff/66266aca-3403-49b5-bae6-ac30dc3fe5eb_M123.03.0084.0003.00004_transfer-b800ea38-37ec-4c78-8941-68224ecc9fff.7z,
d9a708e0-7331-47e6-8b5e-2c60e442ecdd,A,UPLOADED,AIP,28116121,/api/v2/location/11a1c5ca-cb7e-448e-9ece-57f671e94057/,d9a7/08e0/7331/47e6/8b5e/2c60/e442/ecdd/66266aca-3403-49b5-bae6-ac30dc3fe5eb_M123.03.0084.0003.00005_transfer-d9a708e0-7331-47e6-8b5e-2c60e442ecdd.7z,
3340b1ce-2530-4baa-81c9-df6febfb21e6,B,UPLOADED,AIP,676584515,/api/v2/location/11a1c5ca-cb7e-448e-9ece-57f671e94057/,3340/b1ce/2530/4baa/81c9/df6f/ebfb/21e6/a32a7bc6-bc21-4f24-a5ff-0f8840fe0a25_B230.03.0023.00020_transfer-3340b1ce-2530-4baa-81c9-df6febfb21e6.7z,"Nicholas Winton, The Power of Good, 2006"
c7a16240-f5e2-4423-9277-93ec808ff5cb,B,UPLOADED,AIP,273466573,/api/v2/location/11a1c5ca-cb7e-448e-9ece-57f671e94057/,c7a1/6240/f5e2/4423/9277/93ec/808f/f5cb/a32a7bc6-bc21-4f24-a5ff-0f8840fe0a25_B230.03.0023.00018_transfer-c7a16240-f5e2-4423-9277-93ec808ff5cb.7z,"Constructing Colorado: Denver Jews and the City's Development, "
8016a656-cd2b-4bda-9f5e-93d6e28614a9,B,UPLOADED,AIP,247275738,/api/v2/location/11a1c5ca-cb7e-448e-9ece-57f671e94057/,8016/a656/cd2b/4bda/9f5e/93d6/e286/14a9/a32a7bc6-bc21-4f24-a5ff-0f8840fe0a25_B230.03.0023.00013_transfer-8016a656-cd2b-4bda-9f5e-93d6e28614a9.7z,"""Small Town Jews"" Interviews, 2014 January 1"
b54b7e28-d7fd-44b8-a180-ccf866522d54,B,UPLOADED,AIP,379044716,/api/v2/location/11a1c5ca-cb7e-448e-9ece-57f671e94057/,b54b/7e28/d7fd/44b8/a180/ccf8/6652/2d54/a32a7bc6-bc21-4f24-a5ff-0f8840fe0a25_B230.03.0023.00015_transfer-b54b7e28-d7fd-44b8-a180-ccf866522d54.7z,"At Home on the Range: Colorado Jewish Cowboys, Cattlemen, and Poultry Growers, 2015"
aaba74a0-0a2f-4db9-9eef-bf5c38da6144,B,UPLOADED,AIP,390544011,/api/v2/location/11a1c5ca-cb7e-448e-9ece-57f671e94057/,aaba/74a0/0a2f/4db9/9eef/bf5c/38da/6144/a32a7bc6-bc21-4f24-a5ff-0f8840fe0a25_B230.03.0023.00022_transfer-aaba74a0-0a2f-4db9-9eef-bf5c38da6144.7z,"Dedicated to Healing: Colorado Jewish Pharmacists, "
96f23839-846d-4ec9-9827-52fee687e45c,B,UPLOADED,AIP,2746396124,/api/v2/location/11a1c5ca-cb7e-448e-9ece-57f671e94057/,96f2/3839/846d/4ec9/9827/52fe/e687/e45c/a32a7bc6-bc21-4f24-a5ff-0f8840fe0a25_B230.03.0023.00021_transfer-96f23839-846d-4ec9-9827-52fee687e45c.7z,"A Legacy of Leadership: Colorado Jewish Women for 150 Years, "
4ead14a6-4978-4393-afdd-08ab0ec4d676,B,UPLOADED,AIP,238574794,/api/v2/location/11a1c5ca-cb7e-448e-9ece-57f671e94057/,4ead/14a6/4978/4393/afdd/08ab/0ec4/d676/a32a7bc6-bc21-4f24-a5ff-0f8840fe0a25_B230.03.0023.00016_transfer-4ead14a6-4978-4393-afdd-08ab0ec4d676.7z,"Striking Liquid Gold: Colorado Jews in the Oil Business, 2016"
69aa0917-af8d-433e-ae36-87b7eaf31909,B,UPLOADED,AIP,207058893,/api/v2/location/11a1c5ca-cb7e-448e-9ece-57f671e94057/,69aa/0917/af8d/433e/ae36/87b7/eaf3/1909/a32a7bc6-bc21-4f24-a5ff-0f8840fe0a25_B230.03.0023.00019_transfer-69aa0917-af8d-433e-ae36-87b7eaf31909.7z,"Jewish Pioneers: Colorado Experience, 2014"
21325ed7-e9b8-4127-803b-fdb5a2e97f5c,B,UPLOADED,AIP,3207904733,/api/v2/location/11a1c5ca-cb7e-448e-9ece-57f671e94057/,2132/5ed7/e9b8/4127/803b/fdb5/a2e9/7f5c/a32a7bc6-bc21-4f24-a5ff-0f8840fe0a25_B230.03.0023.00014_transfer-21325ed7-e9b8-4127-803b-fdb5a2e97f5c.7z,"Small Town Jews: Creating Colorado Communities, 2014"
c1a39030-a853-43af-b486-7ada10d5b062,B,UPLOADED,AIP,182621345,/api/v2/location/11a1c5ca-cb7e-448e-9ece-57f671e94057/,c1a3/9030/a853/43af/b486/7ada/10d5/b062/a32a7bc6-bc21-4f24-a5ff-0f8840fe0a25_B230.03.0023.00017_transfer-c1a39030-a853-43af-b486-7ada10d5b062.7z,"Taking to the Road: Colorado Jews in the Automotive Business, "
7c8f471e-b47b-4a2b-9ea7-b5bf24a1d233,B,UPLOADED,AIP,26937110,/api/v2/location/11a1c5ca-cb7e-448e-9ece-57f671e94057/,7c8f/471e/b47b/4a2b/9ea7/b5bf/24a1/d233/66266aca-3403-49b5-bae6-ac30dc3fe5eb_M123.03.0084.0003.00004_transfer-7c8f471e-b47b-4a2b-9ea7-b5bf24a1d233.7z,Square%20Dancing%20Event%20in%20Front%20of%20Williams%20Stables
191d83fc-bee9-486c-a0e7-52ffe8fa76c8,B,UPLOADED,AIP,28111104,/api/v2/location/11a1c5ca-cb7e-448e-9ece-57f671e94057/,191d/83fc/bee9/486c/a0e7/52ff/e8fa/76c8/66266aca-3403-49b5-bae6-ac30dc3fe5eb_M123.03.0084.0003.00005_transfer-191d83fc-bee9-486c-a0e7-52ffe8fa76c8.7z,Square%20Dancers%20Walking%20down%20Eureka%20Street
6a2f6085-c34b-4240-8acf-2d738db5ab1f,B,UPLOADED,AIP,268456903,/api/v2/location/11a1c5ca-cb7e-448e-9ece-57f671e94057/,6a2f/6085/c34b/4240/8acf/2d73/8db5/ab1f/6ac1df78-ed58-4101-992b-352ece2759fe_couda-bowles_transfer-6a2f6085-c34b-4240-8acf-2d738db5ab1f.7z,Brad%20Bowles%20for%20Colorado%20Reflections
96ebcab4-48b9-40b5-aa85-ede1775bf69c,B,UPLOADED,AIP,267942248,/api/v2/location/11a1c5ca-cb7e-448e-9ece-57f671e94057/,96eb/cab4/48b9/40b5/aa85/ede1/775b/f69c/a32a7bc6-bc21-4f24-a5ff-0f8840fe0a25_B230.03.0023.00023_transfer-96ebcab4-48b9-40b5-aa85-ede1775bf69c.7z,"Opening New Doors: Over a century of Colorado Jewish women in the professions, 2023"
7d2570da-5b4f-47bb-ad9e-2d4ed2a74164,B,UPLOADED,AIP,51928375,/api/v2/location/11a1c5ca-cb7e-448e-9ece-57f671e94057/,7d25/70da/5b4f/47bb/ad9e/2d4e/d2a7/4164/a5efb5d1-0484-429c-95a5-15c12ff40ca0_B002.01.0099.0014_transfer-7d2570da-5b4f-47bb-ad9e-2d4ed2a74164.7z,JCRS%20Patient%20%23592%20Sam%20Schoenberg%2C%20
3e3f6751-ffc3-471d-8a98-4119d2756e20,B,UPLOADED,AIP,1089911875,/api/v2/location/11a1c5ca-cb7e-448e-9ece-57f671e94057/,3e3f/6751/ffc3/471d/8a98/4119/d275/6e20/a5efb5d1-0484-429c-95a5-15c12ff40ca0_B002.01.0099.0038_transfer-3e3f6751-ffc3-471d-8a98-4119d2756e20.7z,JCRS%20Patient%20%23638%20Henry%20Stelnick%2C%20
aa768b7b-4f2e-4ac1-a310-9e855ea20bf1,B,UPLOADED,AIP,1170177571,/api/v2/location/11a1c5ca-cb7e-448e-9ece-57f671e94057/,aa76/8b7b/4f2e/4ac1/a310/9e85/5ea2/0bf1/a5efb5d1-0484-429c-95a5-15c12ff40ca0_B002.01.0099.0039_transfer-aa768b7b-4f2e-4ac1-a310-9e855ea20bf1.7z,JCRS%20Patient%20%23639%20Max%20Zargorsky%2C%20
a6c25ff4-fff9-45e7-ab64-a9b6c2633408,B,UPLOADED,AIP,1311147958,/api/v2/location/11a1c5ca-cb7e-448e-9ece-57f671e94057/,a6c2/5ff4/fff9/45e7/ab64/a9b6/c263/3408/a5efb5d1-0484-429c-95a5-15c12ff40ca0_B002.01.0099.0040_transfer-a6c25ff4-fff9-45e7-ab64-a9b6c2633408.7z,JCRS%20Patient%20%23641%20Simon%20Berger%2C%20
271d33ef-762e-40f6-8038-cfd96e46f3c0,B,UPLOADED,AIP,2146371074,/api/v2/location/11a1c5ca-cb7e-448e-9ece-57f671e94057/,271d/33ef/762e/40f6/8038/cfd9/6e46/f3c0/a5efb5d1-0484-429c-95a5-15c12ff40ca0_B002.01.0099.0041_transfer-271d33ef-762e-40f6-8038-cfd96e46f3c0.7z,JCRS%20Patient%20%23642%20Frank%20M.%20Grossman%2C%20
43694839-fcfe-4abe-8a67-fdb7c3937875,B,UPLOADED,AIP,598457945,/api/v2/location/11a1c5ca-cb7e-448e-9ece-57f671e94057/,4369/4839/fcfe/4abe/8a67/fdb7/c393/7875/a5efb5d1-0484-429c-95a5-15c12ff40ca0_B002.01.0099.0042_transfer-43694839-fcfe-4abe-8a67-fdb7c3937875.7z,JCRS%20Patient%20%23644%20Goldie%20Schwartz%2C%20
4d6194d9-b609-4a9a-bd8c-293cd385f310,B,UPLOADED,AIP,368547148,/api/v2/location/11a1c5ca-cb7e-448e-9ece-57f671e94057/,4d61/94d9/b609/4a9a/bd8c/293c/d385/f310/a5efb5d1-0484-429c-95a5-15c12ff40ca0_B002.01.0099.0043_transfer-4d6194d9-b609-4a9a-bd8c-293cd385f310.7z,JCRS%20Patient%20%23646%20Fanny%20Leibowich%2C%20
f68a05f6-47c0-478e-9e10-7a6e0d46f29d,B,UPLOADED,AIP,439316886,/api/v2/location/11a1c5ca-cb7e-448e-9ece-57f671e94057/,f68a/05f6/47c0/478e/9e10/7a6e/0d46/f29d/a5efb5d1-0484-429c-95a5-15c12ff40ca0_B002.01.0099.0045_transfer-f68a05f6-47c0-478e-9e10-7a6e0d46f29d.7z,JCRS%20Patient%20%23651%20Charles%20Edelstein%2C%20
d2910463-aa02-478c-8bd2-4280db729c68,B,UPLOADED,AIP,587393753,/api/v2/location/11a1c5ca-cb7e-448e-9ece-57f671e94057/,d291/0463/aa02/478c/8bd2/4280/db72/9c68/a5efb5d1-0484-429c-95a5-15c12ff40ca0_B002.01.0099.0046_transfer-d2910463-aa02-478c-8bd2-4280db729c68.7z,JCRS%20Patient%20%23652%20Louis%20Pollock%2C%20
0071ec80-342a-4d16-8eb2-e39250f1a79a,B,UPLOADED,AIP,766611798,/api/v2/location/11a1c5ca-cb7e-448e-9ece-57f671e94057/,0071/ec80/342a/4d16/8eb2/e392/50f1/a79a/a5efb5d1-0484-429c-95a5-15c12ff40ca0_B002.01.0099.0047_transfer-0071ec80-342a-4d16-8eb2-e39250f1a79a.7z,JCRS%20Patient%20%23653%20Hyman%20Licker%2C%20
8f1563cf-c829-45a8-a394-2b113852e42c,B,UPLOADED,AIP,534399211,/api/v2/location/11a1c5ca-cb7e-448e-9ece-57f671e94057/,8f15/63cf/c829/45a8/a394/2b11/3852/e42c/a5efb5d1-0484-429c-95a5-15c12ff40ca0_B002.01.0099.0049_transfer-8f1563cf-c829-45a8-a394-2b113852e42c.7z,JCRS%20Patient%20%23657%20Moritz%20Schwartz%2C%20
f45c1eab-f19e-4a84-a1b8-f5da7e319558,B,UPLOADED,AIP,724982027,/api/v2/location/11a1c5ca-cb7e-448e-9ece-57f671e94057/,f45c/1eab/f19e/4a84/a1b8/f5da/7e31/9558/a5efb5d1-0484-429c-95a5-15c12ff40ca0_B002.01.0099.0050_transfer-f45c1eab-f19e-4a84-a1b8-f5da7e319558.7z,JCRS%20Patient%20%23659%20Louis%20Pikov%2C%20
b92fc425-4cb3-4b1d-a166-ef619274988c,B,UPLOADED,AIP,517780469,/api/v2/location/11a1c5ca-cb7e-448e-9ece-57f671e94057/,b92f/c425/4cb3/4b1d/a166/ef61/9274/988c/a5efb5d1-0484-429c-95a5-15c12ff40ca0_B002.01.0099.0036_transfer-b92fc425-4cb3-4b1d-a166-ef619274988c.7z,JCRS%20Patient%20%23636%20John%20Cogan%2C%20
f15cf5c6-e005-4a12-affc-73712486ab52,B,UPLOADED,AIP,3131590828,/api/v2/location/11a1c5ca-cb7e-448e-9ece-57f671e94057/,f15c/f5c6/e005/4a12/affc/7371/2486/ab52/a5efb5d1-0484-429c-95a5-15c12ff40ca0_B002.01.0099.0044_transfer-f15cf5c6-e005-4a12-affc-73712486ab52.7z,JCRS%20Patient%20%23649%20Joseph%20Mark%2C%20
f1e63352-fdc2-4d9f-b4de-4d2c3b46cd9f,B,UPLOADED,AIP,587393365,/api/v2/location/11a1c5ca-cb7e-448e-9ece-57f671e94057/,f1e6/3352/fdc2/4d9f/b4de/4d2c/3b46/cd9f/a5efb5d1-0484-429c-95a5-15c12ff40ca0_B002.01.0099.0046_transfer-f1e63352-fdc2-4d9f-b4de-4d2c3b46cd9f.7z,JCRS%20Patient%20%23652%20Louis%20Pollock%2C%20
19318eac-e011-4ffc-bf5f-2bdf1c9ffeaa,B,UPLOADED,AIP,965454487,/api/v2/location/11a1c5ca-cb7e-448e-9ece-57f671e94057/,1931/8eac/e011/4ffc/bf5f/2bdf/1c9f/feaa/a5efb5d1-0484-429c-95a5-15c12ff40ca0_B002.01.0099.0048_transfer-19318eac-e011-4ffc-bf5f-2bdf1c9ffeaa.7z,JCRS%20Patient%20%23656%20Samuel%20Marinoff%2C%20
6de8853c-5aee-4baa-87c5-0fe4e2bf0fcd,B,UPLOADED,AIP,1464016197,/api/v2/location/11a1c5ca-cb7e-448e-9ece-57f671e94057/,6de8/853c/5aee/4baa/87c5/0fe4/e2bf/0fcd/a5efb5d1-0484-429c-95a5-15c12ff40ca0_B002.01.0099.0091_transfer-6de8853c-5aee-4baa-87c5-0fe4e2bf0fcd.7z,JCRS%20Patient%20%23724%20Henry%20M.%20Friedland%2C%20
4cda563f-8b02-46be-8831-8e1fc0c62c8e,B,UPLOADED,AIP,742711241,/api/v2/location/11a1c5ca-cb7e-448e-9ece-57f671e94057/,4cda/563f/8b02/46be/8831/8e1f/c0c6/2c8e/a5efb5d1-0484-429c-95a5-15c12ff40ca0_B002.01.0099.0117_transfer-4cda563f-8b02-46be-8831-8e1fc0c62c8e.7z,JCRS%20Patient%20%23757%20J.%20Sklover%2C%20
f7bb72eb-f548-46d4-963b-19798c140a60,B,UPLOADED,AIP,1883157753,/api/v2/location/11a1c5ca-cb7e-448e-9ece-57f671e94057/,f7bb/72eb/f548/46d4/963b/1979/8c14/0a60/a5efb5d1-0484-429c-95a5-15c12ff40ca0_B002.01.0099.0118_transfer-f7bb72eb-f548-46d4-963b-19798c140a60.7z,JCRS%20Patient%20%23758%20Joseph%20Geveltman%2C%20
432e92f7-fe3c-4862-9195-5e7e955416ff,B,UPLOADED,AIP,656560701,/api/v2/location/11a1c5ca-cb7e-448e-9ece-57f671e94057/,432e/92f7/fe3c/4862/9195/5e7e/9554/16ff/a5efb5d1-0484-429c-95a5-15c12ff40ca0_B002.01.0099.0119_transfer-432e92f7-fe3c-4862-9195-5e7e955416ff.7z,JCRS%20Patient%20%23759%20Lena%20Lerner%2C%20
e30b1eba-9302-4fb0-9801-d9080bbde354,B,UPLOADED,AIP,1009187682,/api/v2/location/11a1c5ca-cb7e-448e-9ece-57f671e94057/,e30b/1eba/9302/4fb0/9801/d908/0bbd/e354/a5efb5d1-0484-429c-95a5-15c12ff40ca0_B002.01.0099.0122_transfer-e30b1eba-9302-4fb0-9801-d9080bbde354.7z,JCRS%20Patient%20%23764%20William%20H.%20Holt%2C%20
bc874424-1bab-4f0b-b0f0-16e194d59f1e,B,UPLOADED,AIP,1103747730,/api/v2/location/11a1c5ca-cb7e-448e-9ece-57f671e94057/,bc87/4424/1bab/4f0b/b0f0/16e1/94d5/9f1e/a5efb5d1-0484-429c-95a5-15c12ff40ca0_B002.01.0099.0123_transfer-bc874424-1bab-4f0b-b0f0-16e194d59f1e.7z,JCRS%20Patient%20%23765%20Louis%20Tachner%2C%20
ac3541bb-ad7d-4b2c-ba24-c081969bdce3,B,UPLOADED,AIP,742712405,/api/v2/location/11a1c5ca-cb7e-448e-9ece-57f671e94057/,ac35/41bb/ad7d/4b2c/ba24/c081/969b/dce3/a5efb5d1-0484-429c-95a5-15c12ff40ca0_B002.01.0099.0117_transfer-ac3541bb-ad7d-4b2c-ba24-c081969bdce3.7z,JCRS%20Patient%20%23757%20J.%20Sklover%2C%20
c33f163a-a385-48af-befb-b0441a7ade25,B,UPLOADED,AIP,1883158345,/api/v2/location/11a1c5ca-cb7e-448e-9ece-57f671e94057/,c33f/163a/a385/48af/befb/b044/1a7a/de25/a5efb5d1-0484-429c-95a5-15c12ff40ca0_B002.01.0099.0118_transfer-c33f163a-a385-48af-befb-b0441a7ade25.7z,JCRS%20Patient%20%23758%20Joseph%20Geveltman%2C%20
e285ebda-8b96-48cc-87fc-10dacfc0145f,B,UPLOADED,AIP,656561461,/api/v2/location/11a1c5ca-cb7e-448e-9ece-57f671e94057/,e285/ebda/8b96/48cc/87fc/10da/cfc0/145f/a5efb5d1-0484-429c-95a5-15c12ff40ca0_B002.01.0099.0119_transfer-e285ebda-8b96-48cc-87fc-10dacfc0145f.7z,JCRS%20Patient%20%23759%20Lena%20Lerner%2C%20
6e711f7d-a046-43d9-81f7-357765356b17,B,UPLOADED,AIP,1294080304,/api/v2/location/11a1c5ca-cb7e-448e-9ece-57f671e94057/,6e71/1f7d/a046/43d9/81f7/3577/6535/6b17/a5efb5d1-0484-429c-95a5-15c12ff40ca0_B002.01.0099.0120_transfer-6e711f7d-a046-43d9-81f7-357765356b17.7z,JCRS%20Patient%20%23761%20Joseph%20Hottell%2C%20
a1239d2a-646f-41d3-813b-8fe064df340f,B,UPLOADED,AIP,1037773320,/api/v2/location/11a1c5ca-cb7e-448e-9ece-57f671e94057/,a123/9d2a/646f/41d3/813b/8fe0/64df/340f/a5efb5d1-0484-429c-95a5-15c12ff40ca0_B002.01.0099.0121_transfer-a1239d2a-646f-41d3-813b-8fe064df340f.7z,JCRS%20Patient%20%23762%20Joseph%20Brown%2C%20
b18a4896-8352-49bb-89c6-40f2e2cb5416,B,UPLOADED,AIP,1009188389,/api/v2/location/11a1c5ca-cb7e-448e-9ece-57f671e94057/,b18a/4896/8352/49bb/89c6/40f2/e2cb/5416/a5efb5d1-0484-429c-95a5-15c12ff40ca0_B002.01.0099.0122_transfer-b18a4896-8352-49bb-89c6-40f2e2cb5416.7z,JCRS%20Patient%20%23764%20William%20H.%20Holt%2C%20
15004031-752b-4ace-b74d-49f63255a9af,B,UPLOADED,AIP,1103747961,/api/v2/location/11a1c5ca-cb7e-448e-9ece-57f671e94057/,1500/4031/752b/4ace/b74d/49f6/3255/a9af/a5efb5d1-0484-429c-95a5-15c12ff40ca0_B002.01.0099.0123_transfer-15004031-752b-4ace-b74d-49f63255a9af.7z,JCRS%20Patient%20%23765%20Louis%20Tachner%2C%20
0cbb57be-678c-4506-89e5-b63edb424cfd,B,UPLOADED,AIP,514320061,/api/v2/location/11a1c5ca-cb7e-448e-9ece-57f671e94057/,0cbb/57be/678c/4506/89e5/b63e/db42/4cfd/a5efb5d1-0484-429c-95a5-15c12ff40ca0_B002.01.0099.0124_transfer-0cbb57be-678c-4506-89e5-b63edb424cfd.7z,JCRS%20Patient%20%23767%20George%20Beesch%2C%20
3e731a52-076f-4439-9132-b463be511191,B,UPLOADED,AIP,1510300598,/api/v2/location/11a1c5ca-cb7e-448e-9ece-57f671e94057/,3e73/1a52/076f/4439/9132/b463/be51/1191/a5efb5d1-0484-429c-95a5-15c12ff40ca0_B002.01.0099.0125_transfer-3e731a52-076f-4439-9132-b463be511191.7z,JCRS%20Patient%20%23768%20Jacob%20Cohen%2C%20
b6cca61c-5a1e-4450-8577-25de9aaf351f,B,UPLOADED,AIP,1413281044,/api/v2/location/11a1c5ca-cb7e-448e-9ece-57f671e94057/,b6cc/a61c/5a1e/4450/8577/25de/9aaf/351f/a5efb5d1-0484-429c-95a5-15c12ff40ca0_B002.01.0099.0127_transfer-b6cca61c-5a1e-4450-8577-25de9aaf351f.7z,JCRS%20Patient%20%23770%20Annie%20Goldner%2C%20
8c6976e1-11c8-4889-9685-5f039bbb3d8b,B,UPLOADED,AIP,1294080192,/api/v2/location/11a1c5ca-cb7e-448e-9ece-57f671e94057/,8c69/76e1/11c8/4889/9685/5f03/9bbb/3d8b/a5efb5d1-0484-429c-95a5-15c12ff40ca0_B002.01.0099.0120_transfer-8c6976e1-11c8-4889-9685-5f039bbb3d8b.7z,JCRS%20Patient%20%23761%20Joseph%20Hottell%2C%20
09c7db30-3177-4b92-924f-7cc37d29e08b,B,UPLOADED,AIP,1037770749,/api/v2/location/11a1c5ca-cb7e-448e-9ece-57f671e94057/,09c7/db30/3177/4b92/924f/7cc3/7d29/e08b/a5efb5d1-0484-429c-95a5-15c12ff40ca0_B002.01.0099.0121_transfer-09c7db30-3177-4b92-924f-7cc37d29e08b.7z,JCRS%20Patient%20%23762%20Joseph%20Brown%2C%20
7ae560bb-2935-49f7-b30d-274f997f7fb5,B,UPLOADED,AIP,514319420,/api/v2/location/11a1c5ca-cb7e-448e-9ece-57f671e94057/,7ae5/60bb/2935/49f7/b30d/274f/997f/7fb5/a5efb5d1-0484-429c-95a5-15c12ff40ca0_B002.01.0099.0124_transfer-7ae560bb-2935-49f7-b30d-274f997f7fb5.7z,JCRS%20Patient%20%23767%20George%20Beesch%2C%20
cf2c2bbb-85aa-4810-8e1f-5363dae7ffd9,B,UPLOADED,AIP,1510300059,/api/v2/location/11a1c5ca-cb7e-448e-9ece-57f671e94057/,cf2c/2bbb/85aa/4810/8e1f/5363/dae7/ffd9/a5efb5d1-0484-429c-95a5-15c12ff40ca0_B002.01.0099.0125_transfer-cf2c2bbb-85aa-4810-8e1f-5363dae7ffd9.7z,JCRS%20Patient%20%23768%20Jacob%20Cohen%2C%20
70de927d-2fb2-4f1a-8b34-d718cc42c706,B,UPLOADED,AIP,1413281559,/api/v2/location/11a1c5ca-cb7e-448e-9ece-57f671e94057/,70de/927d/2fb2/4f1a/8b34/d718/cc42/c706/a5efb5d1-0484-429c-95a5-15c12ff40ca0_B002.01.0099.0127_transfer-70de927d-2fb2-4f1a-8b34-d718cc42c706.7z,JCRS%20Patient%20%23770%20Annie%20Goldner%2C%20
05a60bff-9a09-4b67-a2be-7d00cedbe61f,B,UPLOADED,AIP,1136653684,/api/v2/location/11a1c5ca-cb7e-448e-9ece-57f671e94057/,05a6/0bff/9a09/4b67/a2be/7d00/cedb/e61f/a5efb5d1-0484-429c-95a5-15c12ff40ca0_B002.01.0099.0144_transfer-05a60bff-9a09-4b67-a2be-7d00cedbe61f.7z,JCRS%20Patient%20%23792%20David%20Lemport%2C%20
d086a5cc-25a9-4d91-bdf0-bc5e6d2bbc6a,B,UPLOADED,AIP,26937739,/api/v2/location/11a1c5ca-cb7e-448e-9ece-57f671e94057/,d086/a5cc/25a9/4d91/bdf0/bc5e/6d2b/bc6a/66266aca-3403-49b5-bae6-ac30dc3fe5eb_M123.03.0084.0003.00004_transfer-d086a5cc-25a9-4d91-bdf0-bc5e6d2bbc6a.7z,Square%20Dancing%20Event%20in%20Front%20of%20Williams%20Stables
38ee452b-1c6a-41cb-aba3-0508a9d8b995,B,UPLOADED,AIP,26940946,/api/v2/location/11a1c5ca-cb7e-448e-9ece-57f671e94057/,38ee/452b/1c6a/41cb/aba3/0508/a9d8/b995/66266aca-3403-49b5-bae6-ac30dc3fe5eb_M123.03.0084.0003.00004_transfer-38ee452b-1c6a-41cb-aba3-0508a9d8b995.7z,Square%20Dancing%20Event%20in%20Front%20of%20Williams%20Stables
e6289b6b-3cc1-4cbb-b873-0907b525dbb2,A,UPLOADED,AIP,749972650,/api/v2/location/11a1c5ca-cb7e-448e-9ece-57f671e94057/,e628/9b6b/3cc1/4cbb/b873/0907/b525/dbb2/6ac1df78-ed58-4101-992b-352ece2759fe_naropa_bye_shakespeare_class02_part02_transfer-e6289b6b-3cc1-4cbb-b873-0907b525dbb2.7z,
0ac72987-016a-49b4-984b-85e3581040b4,A,UPLOADED,AIP,1055146032,/api/v2/location/11a1c5ca-cb7e-448e-9ece-57f671e94057/,0ac7/2987/016a/49b4/984b/85e3/5810/40b4/a5efb5d1-0484-429c-95a5-15c12ff40ca0_B002.01.0101.0011_transfer-0ac72987-016a-49b4-984b-85e3581040b4.7z,
c8494ece-3adc-49b0-a4c6-fd163f7fcee8,A,UPLOADED,AIP,1450639236,/api/v2/location/11a1c5ca-cb7e-448e-9ece-57f671e94057/,c849/4ece/3adc/49b0/a4c6/fd16/3f7f/cee8/6ac1df78-ed58-4101-992b-352ece2759fe_csuhogan_transfer-c8494ece-3adc-49b0-a4c6-fd163f7fcee8.7z,
fa1c13dc-4e97-4703-9e24-1fa6c79f3fba,A,UPLOADED,AIP,9863824504,/api/v2/location/11a1c5ca-cb7e-448e-9ece-57f671e94057/,fa1c/13dc/4e97/4703/9e24/1fa6/c79f/3fba/5e5cc067-dc7c-422f-aa4c-ffe08d25ae62_D009.02.00026_transfer-fa1c13dc-4e97-4703-9e24-1fa6c79f3fba.7z,
fc1bec28-55ca-4960-84ba-1bf0562fc2a5,A,UPLOADED,AIP,36623528,/api/v2/location/11a1c5ca-cb7e-448e-9ece-57f671e94057/,fc1b/ec28/55ca/4960/84ba/1bf0/562f/c2a5/66266aca-3403-49b5-bae6-ac30dc3fe5eb_M456.02.0005.0017_test_transfer-fc1bec28-55ca-4960-84ba-1bf0562fc2a5.7z,
71b2c507-713c-4aa5-978e-5ba403577722,A,UPLOADED,AIP,28112525,/api/v2/location/11a1c5ca-cb7e-448e-9ece-57f671e94057/,71b2/c507/713c/4aa5/978e/5ba4/0357/7722/66266aca-3403-49b5-bae6-ac30dc3fe5eb_M123.03.0084.0003.00005_test_transfer-71b2c507-713c-4aa5-978e-5ba403577722.7z,
a2a8b830-b05a-42fc-9387-216f24e2bd1c,A,UPLOADED,AIP,26937836,/api/v2/location/11a1c5ca-cb7e-448e-9ece-57f671e94057/,a2a8/b830/b05a/42fc/9387/216f/24e2/bd1c/66266aca-3403-49b5-bae6-ac30dc3fe5eb_M123.03.0084.0003.00004_test_transfer-a2a8b830-b05a-42fc-9387-216f24e2bd1c.7z,
925289bf-ea6b-4fe7-b4a7-f9be28b94c2c,B,UPLOADED,AIP,31876321,/api/v2/location/11a1c5ca-cb7e-448e-9ece-57f671e94057/,9252/89bf/ea6b/4fe7/b4a7/f9be/28b9/4c2c/66266aca-3403-49b5-bae6-ac30dc3fe5eb_M123.03.0084.0003.00003_test_transfer-925289bf-ea6b-4fe7-b4a7-f9be28b94c2c.7z,Square Dancing Event in Front of Williams Stables
b7a40e65-0994-4380-b399-935677a57d1e,A,UPLOADED,AIP,723607701,/api/v2/location/11a1c5ca-cb7e-448e-9ece-57f671e94057/,b7a4/0e65/0994/4380/b399/9356/77a5/7d1e/66266aca-3403-49b5-bae6-ac30dc3fe5eb_B002.01.0101.0139_test_transfer-b7a40e65-0994-4380-b399-935677a57d1e.7z,
fe33c11d-60a5-4265-9339-96ffdb7ff236,A,UPLOADED,AIP,31875844,/api/v2/location/11a1c5ca-cb7e-448e-9ece-57f671e94057/,fe33/c11d/60a5/4265/9339/96ff/db7f/f236/66266aca-3403-49b5-bae6-ac30dc3fe5eb_M123.03.0084.0003.00003_test_transfer-fe33c11d-60a5-4265-9339-96ffdb7ff236.7z,
a69c21ee-8bc5-41b6-b910-50e68051f0f0,B,UPLOADED,AIP,28118333,/api/v2/location/11a1c5ca-cb7e-448e-9ece-57f671e94057/,a69c/21ee/8bc5/41b6/b910/50e6/8051/f0f0/66266aca-3403-49b5-bae6-ac30dc3fe5eb_M123.03.0084.0003.00005_test_transfer-a69c21ee-8bc5-41b6-b910-50e68051f0f0.7z,Square Dancers Walking down Eureka Street
aaab1f7e-509d-411e-a219-c7a06c417cb8,B,UPLOADED,AIP,76697962742,/api/v2/location/11a1c5ca-cb7e-448e-9ece-57f671e94057/,aaab/1f7e/509d/411e/a219/c7a0/6c41/7cb8/5e5cc067-dc7c-422f-aa4c-ffe08d25ae62_D009.22.0007.0036.00001_transfer-aaab1f7e-509d-411e-a219-c7a06c417cb8.7z,"Amy Anderson Oral History, 2023"
963e54d5-ac86-4780-b8da-154cda2abc2b,A,UPLOADED,AIP,1315260851,/api/v2/location/11a1c5ca-cb7e-448e-9ece-57f671e94057/,963e/54d5/ac86/4780/b8da/154c/da2a/bc2b/a5efb5d1-0484-429c-95a5-15c12ff40ca0_B002.01.0102.0025_transfer-963e54d5-ac86-4780-b8da-154cda2abc2b.7z,
8746e867-8d9c-4e3a-9e54-acc600b94379,A,UPLOADED,AIP,1142686,/api/v2/location/11a1c5ca-cb7e-448e-9ece-57f671e94057/,8746/e867/8d9c/4e3a/9e54/acc6/00b9/4379/a5efb5d1-0484-429c-95a5-15c12ff40ca0_B002.16.0202.00001_transfer-8746e867-8d9c-4e3a-9e54-acc600b94379.7z,
b165acf7-1922-4f99-ba35-f4b600e6955e,A,UPLOADED,AIP,28124791,/api/v2/location/11a1c5ca-cb7e-448e-9ece-57f671e94057/,b165/acf7/1922/4f99/ba35/f4b6/00e6/955e/a5efb5d1-0484-429c-95a5-15c12ff40ca0_M123.03.0084.0003.00005_test_transfer-b165acf7-1922-4f99-ba35-f4b600e6955e.7z,
2b2f0e87-3120-472b-9e01-14624d25426a,A,UPLOADED,AIP,36632946,/api/v2/location/11a1c5ca-cb7e-448e-9ece-57f671e94057/,2b2f/0e87/3120/472b/9e01/1462/4d25/426a/a5efb5d1-0484-429c-95a5-15c12ff40ca0_M456.02.0005.0017_test_transfer-2b2f0e87-3120-472b-9e01-14624d25426a.7z,
1a13bdcb-eca0-4d2b-a9e5-d2cb74116f74,A,UPLOADED,AIP,1657117890,/api/v2/location/11a1c5ca-cb7e-448e-9ece-57f671e94057/,1a13/bdcb/eca0/4d2b/a9e5/d2cb/7411/6f74/a5efb5d1-0484-429c-95a5-15c12ff40ca0_B002.01.0104.0003_transfer-1a13bdcb-eca0-4d2b-a9e5-d2cb74116f74.7z,
ce38c776-bdc3-4c65-9fb1-382e729967b8,A,UPLOADED,AIP,1657116410,/api/v2/location/11a1c5ca-cb7e-448e-9ece-57f671e94057/,ce38/c776/bdc3/4c65/9fb1/382e/7299/67b8/a5efb5d1-0484-429c-95a5-15c12ff40ca0_B002.01.0104.0003_transfer-ce38c776-bdc3-4c65-9fb1-382e729967b8.7z,
3e0b0cee-04d3-43a7-b814-74d3a3cb2101,A,UPLOADED,AIP,106209519,/api/v2/location/11a1c5ca-cb7e-448e-9ece-57f671e94057/,3e0b/0cee/04d3/43a7/b814/74d3/a3cb/2101/a5efb5d1-0484-429c-95a5-15c12ff40ca0_B002.01.0104.0040_transfer-3e0b0cee-04d3-43a7-b814-74d3a3cb2101.7z,
7461789c-a4b2-42f1-ac73-55f1c0a5a4d8,A,UPLOADED,AIP,544563069,/api/v2/location/11a1c5ca-cb7e-448e-9ece-57f671e94057/,7461/789c/a4b2/42f1/ac73/55f1/c0a5/a4d8/a5efb5d1-0484-429c-95a5-15c12ff40ca0_B002.01.0104.0050_transfer-7461789c-a4b2-42f1-ac73-55f1c0a5a4d8.7z,
f2336200-a7ad-4ed5-9866-fee61043c2a5,A,UPLOADED,AIP,858962463,/api/v2/location/11a1c5ca-cb7e-448e-9ece-57f671e94057/,f233/6200/a7ad/4ed5/9866/fee6/1043/c2a5/a5efb5d1-0484-429c-95a5-15c12ff40ca0_B002.01.0104.0065_transfer-f2336200-a7ad-4ed5-9866-fee61043c2a5.7z,
a03e2996-6877-4428-80a5-26ecd7a7382d,A,UPLOADED,AIP,1766506686,/api/v2/location/11a1c5ca-cb7e-448e-9ece-57f671e94057/,a03e/2996/6877/4428/80a5/26ec/d7a7/382d/a5efb5d1-0484-429c-95a5-15c12ff40ca0_B002.01.0104.0110_transfer-a03e2996-6877-4428-80a5-26ecd7a7382d.7z,
4071ad69-67de-43a4-a37f-ee37a7c338b8,A,UPLOADED,AIP,1766509015,/api/v2/location/11a1c5ca-cb7e-448e-9ece-57f671e94057/,4071/ad69/67de/43a4/a37f/ee37/a7c3/38b8/a5efb5d1-0484-429c-95a5-15c12ff40ca0_B002.01.0104.0110_transfer-4071ad69-67de-43a4-a37f-ee37a7c338b8.7z,
743da5d1-546b-4247-b024-c806ae3fcaa4,A,UPLOADED,AIP,500364586,/api/v2/location/11a1c5ca-cb7e-448e-9ece-57f671e94057/,743d/a5d1/546b/4247/b024/c806/ae3f/caa4/a5efb5d1-0484-429c-95a5-15c12ff40ca0_B002.01.0104.0111_transfer-743da5d1-546b-4247-b024-c806ae3fcaa4.7z,
81260ca4-6234-420c-b9a3-5538bf30f703,A,UPLOADED,AIP,500364477,/api/v2/location/11a1c5ca-cb7e-448e-9ece-57f671e94057/,8126/0ca4/6234/420c/b9a3/5538/bf30/f703/a5efb5d1-0484-429c-95a5-15c12ff40ca0_B002.01.0104.0111_transfer-81260ca4-6234-420c-b9a3-5538bf30f703.7z,
9a442630-dbff-42d7-ac2c-f58979b324ed,A,UPLOADED,AIP,1305117009,/api/v2/location/11a1c5ca-cb7e-448e-9ece-57f671e94057/,9a44/2630/dbff/42d7/ac2c/f589/79b3/24ed/a5efb5d1-0484-429c-95a5-15c12ff40ca0_B002.01.0104.0113_transfer-9a442630-dbff-42d7-ac2c-f58979b324ed.7z,
4235cece-2f8e-4d1a-ba3d-a0200d461b7d,A,UPLOADED,AIP,300290108,/api/v2/location/11a1c5ca-cb7e-448e-9ece-57f671e94057/,4235/cece/2f8e/4d1a/ba3d/a020/0d46/1b7d/a5efb5d1-0484-429c-95a5-15c12ff40ca0_B002.01.0104.0121_transfer-4235cece-2f8e-4d1a-ba3d-a0200d461b7d.7z,
7860e2bd-5b3b-4d2e-a220-92de940f0e7a,A,UPLOADED,AIP,434029755,/api/v2/location/11a1c5ca-cb7e-448e-9ece-57f671e94057/,7860/e2bd/5b3b/4d2e/a220/92de/940f/0e7a/a5efb5d1-0484-429c-95a5-15c12ff40ca0_B002.01.0104.0143_transfer-7860e2bd-5b3b-4d2e-a220-92de940f0e7a.7z,
cb422a29-853c-4858-8412-f6a66f89116c,A,UPLOADED,AIP,694343721,/api/v2/location/11a1c5ca-cb7e-448e-9ece-57f671e94057/,cb42/2a29/853c/4858/8412/f6a6/6f89/116c/a5efb5d1-0484-429c-95a5-15c12ff40ca0_B002.01.0104.0144_transfer-cb422a29-853c-4858-8412-f6a66f89116c.7z,
f1d9286c-5618-4ab8-968c-ea6c000402c8,A,UPLOADED,AIP,694344402,/api/v2/location/11a1c5ca-cb7e-448e-9ece-57f671e94057/,f1d9/286c/5618/4ab8/968c/ea6c/0004/02c8/a5efb5d1-0484-429c-95a5-15c12ff40ca0_B002.01.0104.0144_transfer-f1d9286c-5618-4ab8-968c-ea6c000402c8.7z,
afcbcd85-23b0-4305-aa7f-c192e1f925f6,A,UPLOADED,AIP,855387118,/api/v2/location/11a1c5ca-cb7e-448e-9ece-57f671e94057/,afcb/cd85/23b0/4305/aa7f/c192/e1f9/25f6/a5efb5d1-0484-429c-95a5-15c12ff40ca0_B002.01.0104.0145_transfer-afcbcd85-23b0-4305-aa7f-c192e1f925f6.7z,
5df84e26-0600-4199-8e05-00b2add44c29,A,UPLOADED,AIP,855387369,/api/v2/location/11a1c5ca-cb7e-448e-9ece-57f671e94057/,5df8/4e26/0600/4199/8e05/00b2/add4/4c29/a5efb5d1-0484-429c-95a5-15c12ff40ca0_B002.01.0104.0145_transfer-5df84e26-0600-4199-8e05-00b2add44c29.7z,
f19bbea4-3524-434c-9b2a-0e4b427d151b,A,UPLOADED,AIP,175518816,/api/v2/location/11a1c5ca-cb7e-448e-9ece-57f671e94057/,f19b/bea4/3524/434c/9b2a/0e4b/427d/151b/6ac1df78-ed58-4101-992b-352ece2759fe_bpl-hallgren_transfer-f19bbea4-3524-434c-9b2a-0e4b427d151b.7z,
f0240d76-1c73-41d9-b6ff-bee58f65c379,A,UPLOADED,AIP,265968825,/api/v2/location/11a1c5ca-cb7e-448e-9ece-57f671e94057/,f024/0d76/1c73/41d9/b6ff/bee5/8f65/c379/a5efb5d1-0484-429c-95a5-15c12ff40ca0_B002.01.0101.0127_transfer-f0240d76-1c73-41d9-b6ff-bee58f65c379.7z,
7f7380a8-d62c-4966-888c-a2a445316855,A,UPLOADED,AIP,1261146049,/api/v2/location/11a1c5ca-cb7e-448e-9ece-57f671e94057/,7f73/80a8/d62c/4966/888c/a2a4/4531/6855/a5efb5d1-0484-429c-95a5-15c12ff40ca0_B002.01.0102.0001_transfer-7f7380a8-d62c-4966-888c-a2a445316855.7z,
a168e82c-5f4f-4916-aee6-e7223d5fe84d,A,UPLOADED,AIP,277230075,/api/v2/location/11a1c5ca-cb7e-448e-9ece-57f671e94057/,a168/e82c/5f4f/4916/aee6/e722/3d5f/e84d/a5efb5d1-0484-429c-95a5-15c12ff40ca0_B002.01.0102.0016_transfer-a168e82c-5f4f-4916-aee6-e7223d5fe84d.7z,
fdecf3d5-4132-4b29-bf2d-31281b6d0060,A,UPLOADED,AIP,2671642,/api/v2/location/11a1c5ca-cb7e-448e-9ece-57f671e94057/,fdec/f3d5/4132/4b29/bf2d/3128/1b6d/0060/a5efb5d1-0484-429c-95a5-15c12ff40ca0_B002.04.0215.0174.00001_transfer-fdecf3d5-4132-4b29-bf2d-31281b6d0060.7z,
255b5e74-0ac8-4edd-83ad-9d25c2b7bf3b,A,UPLOADED,AIP,5338523,/api/v2/location/11a1c5ca-cb7e-448e-9ece-57f671e94057/,255b/5e74/0ac8/4edd/83ad/9d25/c2b7/bf3b/a5efb5d1-0484-429c-95a5-15c12ff40ca0_B002.04.0215.0174.00001_transfer-255b5e74-0ac8-4edd-83ad-9d25c2b7bf3b.7z,
829aaa41-0e46-433b-bfbc-e6f84d84478b,A,UPLOADED,AIP,6732676998,/api/v2/location/11a1c5ca-cb7e-448e-9ece-57f671e94057/,829a/aa41/0e46/433b/bfbc/e6f8/4d84/478b/3731a953-c997-4712-8913-38c26154116e_B463.01.0001.0002.0002_transfer-829aaa41-0e46-433b-bfbc-e6f84d84478b.7z,
d1911482-b97c-4639-a050-674dbf51df3b,A,UPLOADED,AIP,6732676622,/api/v2/location/11a1c5ca-cb7e-448e-9ece-57f671e94057/,d191/1482/b97c/4639/a050/674d/bf51/df3b/3731a953-c997-4712-8913-38c26154116e_B463.01.0001.0002.0002_transfer-d1911482-b97c-4639-a050-674dbf51df3b.7z,
84b3dbad-d6be-4041-a033-6b03400c8b37,A,UPLOADED,AIP,8444043569,/api/v2/location/11a1c5ca-cb7e-448e-9ece-57f671e94057/,84b3/dbad/d6be/4041/a033/6b03/400c/8b37/3731a953-c997-4712-8913-38c26154116e_B463.01.0001.0003.0002_transfer-84b3dbad-d6be-4041-a033-6b03400c8b37.7z,
405f18d7-61bb-45e5-8a9c-16641e9539e4,A,UPLOADED,AIP,46881321,/api/v2/location/11a1c5ca-cb7e-448e-9ece-57f671e94057/,405f/18d7/61bb/45e5/8a9c/1664/1e95/39e4/49986393-2f99-4c20-aebe-3a6d4c9b61f0_U219.03.0005.0006.00001_transfer-405f18d7-61bb-45e5-8a9c-16641e9539e4.7z,
58cc4c6f-ebf3-4777-bff1-a69674f3bff5,A,UPLOADED,AIP,16926445,/api/v2/location/11a1c5ca-cb7e-448e-9ece-57f671e94057/,58cc/4c6f/ebf3/4777/bff1/a696/74f3/bff5/49986393-2f99-4c20-aebe-3a6d4c9b61f0_U219.03.0004.0020.00005_transfer-58cc4c6f-ebf3-4777-bff1-a69674f3bff5.7z,
5f013c84-5f8b-4918-8ac7-4ad33e41f2f8,A,UPLOADED,AIP,33310101,/api/v2/location/11a1c5ca-cb7e-448e-9ece-57f671e94057/,5f01/3c84/5f8b/4918/8ac7/4ad3/3e41/f2f8/49986393-2f99-4c20-aebe-3a6d4c9b61f0_U219.03.0004.0005.00010_transfer-5f013c84-5f8b-4918-8ac7-4ad33e41f2f8.7z,
a0fc267e-84cc-4527-b709-1134e12e76b4,A,UPLOADED,AIP,13986871,/api/v2/location/11a1c5ca-cb7e-448e-9ece-57f671e94057/,a0fc/267e/84cc/4527/b709/1134/e12e/76b4/49986393-2f99-4c20-aebe-3a6d4c9b61f0_U219.03.0003.0018.00006_transfer-a0fc267e-84cc-4527-b709-1134e12e76b4.7z,
f1f12962-d7a6-48c1-b575-42280c5075b4,A,UPLOADED,AIP,16317004,/api/v2/location/11a1c5ca-cb7e-448e-9ece-57f671e94057/,f1f1/2962/d7a6/48c1/b575/4228/0c50/75b4/49986393-2f99-4c20-aebe-3a6d4c9b61f0_U219.03.0003.0007.00006_transfer-f1f12962-d7a6-48c1-b575-42280c5075b4.7z,
83e2eb69-c34e-42e9-9f09-a01f01eaee77,A,UPLOADED,AIP,13984838,/api/v2/location/11a1c5ca-cb7e-448e-9ece-57f671e94057/,83e2/eb69/c34e/42e9/9f09/a01f/01ea/ee77/49986393-2f99-4c20-aebe-3a6d4c9b61f0_U219.03.0003.0018.00006_transfer-83e2eb69-c34e-42e9-9f09-a01f01eaee77.7z,
e3d7d50a-ee2b-4200-9462-5bae6abd3b32,A,UPLOADED,AIP,33308604,/api/v2/location/11a1c5ca-cb7e-448e-9ece-57f671e94057/,e3d7/d50a/ee2b/4200/9462/5bae/6abd/3b32/49986393-2f99-4c20-aebe-3a6d4c9b61f0_U219.03.0004.0005.00010_transfer-e3d7d50a-ee2b-4200-9462-5bae6abd3b32.7z,
526a95a5-b459-4d9c-a5e5-a8dbe0bf2111,A,UPLOADED,AIP,16318052,/api/v2/location/11a1c5ca-cb7e-448e-9ece-57f671e94057/,526a/95a5/b459/4d9c/a5e5/a8db/e0bf/2111/49986393-2f99-4c20-aebe-3a6d4c9b61f0_U219.03.0003.0007.00006_transfer-526a95a5-b459-4d9c-a5e5-a8dbe0bf2111.7z,
4c8bb502-15a3-4dbf-ba9d-12c2f501dbae,A,UPLOADED,AIP,16315651,/api/v2/location/11a1c5ca-cb7e-448e-9ece-57f671e94057/,4c8b/b502/15a3/4dbf/ba9d/12c2/f501/dbae/49986393-2f99-4c20-aebe-3a6d4c9b61f0_U219.03.0003.0007.00006_transfer-4c8bb502-15a3-4dbf-ba9d-12c2f501dbae.7z,
31a36ec1-ff01-4b34-a1d6-c3362d97f703,A,UPLOADED,AIP,33308212,/api/v2/location/11a1c5ca-cb7e-448e-9ece-57f671e94057/,31a3/6ec1/ff01/4b34/a1d6/c336/2d97/f703/49986393-2f99-4c20-aebe-3a6d4c9b61f0_U219.03.0004.0005.00010_transfer-31a36ec1-ff01-4b34-a1d6-c3362d97f703.7z,
ebaba2ab-3404-487e-90ab-8d565b14896d,A,UPLOADED,AIP,16927003,/api/v2/location/11a1c5ca-cb7e-448e-9ece-57f671e94057/,ebab/a2ab/3404/487e/90ab/8d56/5b14/896d/49986393-2f99-4c20-aebe-3a6d4c9b61f0_U219.03.0004.0020.00005_transfer-ebaba2ab-3404-487e-90ab-8d565b14896d.7z,
